<?xml version='1.0' encoding='utf-8'?>
<song xmlns="http://openlyrics.info/namespace/2009/song" version="0.8" createdIn="OpenLP 2.0.3" modifiedIn="OpenLP 2.0.3" modifiedDate="2013-09-21T14:49:00">
  <properties>
    <titles>
      <title>HNC 284 - Obediência</title>
    </titles>
    <verseOrder>v1 c1 v2 c1 v3 c2</verseOrder>
    <authors>
      <author>Hinário Novo Cântico</author>
    </authors>
    <songbooks>
      <songbook name="Hinário Novo Cântico" entry="284"/>
    </songbooks>
  </properties>
  <format>
    <tags application="OpenLP">
      <tag name="it">
        <open>&lt;em&gt;</open>
        <close>&lt;/em&gt;</close>
      </tag>
    </tags>
  </format>
  <lyrics>
    <verse name="v1">
      <lines>Nem sempre será para onde eu quiser<br/>Que o Mestre me quer enviar!<br/>É grande a Seara a embranquecer,<br/>Em que eu deverei trabalhar.<br/>Se, pois, a caminhos que nunca segui,<br/>Uma voz a chamar-me eu ouvir,<br/>Direi: Meu Senhor, confiado em Ti,<br/>Estou pronto ao Teu mando seguir.</lines>
    </verse>
    <verse name="v2">
      <lines>Palavras terás de amor e perdão<br/>Que aos outros eu deva levar.<br/>No triste caminho do vício, estão,<br/>Perdidos que eu deva ir buscar.<br/>Senhor, se a Tua presença real<br/>Meu trabalho há de fortalecer,<br/>Darei a mensagem, bem firme e leal!<br/>Estou pronto a cumprir teu querer.</lines>
    </verse>
    <verse name="v3">
      <lines>Um canto modesto eu quero encontrar<br/>Na Seara do meu bom Senhor.<br/>Enquanto for vivo eu vou trabalhar<br/>Em prova do meu grande amor.<br/>De Ti meu sustento só dependerá,<br/>E de tudo me hás de prover!<br/>A tua vontade a minha será,<br/>Estou pronto a votar-te meu ser.</lines>
    </verse>
    <verse name="c1">
      <lines>
        <tag name="it">Estou pronto a fazer o que queres, Senhor,<br/>Confiado no Teu poder!<br/>Estou pronto a dizer o que queres, Senhor,<br/>Sempre a Ti pronto a obedecer!</tag>
      </lines>
    </verse>
    <verse name="c2">
      <lines>
        <tag name="it">Estou pronto a fazer o que queres, Senhor,<br/>Confiado no Teu poder!<br/>Estou pronto a dizer o que queres, Senhor,<br/>Sempre a Ti pronto a obedecer!<br/>Amém.</tag>
      </lines>
    </verse>
  </lyrics>
</song>
