<?xml version='1.0' encoding='utf-8'?>
<song xmlns="http://openlyrics.info/namespace/2009/song" version="0.8" createdIn="OpenLP 2.0.5" modifiedIn="OpenLP 2.0.5" modifiedDate="2014-09-08T21:14:25">
  <properties>
    <titles>
      <title>HNC 379 - Petição pela Pátria</title>
    </titles>
    <verseOrder>v1 c1 v2 c1</verseOrder>
    <authors>
      <author>Hinário Novo Cântico</author>
    </authors>
    <songbooks>
      <songbook name="Hinário Novo Cântico" entry="379"/>
    </songbooks>
  </properties>
  <format>
    <tags application="OpenLP">
      <tag name="it">
        <open>&lt;em&gt;</open>
        <close>&lt;/em&gt;</close>
      </tag>
    </tags>
  </format>
  <lyrics>
    <verse name="v1">
      <lines>Minha Pátria para Cristo!<br/>Eis a minha petição.<br/>Minha Pátria Tão Querida,<br/>Eu te dei meu coração.<br/>Lar prezado, lar formoso.<br/>É por ti o meu amor;<br/>Que meu Deus de Excelsa graça<br/>Te conceda seu favor.</lines>
    </verse>
    <verse name="v2">
      <lines>Quero, pois, com alegria<br/>Ver feliz a mãe gentil,<br/>Por vencer o Evangelho<br/>Nesta terra do Brasil.<br/>Brava gente brasileira,<br/>Longe vá temor servil:<br/>Ou fica a Pátria salva,<br/>Ou morrer pelo Brasil.</lines>
    </verse>
    <verse name="c1">
      <lines>
        <tag name="it">Salve Deus a minha Pátria,<br/>Minha Pátria varonil!<br/>Salve Deus a minha terra,<br/>Essa terra do Brasil!</tag>
      </lines>
    </verse>
  </lyrics>
</song>
