<?xml version='1.0' encoding='utf-8'?>
<song xmlns="http://openlyrics.info/namespace/2009/song" version="0.8" createdIn="OpenLP 2.0.3" modifiedIn="OpenLP 2.0.3" modifiedDate="2013-09-21T14:48:52">
  <properties>
    <titles>
      <title>HNC 113 - Achei um Bom Amigo</title>
    </titles>
    <verseOrder>v1 c1 v2 c1 v3 c1</verseOrder>
    <authors>
      <author>Hinário Novo Cântico</author>
    </authors>
    <songbooks>
      <songbook name="Hinário Novo Cântico" entry="113"/>
    </songbooks>
  </properties>
  <format>
    <tags application="OpenLP">
      <tag name="it">
        <open>&lt;em&gt;</open>
        <close>&lt;/em&gt;</close>
      </tag>
    </tags>
  </format>
  <lyrics>
    <verse name="v1">
      <lines>Achei um bom amigo, Jesus, o Salvador,<br/>Dos milhares o escolhido para mim.<br/>Ele é a Luz do mundo, o forte Mediador,<br/>Que me purifica e guarda até ao fim!<br/>Consolador amado, meu protetor do mal,<br/>Ele pode dar alívio ao meu pesar.</lines>
    </verse>
    <verse name="v2">
      <lines>Levou-me as dores todas, as mágoas lhe entreguei.<br/>Nele tenho firme abrigo em tentação!<br/>Deixei por ele tudo, os ídolos queimei!<br/>Ele fez-me puro e santo o coração!<br/>Que o mundo me abandone, persiga o tentador,<br/>Meu Jesus me guarda até da vida ao fim.</lines>
    </verse>
    <verse name="v3">
      <lines>Jamais me desampara, nem me abandonará,<br/>Se fiel e obediente aqui viver!<br/>Está sempre a meu lado, e me protegerá,<br/>Até quando face a face o possa ver!<br/>Então aos céus subindo, na glória eu me verei<br/>Com Jesus, meu Salvador, morando, enfim.</lines>
    </verse>
    <verse name="c1">
      <lines>
        <tag name="it">Ele é a Luz do mundo, a Estrela da Manhã,<br/>Dos milhares, o escolhido para mim.</tag>
      </lines>
    </verse>
  </lyrics>
</song>
