<?xml version='1.0' encoding='utf-8'?>
<song xmlns="http://openlyrics.info/namespace/2009/song" version="0.8" createdIn="OpenLP 2.0.3" modifiedIn="OpenLP 2.0.3" modifiedDate="2013-12-24T17:20:51">
  <properties>
    <titles>
      <title>HNC 360 - Pequena Luz</title>
    </titles>
    <authors>
      <author>Hinário Novo Cântico</author>
    </authors>
    <songbooks>
      <songbook name="Hinário Novo Cântico" entry="360"/>
    </songbooks>
  </properties>
  <lyrics>
    <verse name="v1">
      <lines>No mundo, pequenina luz<br/>De Deus eu quero ser,<br/>A refletir, do meu Jesus,<br/>Seu brilho, seu poder.</lines>
    </verse>
    <verse name="v2">
      <lines>Em casa, pequenina flor,<br/>Que aos pais possa alegrar,<br/>E do celestial Cultor<br/>O aroma exalar.</lines>
    </verse>
    <verse name="v3">
      <lines>Na escola, pequenina mão<br/>Que aceite com prazer<br/>O farto, nutritivo pão,<br/>Da ciência e do saber.</lines>
    </verse>
    <verse name="v4">
      <lines>Na Igreja, pequenina voz<br/>Que louve ao Salvador,<br/>E nunca, ao fim da vida até,<br/>Me afaste do Senhor!</lines>
    </verse>
  </lyrics>
</song>
