<?xml version='1.0' encoding='utf-8'?>
<song xmlns="http://openlyrics.info/namespace/2009/song" version="0.8" createdIn="OpenLP 2.0.3" modifiedIn="OpenLP 2.0.3" modifiedDate="2013-09-21T14:48:50">
  <properties>
    <titles>
      <title>HNC 044 - Louvores ao Senhor</title>
    </titles>
    <authors>
      <author>Hinário Novo Cântico</author>
    </authors>
    <songbooks>
      <songbook name="Hinário Novo Cântico" entry="44"/>
    </songbooks>
  </properties>
  <lyrics>
    <verse name="v1">
      <lines>Louvemos ao Senhor, ao Pai da eternidade,<br/>Que mostra tanto amor à pobre humanidade!<br/>Seu Filho aqui sofreu por nossa redenção<br/>E com o Pai nos deu bendita comunhão!</lines>
    </verse>
  </lyrics>
</song>
