<?xml version='1.0' encoding='utf-8'?>
<song xmlns="http://openlyrics.info/namespace/2009/song" version="0.8" createdIn="OpenLP 2.0.3" modifiedIn="OpenLP 2.0.3" modifiedDate="2013-09-21T14:48:52">
  <properties>
    <titles>
      <title>HNC 093 - Firmeza na Fé</title>
    </titles>
    <verseOrder>v1 c1 v2 c1 v3 c1 v4 c1</verseOrder>
    <authors>
      <author>Hinário Novo Cântico</author>
    </authors>
    <songbooks>
      <songbook name="Hinário Novo Cântico" entry="93"/>
    </songbooks>
  </properties>
  <format>
    <tags application="OpenLP">
      <tag name="it">
        <open>&lt;em&gt;</open>
        <close>&lt;/em&gt;</close>
      </tag>
    </tags>
  </format>
  <lyrics>
    <verse name="v1">
      <lines>Somente ponho a minha fé<br/>Na graça excelsa de Jesus,<br/>No sacrifício remidor,<br/>No sangue do bom Redentor.</lines>
    </verse>
    <verse name="v2">
      <lines>Se não lhe posso a face ver,<br/>É pela fé que vou viver;<br/>Em cada transe a suportar<br/>Eu hei de nele confiar.</lines>
    </verse>
    <verse name="v3">
      <lines>A sua graça é mui real,<br/>Abrigo traz no temporal;<br/>Ao vir cercar-me a tentação,<br/>Me fortalece sua mão.</lines>
    </verse>
    <verse name="v4">
      <lines>Quando a trombeta ressoar,<br/>Irei com ele me encontrar;<br/>E com os salvos cantarei<br/>Louvor eterno ao grande Rei!</lines>
    </verse>
    <verse name="c1">
      <lines>
        <tag name="it">A minha fé e o meu amor<br/>Estão firmados no Senhor,<br/>Estão firmados no Senhor.</tag>
      </lines>
    </verse>
  </lyrics>
</song>
