<?xml version='1.0' encoding='utf-8'?>
<song xmlns="http://openlyrics.info/namespace/2009/song" version="0.8" createdIn="OpenLP 2.0.3" modifiedIn="OpenLP 2.0.3" modifiedDate="2013-12-24T20:30:46">
  <properties>
    <titles>
      <title>HNC 339 - Dia Feliz</title>
    </titles>
    <verseOrder>v1 c1 v2 c1 v3 c1</verseOrder>
    <authors>
      <author>Hinário Novo Cântico</author>
    </authors>
    <songbooks>
      <songbook name="Hinário Novo Cântico" entry="339"/>
    </songbooks>
  </properties>
  <format>
    <tags application="OpenLP">
      <tag name="it">
        <open>&lt;em&gt;</open>
        <close>&lt;/em&gt;</close>
      </tag>
    </tags>
  </format>
  <lyrics>
    <verse name="v1">
      <lines>Oh! Dia alegre em que aceitei<br/>Jesus e nele a salvação!<br/>O gozo deste coração<br/>Eu mais e mais publicarei.</lines>
    </verse>
    <verse name="v2">
      <lines>Completa a grande expiação,<br/>Pertenço agora ao meu Senhor!<br/>Chamou-me a voz do seu amor<br/>E nele achei real perdão!</lines>
    </verse>
    <verse name="v3">
      <lines>Meu sacro voto, ó Salvador,<br/>De dia em dia afirmarei!<br/>E além da morte exultarei,<br/>Louvando sempre a ti, Senhor.</lines>
    </verse>
    <verse name="c1">
      <lines>
        <tag name="it">Oh! Feliz, bem feliz,<br/>O dia em que me converti!<br/>Jesus me ensina a vigiar<br/>E, confiado nele, a orar!<br/>Oh! Feliz, bem feliz,<br/>O dia em que me converti!</tag>
      </lines>
    </verse>
  </lyrics>
</song>
