<?xml version='1.0' encoding='utf-8'?>
<song xmlns="http://openlyrics.info/namespace/2009/song" version="0.8" createdIn="OpenLP 2.0.3" modifiedIn="OpenLP 2.0.3" modifiedDate="2013-09-21T14:48:54">
  <properties>
    <titles>
      <title>HNC 149 - Verdadeira Bênção</title>
    </titles>
    <verseOrder>v1 c1 v2 c1 v3 c1 v4 c1</verseOrder>
    <authors>
      <author>Hinário Novo Cântico</author>
    </authors>
    <songbooks>
      <songbook name="Hinário Novo Cântico" entry="149"/>
    </songbooks>
  </properties>
  <format>
    <tags application="OpenLP">
      <tag name="it">
        <open>&lt;em&gt;</open>
        <close>&lt;/em&gt;</close>
      </tag>
    </tags>
  </format>
  <lyrics>
    <verse name="v1">
      <lines>Eu confio em meu Jesus<br/>E seguro estou!<br/>Pois, morrendo sobre a cruz,<br/>Ele me salvou.</lines>
    </verse>
    <verse name="v2">
      <lines>Veio, assim, o bom Senhor<br/>Salvação trazer<br/>A tão pobre pecador,<br/>Pelo seu poder.</lines>
    </verse>
    <verse name="v3">
      <lines>Verdadeira redenção<br/>Tenho em meu Jesus!<br/>Plena paz, consolação,<br/>Vêm de sua cruz.</lines>
    </verse>
    <verse name="v4">
      <lines>Lá nos céus eu viverei<br/>Com o Salvador;<br/>Plenamente fruirei<br/>Do seu grande amor.</lines>
    </verse>
    <verse name="c1">
      <lines>
        <tag name="it">Cristo me salvou<br/>E me transformou!<br/>Por sua morte sobre a cruz<br/>Nos deu vida eterna e luz.</tag>
      </lines>
    </verse>
  </lyrics>
</song>
