<?xml version='1.0' encoding='utf-8'?>
<song xmlns="http://openlyrics.info/namespace/2009/song" version="0.8" createdIn="OpenLP 2.0.3" modifiedIn="OpenLP 2.0.3" modifiedDate="2013-09-21T14:48:55">
  <properties>
    <titles>
      <title>HNC 160 - Cristo é Tudo</title>
    </titles>
    <authors>
      <author>Hinário Novo Cântico</author>
    </authors>
    <songbooks>
      <songbook name="Hinário Novo Cântico" entry="160"/>
    </songbooks>
  </properties>
  <lyrics>
    <verse name="v1">
      <lines>Nome algum, no céu, na terra,<br/>Se compara ao de Jesus<br/>Ele sobre tudo reina,<br/>Ele é minha eterna luz.</lines>
    </verse>
    <verse name="v2">
      <lines>Minhas dores ele sofre,<br/>Sara o enfermo coração.<br/>Seu amor me dá alívio<br/>Na tristeza e na aflição.</lines>
    </verse>
    <verse name="v3">
      <lines>É Jesus o meu tesouro,<br/>Nele encontro todo o bem.<br/>Valem mais que o mundo inteiro<br/>As riquezas que ele tem.</lines>
    </verse>
    <verse name="v4">
      <lines>É Jesus meu alimento,<br/>O meu Pão celestial.<br/>Do mais vero e santo gozo<br/>Ele é meu manancial.</lines>
    </verse>
    <verse name="v5">
      <lines>Infinita é sua graça,<br/>Impossível de sondar!<br/>Com os santos e anjos quero<br/>A Jesus louvores dar.</lines>
    </verse>
  </lyrics>
</song>
