<?xml version='1.0' encoding='utf-8'?>
<song xmlns="http://openlyrics.info/namespace/2009/song" version="0.8" createdIn="OpenLP 2.0.3" modifiedIn="OpenLP 2.0.3" modifiedDate="2013-09-21T14:48:52">
  <properties>
    <titles>
      <title>HNC 090 - Amor Insondável</title>
    </titles>
    <authors>
      <author>Hinário Novo Cântico</author>
    </authors>
    <songbooks>
      <songbook name="Hinário Novo Cântico" entry="90"/>
    </songbooks>
  </properties>
  <lyrics>
    <verse name="v1">
      <lines>Quão insondável é o amor<br/>Do onipotente Criador,<br/>O santo e eterno Deus!<br/>Os pecadores quis salvar,<br/>No Filho amado aqui buscar<br/>Um povo para os céus.</lines>
    </verse>
    <verse name="v2">
      <lines>Inexaurível esse amor,<br/>Intraduzível o favor<br/>De Cristo, o Rei Jesus.<br/>Os desvalidos acudiu,<br/>Os transviados atraiu<br/>À sua santa luz.</lines>
    </verse>
    <verse name="v3">
      <lines>Quão puro e santo o imenso amor<br/>Que Deus, ao mundo pecador,<br/>Em Cristo revelou!<br/>Com fé meu pobre coração<br/>Recebe a plena redenção<br/>Que nele me outorgou.</lines>
    </verse>
    <verse name="v4">
      <lines>Ó Deus, quão pobre e frio amor,<br/>Quão inconstante seguidor<br/>Descobrirás em mim! Aviva-me<br/>Com teu poder, pois quero te obedecer<br/>E amar-te até ao fim! Amém.</lines>
    </verse>
  </lyrics>
</song>
