<?xml version='1.0' encoding='utf-8'?>
<song xmlns="http://openlyrics.info/namespace/2009/song" version="0.8" createdIn="OpenLP 2.0.3" modifiedIn="OpenLP 2.0.3" modifiedDate="2013-09-21T14:48:52">
  <properties>
    <titles>
      <title>HNC 102 - O Céu com Cristo</title>
    </titles>
    <verseOrder>v1 c1 v2 c1 v3 c1</verseOrder>
    <authors>
      <author>Hinário Novo Cântico</author>
    </authors>
    <songbooks>
      <songbook name="Hinário Novo Cântico" entry="102"/>
    </songbooks>
  </properties>
  <format>
    <tags application="OpenLP">
      <tag name="it">
        <open>&lt;em&gt;</open>
        <close>&lt;/em&gt;</close>
      </tag>
    </tags>
  </format>
  <lyrics>
    <verse name="v1">
      <lines>Depois que Cristo me salvou,<br/>Em Céu o mundo se tornou;<br/>Até no meio do sofrer<br/>Eu tenho paz no meu viver.</lines>
    </verse>
    <verse name="v2">
      <lines>Mui longe eu via outrora o Céu;<br/>Mas quando Cristo me valeu,<br/>Então senti meu coração<br/>Entrar no Céu da retidão.</lines>
    </verse>
    <verse name="v3">
      <lines>Bem pouco importa eu habitar<br/>Em alto monte, à beira-mar,<br/>Em casa ou gruta, boa ou ruim,<br/>É Céu ali, com Cristo em mim.</lines>
    </verse>
    <verse name="c1">
      <lines>
        <tag name="it">Oh! Aleluia! Sim, é Céu.<br/>É Céu fruir perdão aqui!<br/>Na terra ou mar, por onde for,<br/>Com o Senhor é Céu ali.</tag>
      </lines>
    </verse>
  </lyrics>
</song>
