<?xml version='1.0' encoding='utf-8'?>
<song xmlns="http://openlyrics.info/namespace/2009/song" version="0.8" createdIn="OpenLP 2.0.3" modifiedIn="OpenLP 2.0.3" modifiedDate="2013-09-21T14:48:56">
  <properties>
    <titles>
      <title>HNC 186 - O Lar do Céu</title>
    </titles>
    <verseOrder>v1 c1 v2 c1 v3 c1 v4 c1</verseOrder>
    <authors>
      <author>Hinário Novo Cântico</author>
    </authors>
    <songbooks>
      <songbook name="Hinário Novo Cântico" entry="186"/>
    </songbooks>
  </properties>
  <format>
    <tags application="OpenLP">
      <tag name="it">
        <open>&lt;em&gt;</open>
        <close>&lt;/em&gt;</close>
      </tag>
    </tags>
  </format>
  <lyrics>
    <verse name="v1">
      <lines>Oh! Pensai nesse lar lá do céu,<br/>Nas gloriosas moradas de luz,<br/>Onde os crentes, felizes,desfrutam<br/>Da presença de Cristo Jesus.</lines>
    </verse>
    <verse name="v2">
      <lines>Oh! Pensai nos amigos no céu,<br/>Que venceram a luta afinal,<br/>E os cantos que sempre ressoam<br/>Na harmonia do lar eterna.</lines>
    </verse>
    <verse name="v3">
      <lines>Hei de ver, lá no céu, meu Jesus,<br/>Face a face seu rosto mirar!<br/>E bem longe cuidados, tristezas,<br/>Para sempre com ele habitar.</lines>
    </verse>
    <verse name="v4">
      <lines>Sem demora no céu estarei;<br/>Vejo o fim da jornada chegar.<br/>Meu bondoso Jesus lá me espera<br/>Para as bênçãos eternas me dar.</lines>
    </verse>
    <verse name="c1">
      <lines>
        <tag name="it">Oh! Pensai! Oh! Pensai!<br/>Oh! Pensai nesse lar lá do céu,<br/>Lá do céu, lá do céu, lá do céu!<br/>Oh! Pensai nesse lar lá do céu!</tag>
      </lines>
    </verse>
  </lyrics>
</song>
