<?xml version='1.0' encoding='utf-8'?>
<song xmlns="http://openlyrics.info/namespace/2009/song" version="0.8" createdIn="OpenLP 2.0.3" modifiedIn="OpenLP 2.0.3" modifiedDate="2013-09-21T14:49:01">
  <properties>
    <titles>
      <title>HNC 314 - Diligência</title>
    </titles>
    <authors>
      <author>Hinário Novo Cântico</author>
    </authors>
    <songbooks>
      <songbook name="Hinário Novo Cântico" entry="314"/>
    </songbooks>
  </properties>
  <lyrics>
    <verse name="v1">
      <lines>Ouve! A voz divina clama:<br/>“Quem desejas trabalhar?”<br/>Vastos campos nos convidam,<br/>Hoje entremos a ceifar!<br/>Incessante o Mestre apela,<br/>Chama obreiros para si.<br/>Quem responderá, dizendo:<br/>“Manda-me, estou pronto aqui?”</lines>
    </verse>
    <verse name="v2">
      <lines>Corre! Aponta aos pecadores<br/>O benigno Salvador!<br/>Vai! Conduze os cordeirinhos<br/>Ao regaço do Pastor!<br/>Leva às almas doloridas<br/>Novas de consolação!<br/>Vai! Proclama a todo o mundo:<br/>“Em Jesus há salvação.”</lines>
    </verse>
    <verse name="v3">
      <lines>Oh! Não digas, ocioso:<br/>“Eu não tenho o que fazer!”<br/>Eis os povos que padecem,<br/>Multidões a perecer!<br/>Olha o Mestre a convocar-te,<br/>Ouve a voz chamando a ti!<br/>Oh! Responde sem demora:<br/>“Manda-me! Estou pronto aqui!”</lines>
    </verse>
  </lyrics>
</song>
