<?xml version='1.0' encoding='utf-8'?>
<song xmlns="http://openlyrics.info/namespace/2009/song" version="0.8" createdIn="OpenLP 2.0.3" modifiedIn="OpenLP 2.0.3" modifiedDate="2013-09-21T14:48:52">
  <properties>
    <titles>
      <title>HNC 095 - Somente Cristo</title>
    </titles>
    <verseOrder>v1 c1 v2 c1 v3 c1 v4 c1</verseOrder>
    <authors>
      <author>Hinário Novo Cântico</author>
    </authors>
    <songbooks>
      <songbook name="Hinário Novo Cântico" entry="95"/>
    </songbooks>
  </properties>
  <format>
    <tags application="OpenLP">
      <tag name="it">
        <open>&lt;em&gt;</open>
        <close>&lt;/em&gt;</close>
      </tag>
    </tags>
  </format>
  <lyrics>
    <verse name="v1">
      <lines>Somente Cristo é Salvador,<br/>Assim reconhecemos;<br/>Morreu por nós, em santo amor,<br/>E vida nele temos.</lines>
    </verse>
    <verse name="v2">
      <lines>Os homens santos e fiéis,<br/>Nós sempre respeitamos;<br/>Mas a Jesus, o Rei dos reis,<br/>Humilde adoramos.</lines>
    </verse>
    <verse name="v3">
      <lines>A Deus fazemos oração,<br/>Só ele quer e pode<br/>Valer-nos na tribulação;<br/>Aos seu Deus sempre acolhe.</lines>
    </verse>
    <verse name="v4">
      <lines>No santo sangue de Jesus<br/>Confia todo crente;<br/>O que ele fez na dura cruz<br/>É sempre suficiente.</lines>
    </verse>
    <verse name="c1">
      <lines>
        <tag name="it">Jesus, Jesus, é o Salvador;<br/>E não há outro Mediador!<br/>Foi ele quem na cruz morreu,<br/>E vivo está nos altos céus.</tag>
      </lines>
    </verse>
  </lyrics>
</song>
