<?xml version='1.0' encoding='utf-8'?>
<song xmlns="http://openlyrics.info/namespace/2009/song" version="0.8" createdIn="OpenLP 2.0.3" modifiedIn="OpenLP 2.0.3" modifiedDate="2013-09-21T14:48:49">
  <properties>
    <titles>
      <title>HNC 024 - Convite ao Louvor</title>
    </titles>
    <verseOrder>v1 c1 v2 c1 v3 c1 v4 c1 v5 c1</verseOrder>
    <authors>
      <author>Hinário Novo Cântico</author>
    </authors>
    <songbooks>
      <songbook name="Hinário Novo Cântico" entry="24"/>
    </songbooks>
  </properties>
  <format>
    <tags application="OpenLP">
      <tag name="it">
        <open>&lt;em&gt;</open>
        <close>&lt;/em&gt;</close>
      </tag>
    </tags>
  </format>
  <lyrics>
    <verse name="v1">
      <lines>Vinde, irmãos, louvar a Deus,<br/>Criador da terra e céus.</lines>
    </verse>
    <verse name="v2">
      <lines>Glória e honra ao grande Rei;<br/>Alta e santa é sua lei.</lines>
    </verse>
    <verse name="v3">
      <lines>Age com poder real,<br/>Com grandeza divinal.</lines>
    </verse>
    <verse name="v4">
      <lines>Dia e noite a sua mão<br/>Desenvolve o tenro grão.</lines>
    </verse>
    <verse name="v5">
      <lines>Com os dons do seu poder<br/>Nossas vidas faz crescer.</lines>
    </verse>
    <verse name="c1">
      <lines>
        <tag name="it">Exaltemos o Senhor!<br/>Infinito é seu amor!</tag>
      </lines>
    </verse>
  </lyrics>
</song>
