<?xml version='1.0' encoding='utf-8'?>
<song xmlns="http://openlyrics.info/namespace/2009/song" version="0.8" createdIn="OpenLP 2.0.3" modifiedIn="OpenLP 2.0.3" modifiedDate="2013-09-21T14:49:01">
  <properties>
    <titles>
      <title>HNC 299 - Renovação</title>
    </titles>
    <authors>
      <author>Hinário Novo Cântico</author>
    </authors>
    <songbooks>
      <songbook name="Hinário Novo Cântico" entry="299"/>
    </songbooks>
  </properties>
  <lyrics>
    <verse name="v1">
      <lines>Fortalece a tua Igreja,<br/>Ó bendito Salvador!<br/>Dá-lhe tua plena graça,<br/>Ó! Renova seu vigor.<br/>Vivifica, vivifica<br/>Nossas almas, ó Senhor! Amém.</lines>
    </verse>
  </lyrics>
</song>
