<?xml version='1.0' encoding='utf-8'?>
<song xmlns="http://openlyrics.info/namespace/2009/song" version="0.8" createdIn="OpenLP 2.0.3" modifiedIn="OpenLP 2.0.3" modifiedDate="2013-12-24T17:52:04">
  <properties>
    <titles>
      <title>HNC 376 - Intercessão pela Pátria</title>
    </titles>
    <authors>
      <author>Hinário Novo Cântico</author>
    </authors>
    <songbooks>
      <songbook name="Hinário Novo Cântico" entry="376"/>
    </songbooks>
  </properties>
  <lyrics>
    <verse name="v1">
      <lines>Divino Salvador,<br/>Contempla com favor<br/>Nosso País!<br/>Dá-nos interna paz,<br/>Governo bom, capaz,<br/>Dita que satisfaz,<br/>Sorte feliz.</lines>
    </verse>
    <verse name="v2">
      <lines>Confiamos só em ti,<br/>Vem dominar aqui,<br/>Ó Rei dos reis!<br/>Dirige o pátrio lar,<br/>Ensina a governar<br/>Conforme o teu mandar,<br/>Por justas leis.</lines>
    </verse>
    <verse name="v3">
      <lines>Ao Presidente, ó Deus,<br/>Inspira lá dos céus<br/>O teu temor!<br/>Que possa bem cumprir<br/>O seu mandato e ouvir,<br/>De todo o povo aqui,<br/>Real louvor.</lines>
    </verse>
    <verse name="v4">
      <lines>A nossa Pátria tem<br/>Sustento e todo bem<br/>De ti, Senhor!<br/>Aos pobres dá comer,<br/>Aos ricos faze ver<br/>Como convém viver<br/>Em mútuo amor!</lines>
    </verse>
    <verse name="v5">
      <lines>Do crime e rebelião<br/>Concede a proteção<br/>Que é divinal.<br/>Guardar-nos vem, Senhor,<br/>De guerras e terror!<br/>Sê nosso defensor,<br/>Desvia o mal.</lines>
    </verse>
    <verse name="v6">
      <lines>Poder supremo tens!<br/>Depara os altos bens<br/>Da salvação!<br/>Brilhe a benigna luz<br/>Que o teu favor produz!<br/>Reine o Senhor Jesus<br/>Sobre a nação! Amém.</lines>
    </verse>
  </lyrics>
</song>
