<?xml version='1.0' encoding='utf-8'?>
<song xmlns="http://openlyrics.info/namespace/2009/song" version="0.8" createdIn="OpenLP 2.0.3" modifiedIn="OpenLP 2.0.3" modifiedDate="2013-09-21T14:48:50">
  <properties>
    <titles>
      <title>HNC 055 - Alegria e Gratidão</title>
    </titles>
    <authors>
      <author>Hinário Novo Cântico</author>
    </authors>
    <songbooks>
      <songbook name="Hinário Novo Cântico" entry="55"/>
    </songbooks>
  </properties>
  <lyrics>
    <verse name="v1">
      <lines>Cantai  alegremente,<br/>cantai a Deus louvor;<br/>Trazei a ele um canto <br/>de exultação e amor.<br/>É Deus quem faz a terra <br/>seus frutos produzir,<br/>E as estações do ano <br/>em ordem prosseguir.</lines>
    </verse>
    <verse name="v2">
      <lines>É Deus que envia as chuvas <br/>e os montes faz florir;<br/>Que o vale exuberante<br/> de trigo faz cobrir.<br/>Deus tudo multiplica <br/>em sua compaixão, <br/>Fartura concedendo <br/>com dadivosa mão.</lines>
    </verse>
    <verse name="v3">
      <lines>Trazei aos seus altares <br/>dos frutos que Ele deu,<br/>E as almas da colheita <br/>por quem Jesus morreu.<br/>Prostrai-vos diante dele, <br/>humildes, com louvor,<br/>E assim, em vossas vidas, <br/>dai graças ao Senhor!</lines>
    </verse>
  </lyrics>
</song>
