<?xml version='1.0' encoding='utf-8'?>
<song xmlns="http://openlyrics.info/namespace/2009/song" version="0.8" createdIn="OpenLP 2.0.5" modifiedIn="OpenLP 2.0.5" modifiedDate="2015-02-16T15:50:52">
  <properties>
    <titles>
      <title>HNC 145 - Refúgio Verdadeiro</title>
    </titles>
    <verseOrder>v1 c1 v2 c1 v3 c1</verseOrder>
    <authors>
      <author>Hinário Novo Cântico</author>
    </authors>
    <songbooks>
      <songbook name="Hinário Novo Cântico" entry="145"/>
    </songbooks>
  </properties>
  <format>
    <tags application="OpenLP">
      <tag name="it">
        <open>&lt;em&gt;</open>
        <close>&lt;/em&gt;</close>
      </tag>
    </tags>
  </format>
  <lyrics>
    <verse name="v1">
      <lines>Seguro estou, não tenho temor do mal!<br/>Sim, guardado pela fé em meu Jesus.<br/>Não posso duvidar desse amor leal,<br/>Ele em seu caminho sempre me conduz.<br/>Não me deixará, mas me abrigará,<br/>Do pecado vil me vem livrar!<br/>A sua graça não me recusará,<br/>Sim, Jesus é quem me pode sustentar.</lines>
    </verse>
    <verse name="v2">
      <lines>Abrigo eterno tenho no Salvador,<br/>Ele esconde a minha vida em seu poder;<br/>Não posso ter receio do malfeitor<br/>Que procura, pertinaz, me enfraquecer.<br/>Confiado, então, nessa proteção,<br/>Sigo a Cristo e quero ser fiel<br/>Na minha vida, cheio de gratidão,<br/>Sim, a meu Senhor e Rei Emanuel.</lines>
    </verse>
    <verse name="v3">
      <lines>Perigo algum me pode causar temor,<br/>Pois meu Salvador não me abandonará!<br/>Com sua proteção e com seu amor,<br/>Dirigindo minha vida ele estará.<br/>Nunca o deixarei, mas fiel serei,<br/>Sempre firme, cheio de fervor!<br/>Estando bem firmado em Jesus, meu Rei,<br/>Sigo avante, confiando em seu amor.</lines>
    </verse>
    <verse name="c1">
      <lines>
        <tag name="it">No poder de Cristo, o Mestre,<br/>Minha vida salva está!<br/>Do perigo que cercá-la<br/>Ele poderá livrá-la!<br/>Seu poder eterno sempre a susterá!</tag>
      </lines>
    </verse>
  </lyrics>
</song>
