<?xml version='1.0' encoding='utf-8'?>
<song xmlns="http://openlyrics.info/namespace/2009/song" version="0.8" createdIn="OpenLP 2.0.3" modifiedIn="OpenLP 2.0.3" modifiedDate="2013-12-24T13:47:30">
  <properties>
    <titles>
      <title>HNC 345 - O Pão do Mundo</title>
    </titles>
    <authors>
      <author>Hinário Novo Cântico</author>
    </authors>
    <songbooks>
      <songbook name="Hinário Novo Cântico" entry="345"/>
    </songbooks>
  </properties>
  <lyrics>
    <verse name="v1">
      <lines>Ó Pão, só por amor partido!<br/>Ó Vinho, dado por amor!<br/>Ó Cristo, vida nos tens sido<br/>Por tua morte em grande dor.</lines>
    </verse>
    <verse name="v2">
      <lines>Ao pecador atribulado<br/>Vens, mesmo agora, consolar.<br/>De tua Ceia, ó Cristo amado,<br/>Nossa alma vem alimentar. Amém.</lines>
    </verse>
  </lyrics>
</song>
