<?xml version='1.0' encoding='utf-8'?>
<song xmlns="http://openlyrics.info/namespace/2009/song" version="0.8" createdIn="OpenLP 2.0.3" modifiedIn="OpenLP 2.0.3" modifiedDate="2013-09-21T14:48:50">
  <properties>
    <titles>
      <title>HNC 037 - O Santo Nome</title>
    </titles>
    <authors>
      <author>Hinário Novo Cântico</author>
    </authors>
    <songbooks>
      <songbook name="Hinário Novo Cântico" entry="37"/>
    </songbooks>
  </properties>
  <lyrics>
    <verse name="v1">
      <lines>Jesus, teu Nome é santo,<br/>Amável teu querer<br/>Louvor supremo e puro amor<br/>Queremos te render!<br/>Poder e honra e glória a ti<br/>Nós vimos tributar<br/>E com sincera devoção,<br/>Teu culto celebrar!</lines>
    </verse>
    <verse name="v2">
      <lines>Jesus, teu nome é santo,<br/>Merece o nosso amor!<br/>És nosso Deus, que estás nos céus,<br/>E nosso protetor<br/>Incomparável és, Senhor,<br/>Em tua compaixão;<br/>Quiseste, para o mal vencer,<br/>Fazer-te nosso irmão!</lines>
    </verse>
    <verse name="v3">
      <lines>Jesus, teu nome é santo,<br/>Venceste sobre a cruz!<br/>O teu sofrer, o teu penar,<br/>À vida nos conduz<br/>Glorificado estás nos céus<br/>Atento à adoração<br/>Que vimos nós, fiéis, prestar<br/>Com grato coração! Amém</lines>
    </verse>
  </lyrics>
</song>
