<?xml version='1.0' encoding='utf-8'?>
<song xmlns="http://openlyrics.info/namespace/2009/song" version="0.8" createdIn="OpenLP 2.0.3" modifiedIn="OpenLP 2.0.3" modifiedDate="2013-09-21T14:48:51">
  <properties>
    <titles>
      <title>HNC 079 - Glória ao Salvador</title>
    </titles>
    <verseOrder>v1 c1 v2 c1</verseOrder>
    <authors>
      <author>Hinário Novo Cântico</author>
    </authors>
    <songbooks>
      <songbook name="Hinário Novo Cântico" entry="79"/>
    </songbooks>
  </properties>
  <format>
    <tags application="OpenLP">
      <tag name="it">
        <open>&lt;em&gt;</open>
        <close>&lt;/em&gt;</close>
      </tag>
    </tags>
  </format>
  <lyrics>
    <verse name="v1">
      <lines>Chegado à cruz do bom Salvador,<br/>Prostrado aos pés do meu Redentor,<br/>Ele atendeu logo ao meu clamor;<br/>Glória ao Salvador!</lines>
    </verse>
    <verse name="v2">
      <lines>Que maravilha, Jesus me amou!<br/>Tudo de graça me perdoou!<br/>Dos meus grilhões ele me livrou!<br/>Glória ao Salvador!</lines>
    </verse>
    <verse name="c1">
      <lines>
        <tag name="it">Glória ao Salvador!<br/>Glória ao Salvador!<br/>Eu sei que Cristo já me salvou;<br/>Glória ao Salvador!</tag>
      </lines>
    </verse>
  </lyrics>
</song>
