<?xml version='1.0' encoding='utf-8'?>
<song xmlns="http://openlyrics.info/namespace/2009/song" version="0.8" createdIn="OpenLP 2.0.3" modifiedIn="OpenLP 2.0.3" modifiedDate="2013-09-21T14:49:03">
  <properties>
    <titles>
      <title>HNC 375 - O Ano Velho</title>
    </titles>
    <authors>
      <author>Hinário Novo Cântico</author>
    </authors>
    <songbooks>
      <songbook name="Hinário Novo Cântico" entry="375"/>
    </songbooks>
  </properties>
  <lyrics>
    <verse name="v1">
      <lines>O ano velho já termina;<br/>Damos a Jesus louvor,<br/>Pois do mal nos tem guardado<br/>Nesse ano, com amor.<br/>Nesse ano, nesse ano com amor.</lines>
    </verse>
    <verse name="v2">
      <lines>Filho eterno, a ti rogamos<br/>Que, por tua compaixão,<br/>Continues concedendo<br/>Aos teus servos proteção.<br/>Aos teus servos, aos teus servos proteção.</lines>
    </verse>
    <verse name="v3">
      <lines>A Palavra preciosa<br/>Faze em nós frutificar!<br/>Das doutrinas do Evangelho<br/>Não nos deixes afastar;<br/>Não nos deixes, não nos deixes afastar.</lines>
    </verse>
    <verse name="v4">
      <lines>O teu povo aqui dirige<br/>A cumprir o seu dever<br/>E alegre, consagrado,<br/>Ao teu mando obedecer,<br/>Ao teu mando, ao teu mando obedecer.</lines>
    </verse>
    <verse name="v5">
      <lines>Do pecado nos afasta,<br/>Nossos passos vem guiar<br/>E, esquecidas nossas culpas,<br/>Um bom ano vem nos dar.<br/>Um bom ano, um bom ano vem nos dar. Amém.</lines>
    </verse>
  </lyrics>
</song>
