<?xml version='1.0' encoding='utf-8'?>
<song xmlns="http://openlyrics.info/namespace/2009/song" version="0.8" createdIn="OpenLP 2.0.3" modifiedIn="OpenLP 2.0.3" modifiedDate="2013-09-21T14:48:53">
  <properties>
    <titles>
      <title>HNC 129 - Vigilância e Oração</title>
    </titles>
    <verseOrder>v1 c1 v2 c1 v3 c1 v4 c1</verseOrder>
    <authors>
      <author>Hinário Novo Cântico</author>
    </authors>
    <songbooks>
      <songbook name="Hinário Novo Cântico" entry="129"/>
    </songbooks>
  </properties>
  <format>
    <tags application="OpenLP">
      <tag name="it">
        <open>&lt;em&gt;</open>
        <close>&lt;/em&gt;</close>
      </tag>
    </tags>
  </format>
  <lyrics>
    <verse name="v1">
      <lines>Bem de manhã, embora o céu sereno<br/>Pareça um dia calmo anunciar,<br/>Vigia e ora; o coração pequeno<br/>Um temporal pode abrigar.</lines>
    </verse>
    <verse name="v2">
      <lines>Ao meio-dia, quando os sons da terra<br/>Abafam mais de Deus a voz de amor,<br/>Recorre à oração, evita a guerra,<br/>E goza paz com o Senhor.</lines>
    </verse>
    <verse name="v3">
      <lines>Do dia ao fim, após os teus lidares,<br/>Relembra as bênçãos do celeste amor,<br/>E conta a Deus prazeres e pesares,<br/>Depondo em suas mãos a dor.</lines>
    </verse>
    <verse name="v4">
      <lines>E sem cessar, vigia a todo instante,<br/>Pois o inimigo ataca sem parar;<br/>Só com Jesus, em comunhão constante,<br/>Podemos sempre descansar.</lines>
    </verse>
    <verse name="c1">
      <lines>
        <tag name="it">Bem de manhã, e sem cessar,<br/>Vigiar e orar!</tag>
      </lines>
    </verse>
  </lyrics>
</song>
