<?xml version='1.0' encoding='utf-8'?>
<song xmlns="http://openlyrics.info/namespace/2009/song" version="0.8" createdIn="OpenLP 2.0.3" modifiedIn="OpenLP 2.0.3" modifiedDate="2013-09-21T14:49:03">
  <properties>
    <titles>
      <title>HNC 352 - Leitura Bendita</title>
    </titles>
    <authors>
      <author>Hinário Novo Cântico</author>
    </authors>
    <songbooks>
      <songbook name="Hinário Novo Cântico" entry="352"/>
    </songbooks>
  </properties>
  <lyrics>
    <verse name="v1">
      <lines>Enquanto, ó Salvador, teu Livro ler,<br/>De auxílio necessito para ver<br/>Da mera letra, além, a ti, Senhor,<br/>E meditar no teu excelso amor.</lines>
    </verse>
    <verse name="v2">
      <lines>À beira-mar, Jesus, partiste o pão,<br/>Alimentando a imensa multidão.<br/>Da vida o pão és Tu; podes assim<br/>Satisfazer, Senhor, também a mim. Amém</lines>
    </verse>
  </lyrics>
</song>
