<?xml version='1.0' encoding='utf-8'?>
<song xmlns="http://openlyrics.info/namespace/2009/song" version="0.8" createdIn="OpenLP 2.0.3" modifiedIn="OpenLP 2.0.3" modifiedDate="2013-12-24T17:12:08">
  <properties>
    <titles>
      <title>HNC 357 - Louvor Infantil</title>
    </titles>
    <verseOrder>v1 c1 v2 c1 v3 c1</verseOrder>
    <authors>
      <author>Hinário Novo Cântico</author>
    </authors>
    <songbooks>
      <songbook name="Hinário Novo Cântico" entry="357"/>
    </songbooks>
  </properties>
  <format>
    <tags application="OpenLP">
      <tag name="it">
        <open>&lt;em&gt;</open>
        <close>&lt;/em&gt;</close>
      </tag>
    </tags>
  </format>
  <lyrics>
    <verse name="v1">
      <lines>Filhos de Jerusalém<br/>Davam a Jesus louvor!<br/>Cantaremos nós, também,<br/>Seu excelso e doce amor!</lines>
    </verse>
    <verse name="v2">
      <lines>Graças ao divino Rei<br/>Que no mundo quis viver!<br/>Graças pela santa Lei<br/>Que declara o seu querer!</lines>
    </verse>
    <verse name="v3">
      <lines>Grande é o nosso Salvador,<br/>Toda a dívida pagou!<br/>Pela morte, o Bom Pastor<br/>Seu rebanho resgatou.</lines>
    </verse>
    <verse name="c1">
      <lines>
        <tag name="it">Ouve! Ouve! Ouve! Os meninos dão louvor!<br/>Ouve! Ouve! Ouve! Os meninos dão louvor!<br/>Aleluia! Aleluia! Aleluia ao Salvador!</tag>
      </lines>
    </verse>
  </lyrics>
</song>
