<?xml version='1.0' encoding='utf-8'?>
<song xmlns="http://openlyrics.info/namespace/2009/song" version="0.8" createdIn="OpenLP 2.0.3" modifiedIn="OpenLP 2.0.3" modifiedDate="2013-09-21T14:48:58">
  <properties>
    <titles>
      <title>HNC 228 - De Deus o Ungido</title>
    </titles>
    <authors>
      <author>Hinário Novo Cântico</author>
    </authors>
    <songbooks>
      <songbook name="Hinário Novo Cântico" entry="228"/>
    </songbooks>
  </properties>
  <lyrics>
    <verse name="v1">
      <lines>Saudai de Deus o Ungido,<br/>O Filho de Davi:<br/>Saudai o Prometido<br/>Que vem reinar aqui!<br/>As garras da maldade<br/>Partiu e nos livrou!<br/>E um reino de eqüidade<br/>No mundo, então, criou!</lines>
    </verse>
    <verse name="v2">
      <lines>O justo, em sofrimento,<br/>Socorre com amor;<br/>Aos pobres dá sustento<br/>E aos fracos dá vigor.<br/>Aos tristes dá alegria,<br/>Desfaz a escuridão,<br/>E ao que pereceria<br/>Outorga a salvação.</lines>
    </verse>
    <verse name="v3">
      <lines>No trono glorioso<br/>Então se assentará!<br/>Das eras vitorioso,<br/>Bendito reinará.<br/>Concerto permanente<br/>Conosco irá guardar;<br/>Seu Nome, eternamente,<br/>Traduz amor sem par.</lines>
    </verse>
  </lyrics>
</song>
