<?xml version='1.0' encoding='utf-8'?>
<song xmlns="http://openlyrics.info/namespace/2009/song" version="0.8" createdIn="OpenLP 2.0.3" modifiedIn="OpenLP 2.0.3" modifiedDate="2013-09-21T14:48:58">
  <properties>
    <titles>
      <title>HNC 235 - O Anjo da Paz</title>
    </titles>
    <authors>
      <author>Hinário Novo Cântico</author>
    </authors>
    <songbooks>
      <songbook name="Hinário Novo Cântico" entry="235"/>
    </songbooks>
  </properties>
  <lyrics>
    <verse name="v1">
      <lines>Um anjo formoso desceu das alturas,<br/>Na fresca doçura da noite, em Belém.<br/>E a luz fulgurante brilhou nas colinas,<br/>Encheu as campinas e vales também.</lines>
    </verse>
    <verse name="v2">
      <lines>A doce mensagem que o anjo trazia,<br/>De grande alegria, de amor divinal,<br/>Encheu de esperanças a vida do crente,<br/>Feliz toda a gente naquele Natal!</lines>
    </verse>
    <verse name="v3">
      <lines>Se há sombras de medo e o mundo se empenha<br/>Em luta ferrenha de ao bem se opor,<br/>Mal surge em dezembro, e eis outro clima,<br/>Pois vem lá de cima bafejos de amor.</lines>
    </verse>
    <verse name="v4">
      <lines>É o anjo formoso que vem, novamente,<br/>Lançar a semente do amor divinal,<br/>Trazendo a este mundo canções de alegria,<br/>Na santa harmonia que inspira o Natal.</lines>
    </verse>
  </lyrics>
</song>
