<?xml version='1.0' encoding='utf-8'?>
<song xmlns="http://openlyrics.info/namespace/2009/song" version="0.8" createdIn="OpenLP 2.0.3" modifiedIn="OpenLP 2.0.3" modifiedDate="2013-09-21T14:48:58">
  <properties>
    <titles>
      <title>HNC 239 - Nasce Jesus</title>
    </titles>
    <verseOrder>v1 c1 v2 c1</verseOrder>
    <authors>
      <author>Hinário Novo Cântico</author>
    </authors>
    <songbooks>
      <songbook name="Hinário Novo Cântico" entry="239"/>
    </songbooks>
  </properties>
  <format>
    <tags application="OpenLP">
      <tag name="it">
        <open>&lt;em&gt;</open>
        <close>&lt;/em&gt;</close>
      </tag>
    </tags>
  </format>
  <lyrics>
    <verse name="v1">
      <lines>Nasce Jesus! Fonte de Luz!<br/>Descem os anjos cantando.<br/>Nasce Jesus! É nossa luz<br/>Que as trevas vem disipando!<br/>Nasce Jesus! Nasce Jesus!<br/>Eis a mensagem celeste!<br/>Raia a luz da Salvação, triunfante vem!<br/>Salve, ó Cristo! Firma teu justo império!<br/>Gratos louvores homens e anjos dêem!</lines>
    </verse>
    <verse name="v2">
      <lines>Deus nos amou! Deus nos mandou<br/>Cristo seu filho amado!<br/>Deus nos amou! Deus se encarnou,<br/>Vede o menino deitado!<br/>Deus nos amou! Deus nos amou!<br/>Digam-no todos os povos!<br/>Gozam paz e salvação todos os que crêem<br/>Reino bendito! Reino de amor divino!<br/>Gratos  louvores homens e anjos dêem!</lines>
    </verse>
    <verse name="c1">
      <lines>
        <tag name="it">Nasce Jesus! Nasce Jesus!<br/>Glória Deus nas alturas!<br/>Paz na terra, graça e amor<br/>A quantos Deus quer bem!</tag>
      </lines>
    </verse>
  </lyrics>
</song>
