<?xml version='1.0' encoding='utf-8'?>
<song xmlns="http://openlyrics.info/namespace/2009/song" version="0.8" createdIn="OpenLP 2.0.3" modifiedIn="OpenLP 2.0.3" modifiedDate="2013-09-21T14:48:53">
  <properties>
    <titles>
      <title>HNC 120 - Dependência</title>
    </titles>
    <verseOrder>v1 c1 v2 c1 v3 c1 v4 c2</verseOrder>
    <authors>
      <author>Hinário Novo Cântico</author>
    </authors>
    <songbooks>
      <songbook name="Hinário Novo Cântico" entry="120"/>
    </songbooks>
  </properties>
  <format>
    <tags application="OpenLP">
      <tag name="it">
        <open>&lt;em&gt;</open>
        <close>&lt;/em&gt;</close>
      </tag>
    </tags>
  </format>
  <lyrics>
    <verse name="v1">
      <lines>Careço de Jesus, de ti, meu Salvador!<br/>Somente a tua voz tem para mim valor.</lines>
    </verse>
    <verse name="v2">
      <lines>Careço de Jesus! Unido a ti, Senhor,<br/>Pecado e tentação não mais terão vigor.</lines>
    </verse>
    <verse name="v3">
      <lines>Careço de Jesus, nas trevas e na luz!<br/>Sem ti a vida é vã; sou pobre sem Jesus.</lines>
    </verse>
    <verse name="v4">
      <lines>Careço de Jesus! Viver desejo aqui,<br/>Ligado mais e mais, ó Salvador, a ti!</lines>
    </verse>
    <verse name="c1">
      <lines>
        <tag name="it">De ti, Senhor, careço!<br/>Do teu amparo, sempre!<br/>Oh! Dá-me tua bênção!<br/>Aspiro a ti.</tag>
      </lines>
    </verse>
    <verse name="c2">
      <lines>
        <tag name="it">De ti, Senhor, careço!<br/>Do teu amparo, sempre!<br/>Oh! Dá-me tua bênção!<br/>Aspiro a ti. Amém.</tag>
      </lines>
    </verse>
  </lyrics>
</song>
