<?xml version='1.0' encoding='utf-8'?>
<song xmlns="http://openlyrics.info/namespace/2009/song" version="0.8" createdIn="OpenLP 2.0.3" modifiedIn="OpenLP 2.0.3" modifiedDate="2013-09-21T14:48:53">
  <properties>
    <titles>
      <title>HNC 115 - Unido com Cristo</title>
    </titles>
    <verseOrder>v1 c1 v2 c1 v3 c1 v4 c1</verseOrder>
    <authors>
      <author>Hinário Novo Cântico</author>
    </authors>
    <songbooks>
      <songbook name="Hinário Novo Cântico" entry="115"/>
    </songbooks>
  </properties>
  <format>
    <tags application="OpenLP">
      <tag name="it">
        <open>&lt;em&gt;</open>
        <close>&lt;/em&gt;</close>
      </tag>
    </tags>
  </format>
  <lyrics>
    <verse name="v1">
      <lines>Com Cristo unido na morte da cruz,<br/>Eu gozo as bênçãos do reino da luz!<br/>Cheio da graça que ali corre a flux,<br/>Cada momento, com Cristo Jesus.</lines>
    </verse>
    <verse name="v2">
      <lines>Com Cristo unido na luta moral,<br/>Resisto ao erro, ao pecado fatal,<br/>Bem alto erguendo a bandeira real.<br/>Cada momento mais firme e leal!</lines>
    </verse>
    <verse name="v3">
      <lines>Com Cristo unido na ressurreição,<br/>Eu já desfruto eternal redenção;<br/>Nele jamais esperamos em vão;<br/>Cada momento concede perdão!</lines>
    </verse>
    <verse name="v4">
      <lines>Nas minhas lutas me pode amparar,<br/>E do maligno também me livrar!<br/>Cada momento, por onde eu andar,<br/>Cristo, meu Mestre, me pode guiar!</lines>
    </verse>
    <verse name="c1">
      <lines>
        <tag name="it">Cada momento me guia o Senhor;<br/>Cada momento dispensa favor;<br/>Sua presença me outorga vigor;<br/>Cada momento sou teu, ó Senhor!</tag>
      </lines>
    </verse>
  </lyrics>
</song>
