<?xml version='1.0' encoding='utf-8'?>
<song xmlns="http://openlyrics.info/namespace/2009/song" version="0.8" createdIn="OpenLP 2.0.3" modifiedIn="OpenLP 2.0.3" modifiedDate="2013-09-21T14:49:02">
  <properties>
    <titles>
      <title>HNC 340 - Santa Comunhão</title>
    </titles>
    <authors>
      <author>Hinário Novo Cântico</author>
    </authors>
    <songbooks>
      <songbook name="Hinário Novo Cântico" entry="340"/>
    </songbooks>
  </properties>
  <lyrics>
    <verse name="v1">
      <lines>Disposta a mesa, ó Salvador,<br/>Estás presente aqui!<br/>Ministra o vinho, parte o pão,<br/>Tipos, Jesus, de Ti.</lines>
    </verse>
    <verse name="v2">
      <lines>Juntos, lembramos Tua cruz;<br/>Por nós sofreste ali.<br/>Por Tua graça divinal,<br/>Vivemos para Ti.</lines>
    </verse>
    <verse name="v3">
      <lines>Desperta, anima, enleva os Teus,<br/>Fazendo-os discernir<br/>Que Tu presente, ó Cristo, estás<br/>Teu povo a dirigir.</lines>
    </verse>
    <verse name="v4">
      <lines>Na Santa Ceia, ó grande Deus,<br/>Buscamos comunhão<br/>Contigo, nosso Benfeitor,<br/>Com todo vero irmão.</lines>
    </verse>
    <verse name="v5">
      <lines>Sabemos que regressarás<br/>Em majestade e luz!<br/>Juiz Supremo, eterno Rei,<br/>Oh! Vem, Senhor Jesus! Amém.</lines>
    </verse>
  </lyrics>
</song>
