<?xml version='1.0' encoding='utf-8'?>
<song xmlns="http://openlyrics.info/namespace/2009/song" version="0.8" createdIn="OpenLP 2.0.3" modifiedIn="OpenLP 2.0.3" modifiedDate="2013-09-21T14:48:58">
  <properties>
    <titles>
      <title>HNC 226 - A História de Cristo</title>
    </titles>
    <authors>
      <author>Hinário Novo Cântico</author>
    </authors>
    <songbooks>
      <songbook name="Hinário Novo Cântico" entry="226"/>
    </songbooks>
  </properties>
  <format>
    <tags application="OpenLP">
      <tag name="it">
        <open>&lt;em&gt;</open>
        <close>&lt;/em&gt;</close>
      </tag>
    </tags>
  </format>
  <lyrics>
    <verse name="v1">
      <lines>Conta-me a história de Cristo,<br/>Grava-a no meu coração!<br/>Conta-me a história inaudita<br/>De graça, paz e perdão.<br/>Conta como Ele, encarnado,<br/>Veio no mundo morar:<br/><tag name="it">Aos pecadores indignos,<br/>De Deus o amor revelar.</tag></lines>
    </verse>
    <verse name="v2">
      <lines>Conta como Ele, bondoso,<br/>Nunca a ninguém rejeitou!<br/>Como, de mãos estendidas,<br/>Todos a si convidou!<br/>Como não pode o bom mestre<br/>Seja a quem for, rejeitar,<br/><tag name="it">Se, convencido e contrito,<br/>O seu convite aceitar!</tag></lines>
    </verse>
    <verse name="v3">
      <lines>Conta-me quando, no monte,<br/>Sobre a cidade chorou,<br/>Pois orgulhosa e rebelde,<br/>O seu amor rejeitou.<br/>Conta como ele ainda chora<br/>Sobre os que seguem o mal,<br/><tag name="it">E, endurecidos, resistem<br/>Ao seu amor divinal.</tag></lines>
    </verse>
    <verse name="v4">
      <lines>Conta-me as duras afrontas<br/>Que mansamente sofreu!<br/>Como na cruz, levantado,<br/>Ele por ímpios morreu!<br/>Dá-me o viver na certeza<br/>De que foi mesmo por mim,<br/><tag name="it">Que seu amor inefável<br/>Não tem mudança nem fim.</tag></lines>
    </verse>
  </lyrics>
</song>
