<?xml version='1.0' encoding='utf-8'?>
<song xmlns="http://openlyrics.info/namespace/2009/song" version="0.8" createdIn="OpenLP 2.0.3" modifiedIn="OpenLP 2.0.3" modifiedDate="2013-12-24T18:43:04">
  <properties>
    <titles>
      <title>HNC 389 - Avante, Mocidade!</title>
    </titles>
    <verseOrder>v1 c1 v2 c1 v3 c1</verseOrder>
    <authors>
      <author>Hinário Novo Cântico</author>
    </authors>
    <songbooks>
      <songbook name="Hinário Novo Cântico" entry="389"/>
    </songbooks>
  </properties>
  <format>
    <tags application="OpenLP">
      <tag name="it">
        <open>&lt;em&gt;</open>
        <close>&lt;/em&gt;</close>
      </tag>
    </tags>
  </format>
  <lyrics>
    <verse name="v1">
      <lines>Eia, avante, mocidade,<br/>Vamos por Jesus lutar!<br/>A peleja é gloriosa,<br/>Deus nos há de auxiliar.<br/>Eia, avante, companheiros,<br/>De olhos postos em Jesus!<br/>Caminhemos destemidos,<br/>Espalhando sempre a luz.</lines>
    </verse>
    <verse name="v2">
      <lines>Eia, avante, mocidade!<br/>Nunca, nunca recuar!<br/>No caminho reto e santo,<br/>Eia, jovens, avançar!<br/>Eia, avante, companheiros!<br/>Soem tais como um clarim<br/>As palavras do convite:<br/>“Vinde todos, vinde a mim!”</lines>
    </verse>
    <verse name="v3">
      <lines>Eia, avante, mocidade,<br/>Confiando no Senhor!<br/>Onde há fé ninguém vacila,<br/>Pois há vida, luz, vigor!<br/>Eia, avante, companheiros,<br/>Vamos firmes batalhar.<br/>Sempre alegres na esperança,<br/>Sempre unidos trabalhar.</lines>
    </verse>
    <verse name="c1">
      <lines>
        <tag name="it">Por Jesus, com zelo santo,<br/>Vinde, ó jovens, combater!<br/>A mensagem do Evangelho<br/>Proclamai até morrer!</tag>
      </lines>
    </verse>
  </lyrics>
</song>
