<?xml version='1.0' encoding='utf-8'?>
<song xmlns="http://openlyrics.info/namespace/2009/song" version="0.8" createdIn="OpenLP 2.0.3" modifiedIn="OpenLP 2.0.3" modifiedDate="2013-09-21T14:48:49">
  <properties>
    <titles>
      <title>HNC 008 - Adoração à Trindade</title>
    </titles>
    <authors>
      <author>Hinário Novo Cântico</author>
    </authors>
    <songbooks>
      <songbook name="Hinário Novo Cântico"/>
    </songbooks>
  </properties>
  <lyrics>
    <verse name="v1">
      <lines>Grande Deus, o teu louvor<br/>Hoje, unidos, entoamos;<br/>Teu excelso e doce amor<br/>Com os anjos celebramos.<br/>E em adoração a ti,<br/>Vimos bendizer-te aqui.</lines>
    </verse>
    <verse name="v2">
      <lines>Cristo, Salvador veraz,<br/>Com poder em nós domina!<br/>Tua graça e tua paz,<br/>Ó Senhor, ao mundo ensina.<br/>Redimido, em tua luz<br/>Vem fazê-lo andar, Jesus!</lines>
    </verse>
    <verse name="v3">
      <lines>Santo Espírito eternal,<br/>Ó! Dirige as nossas mentes<br/>Para, em comunhão real,<br/>Te buscarmos reverentes;<br/>E o nosso coração<br/>Se encherá de gratidão.</lines>
    </verse>
    <verse name="v4">
      <lines>Ó Deus trino, pois a ti<br/>Sejam, sem cessar, rendidas<br/>Pelos filhos teus aqui,<br/>Honra e glória sem medida.<br/>Infinito é o teu amor!<br/>Cantem todos teu louvor! Amém.</lines>
    </verse>
  </lyrics>
</song>
