<?xml version='1.0' encoding='utf-8'?>
<song xmlns="http://openlyrics.info/namespace/2009/song" version="0.8" createdIn="OpenLP 2.0.3" modifiedIn="OpenLP 2.0.3" modifiedDate="2013-09-21T14:48:58">
  <properties>
    <titles>
      <title>HNC 231 - O Primeiro Natal</title>
    </titles>
    <verseOrder>v1 c1 v2 c1 v3 c1 v4 c1 v5 c1</verseOrder>
    <authors>
      <author>Hinário Novo Cântico</author>
    </authors>
    <songbooks>
      <songbook name="Hinário Novo Cântico" entry="231"/>
    </songbooks>
  </properties>
  <format>
    <tags application="OpenLP">
      <tag name="it">
        <open>&lt;em&gt;</open>
        <close>&lt;/em&gt;</close>
      </tag>
    </tags>
  </format>
  <lyrics>
    <verse name="v1">
      <lines>Eis que um anjo proclamou o primeiro Natal,<br/>A uns pobres pastores ao pé de Belém<br/>Que, nos campos, a guardar, seu rebanho, afinal<br/>Suportavam, da noite, o frio também.</lines>
    </verse>
    <verse name="v2">
      <lines>De repente, lá no céu, linda estrela surgiu,<br/>E no oriente brilhou com estranho fulgor.<br/>Veio à terra forte luz, que do céu lhe caiu,<br/>Muitas noites, ainda, em fulgente esplendor.</lines>
    </verse>
    <verse name="v3">
      <lines>Tal estrela apareceu e os magos guiou<br/>Pela estrada a Belém, rumo certo os conduz.<br/>E chegando ali, por fim, a estrela parou,<br/>Mesmo acima da casa em que estava Jesus.</lines>
    </verse>
    <verse name="v4">
      <lines>Tal estrela apareceu e os magos guiou<br/>Pela estrada a Belém, rumo certo os conduz.<br/>E chegando ali, por fim, a estrela parou,<br/>Mesmo acima da casa em que estava Jesus.</lines>
    </verse>
    <verse name="v5">
      <lines>E como eles vimos nós, com intenso fervor,<br/>Dar louvores sinceros a quem nos amou;<br/>Adorar de coração o Supremo Senhor<br/>Que, morrendo na cruz, nossas almas salvou!</lines>
    </verse>
    <verse name="c1">
      <lines>
        <tag name="it">Natal! Natal! Natal! Natal!<br/>É vindo ao mundo o Rei divinal!</tag>
      </lines>
    </verse>
  </lyrics>
</song>
