<?xml version='1.0' encoding='utf-8'?>
<song xmlns="http://openlyrics.info/namespace/2009/song" version="0.8" createdIn="OpenLP 2.0.3" modifiedIn="OpenLP 2.0.3" modifiedDate="2013-12-24T13:55:06">
  <properties>
    <titles>
      <title>HNC 348 - É Este o Dia</title>
    </titles>
    <authors>
      <author>Hinário Novo Cântico</author>
    </authors>
    <songbooks>
      <songbook name="Hinário Novo Cântico" entry="348"/>
    </songbooks>
  </properties>
  <lyrics>
    <verse name="v1">
      <lines>É este o dia que o bom Deus<br/>Criou com sua mão!<br/>A terra inteira, os altos céus,<br/>Louvor alegres dão.</lines>
    </verse>
    <verse name="v2">
      <lines>Foi neste dia que o Senhor<br/>Da tumba ressurgiu!<br/>De Satanás, o atroz furor,<br/>Com força repeliu!</lines>
    </verse>
    <verse name="v3">
      <lines>Vinde, louvai ao Rei-Senhor,<br/>Ao Filho de Davi!<br/>Vem ajudar-nos, Salvador,<br/>E habita em nós aqui.</lines>
    </verse>
    <verse name="v4">
      <lines>Glória, louvor e adoração<br/>A Cristo vimos dar!<br/>Os altos céus se alegrarão,<br/>Louvando-o sem cessar!</lines>
    </verse>
  </lyrics>
</song>
