<?xml version='1.0' encoding='utf-8'?>
<song xmlns="http://openlyrics.info/namespace/2009/song" version="0.8" createdIn="OpenLP 2.0.3" modifiedIn="OpenLP 2.0.3" modifiedDate="2013-09-21T14:48:54">
  <properties>
    <titles>
      <title>HNC 140 - Jornada do Crente</title>
    </titles>
    <authors>
      <author>Hinário Novo Cântico</author>
    </authors>
    <songbooks>
      <songbook name="Hinário Novo Cântico" entry="140"/>
    </songbooks>
  </properties>
  <lyrics>
    <verse name="v1">
      <lines>Guia, ó Deus, a minha sorte<br/>Nesta peregrinação.<br/>Frágil sou, mas Tu és forte,<br/>Não me largue a tua mão!</lines>
    </verse>
    <verse name="v2">
      <lines>Quando em meio de inimigos<br/>Ando cheio de temor,<br/>Ou por entre mil perigos,<br/>Vem guiar-me, ó Salvador.</lines>
    </verse>
    <verse name="v3">
      <lines>Com o teu maná divino<br/>Vem nutrir meu coração!<br/>Guie a nuvem meu destino<br/>Nesta imensa solidão.</lines>
    </verse>
    <verse name="v4">
      <lines>Ao Jordão, enfim, chegado,<br/>Dá-me tua mão, Senhor,<br/>E seguro, no outro lado,<br/>Cantarei o teu louvor. Amém.</lines>
    </verse>
  </lyrics>
</song>
