<?xml version='1.0' encoding='utf-8'?>
<song xmlns="http://openlyrics.info/namespace/2009/song" version="0.8" createdIn="OpenLP 2.0.3" modifiedIn="OpenLP 2.0.3" modifiedDate="2013-09-21T14:48:49">
  <properties>
    <titles>
      <title>HNC 016 - Louvor a Deus</title>
    </titles>
    <authors>
      <author>Hinário Novo Cântico</author>
    </authors>
    <songbooks>
      <songbook name="Hinário Novo Cântico"/>
    </songbooks>
  </properties>
  <lyrics>
    <verse name="v1">
      <lines>Louvai a Deus,<br/>Soberano Senhor do que é feito.<br/>Louvai-o sim,<br/>De vossa alma, tesouro perfeito!<br/>A Deus cantai<br/>E, com fervor, tributai<br/>Profundo amor e respeito.</lines>
    </verse>
    <verse name="v2">
      <lines>Louvai a Deus,<br/>Que vos faz prosperar dia a dia;<br/>E, com amor,<br/>Vos defende e abençoa a porfia.<br/>Lembrai, também,<br/>Que o poderoso vos vem<br/>Fazer feliz companhia.</lines>
    </verse>
  </lyrics>
</song>
