<?xml version='1.0' encoding='utf-8'?>
<song xmlns="http://openlyrics.info/namespace/2009/song" version="0.8" createdIn="OpenLP 2.0.3" modifiedIn="OpenLP 2.0.3" modifiedDate="2013-09-21T14:48:55">
  <properties>
    <titles>
      <title>HNC 173 - Oração Vespertina</title>
    </titles>
    <authors>
      <author>Hinário Novo Cântico</author>
    </authors>
    <songbooks>
      <songbook name="Hinário Novo Cântico" entry="173"/>
    </songbooks>
  </properties>
  <lyrics>
    <verse name="v1">
      <lines>Vai fugindo o dia, breve a noite vem;<br/>Vespertina estrela já se avista além.</lines>
    </verse>
    <verse name="v2">
      <lines>Ao que mui cansado na tristeza jaz,<br/>Dá, Jesus bendito, teu descanso e paz!</lines>
    </verse>
    <verse name="v3">
      <lines>Noite de sossego vimos te pedir;<br/>Em tuas mãos entregues, hemos de dormir.</lines>
    </verse>
    <verse name="v4">
      <lines>E quando acordarmos, faze, ó bom Senhor,<br/>Que nós te sirvamos, com maior vigor. Amém.</lines>
    </verse>
  </lyrics>
</song>
