<?xml version='1.0' encoding='utf-8'?>
<song xmlns="http://openlyrics.info/namespace/2009/song" version="0.8" createdIn="OpenLP 2.0.3" modifiedIn="OpenLP 2.0.3" modifiedDate="2013-09-21T14:48:49">
  <properties>
    <titles>
      <title>HNC 022 - Os Céus Proclamam</title>
    </titles>
    <authors>
      <author>Hinário Novo Cântico</author>
    </authors>
    <songbooks>
      <songbook name="Hinário Novo Cântico" entry="22"/>
    </songbooks>
  </properties>
  <lyrics>
    <verse name="v1">
      <lines>Altamente os céus proclamam<br/>Seu divino Criador!<br/>Anuncia o firmamento<br/>Tuas obras, ó Senhor!<br/>Incessantes, noite e dia,<br/>Dão sinais do teu poder;<br/>Sem palavras, proclamando<br/>Deus excelso no saber!</lines>
    </verse>
    <verse name="v2">
      <lines>Majestoso o sol caminha<br/>Pelos céus, com resplendor!<br/>Exultando, em seu percurso,<br/>Enche o mundo de calor.<br/>Todo o vasto universo<br/>Canta, em coro, teu louvor!<br/>E a nós vem doce ensino<br/>Da palavra do Senhor.</lines>
    </verse>
    <verse name="v3">
      <lines>Tua Lei – quão preciosa! – <br/>Brilha mais que a clara luz;<br/>Esclarece as nossas mentes,<br/>Guia as almas a Jesus.<br/>Em tua graça meditando,<br/>Cantarei, ó bom Senhor,<br/>E será na minha boca<br/>Agradável o teu louvor. Amém.</lines>
    </verse>
  </lyrics>
</song>
