<?xml version='1.0' encoding='utf-8'?>
<song xmlns="http://openlyrics.info/namespace/2009/song" version="0.8" createdIn="OpenLP 2.0.3" modifiedIn="OpenLP 2.0.3" modifiedDate="2013-09-21T14:48:54">
  <properties>
    <titles>
      <title>HNC 144 - Segurança e Alegria</title>
    </titles>
    <verseOrder>v1 c1 v2 c1 v3 c1</verseOrder>
    <authors>
      <author>Hinário Novo Cântico</author>
    </authors>
    <songbooks>
      <songbook name="Hinário Novo Cântico"/>
    </songbooks>
  </properties>
  <format>
    <tags application="OpenLP">
      <tag name="it">
        <open>&lt;em&gt;</open>
        <close>&lt;/em&gt;</close>
      </tag>
    </tags>
  </format>
  <lyrics>
    <verse name="v1">
      <lines>Que segurança tenho em Jesus,<br/>Pois nele gozo paz, vida e luz!<br/>Com Cristo herdeiro, Deus me aceitou<br/>Mediante o Filho que me salvou!</lines>
    </verse>
    <verse name="v2">
      <lines>Inteiramente me submeti,<br/>Plena alegria nele senti.<br/>Anjos, descendo, trazem dos céus<br/>Provas da graça que vem de Deus.</lines>
    </verse>
    <verse name="v3">
      <lines>Firmado em Cristo, no seu amor,<br/>Estou contente em meu Salvador!<br/>Esperançoso hei de viver<br/>Por Jesus Cristo, por seu poder.</lines>
    </verse>
    <verse name="c1">
      <lines>
        <tag name="it">Conto esta história, cantando assim:<br/>Cristo, na cruz, foi morto por mim!<br/>Conto esta história cantado assim:<br/>Cristo, na cruz, foi morto por mim!</tag>
      </lines>
    </verse>
  </lyrics>
</song>
