<?xml version='1.0' encoding='utf-8'?>
<song xmlns="http://openlyrics.info/namespace/2009/song" version="0.8" createdIn="OpenLP 2.0.3" modifiedIn="OpenLP 2.0.3" modifiedDate="2013-09-21T14:48:51">
  <properties>
    <titles>
      <title>HNC 074 - Sinceridade</title>
    </titles>
    <verseOrder>v1 c1 v2 c1 v3 c1</verseOrder>
    <authors>
      <author>Hinário Novo Cântico</author>
    </authors>
    <songbooks>
      <songbook name="Hinário Novo Cântico" entry="74"/>
    </songbooks>
  </properties>
  <format>
    <tags application="OpenLP">
      <tag name="it">
        <open>&lt;em&gt;</open>
        <close>&lt;/em&gt;</close>
      </tag>
    </tags>
  </format>
  <lyrics>
    <verse name="v1">
      <lines>Jesus, Senhor, me achego a ti,<br/>Tua ira santa mereci;<br/>O teu favor me estende aqui!<br/>Aceita um pecador!</lines>
    </verse>
    <verse name="v2">
      <lines>As minhas culpas grandes são,<br/>Mas Tu, que não morreste em vão, <br/>Me podes conceder perdão!<br/>Aceita um pecador!</lines>
    </verse>
    <verse name="v3">
      <lines>Oh! Vem agora, Salvador,<br/>Livrar-me por teu grande amor, <br/>Pois Tu, Jesus, és meu Senhor;<br/>Aceita um pecador. Amém</lines>
    </verse>
    <verse name="c1">
      <lines>
        <tag name="it">Eu venho como estou!<br/>Sim, venho como estou!<br/>Porque Jesus por mim morreu,<br/>Eu venho como estou!</tag>
      </lines>
    </verse>
  </lyrics>
</song>
