<?xml version='1.0' encoding='utf-8'?>
<song xmlns="http://openlyrics.info/namespace/2009/song" version="0.8" createdIn="OpenLP 2.0.3" modifiedIn="OpenLP 2.0.3" modifiedDate="2013-09-21T14:48:59">
  <properties>
    <titles>
      <title>HNC 252 - Pão Celestial</title>
    </titles>
    <authors>
      <author>Hinário Novo Cântico</author>
    </authors>
    <songbooks>
      <songbook name="Hinário Novo Cântico" entry="252"/>
    </songbooks>
  </properties>
  <lyrics>
    <verse name="v1">
      <lines>Pão da vida, pão dos céus,<br/>Pão celeste é meu Jesus!<br/>Pão que dá ao coração<br/>Alegria, paz e luz;<br/>Pão que dá ao coração<br/>Alegria, paz e luz.</lines>
    </verse>
    <verse name="v2">
      <lines>Sangue que Jesus verteu<br/>É divino e eficaz!<br/>Este sangue, ao coração,<br/>Força, amor e vida traz;<br/>Este sangue, ao coração,<br/>Força, amor e vida traz.</lines>
    </verse>
    <verse name="v3">
      <lines>Vem, Jesus, me abençoar!<br/>Enche-me de Ti, Senhor!<br/>Pois almejo Te servir<br/>E Te honrar, meu Salvador.<br/>Pois almejo Te servir<br/>E Te honrar, meu Salvador.<br/>Amém.</lines>
    </verse>
  </lyrics>
</song>
