<?xml version='1.0' encoding='utf-8'?>
<song xmlns="http://openlyrics.info/namespace/2009/song" version="0.8" createdIn="OpenLP 2.0.3" modifiedIn="OpenLP 2.0.3" modifiedDate="2013-09-21T14:48:58">
  <properties>
    <titles>
      <title>HNC 240 - Louvor Angelical</title>
    </titles>
    <verseOrder>v1 c1 v2 c1 v3 c1</verseOrder>
    <authors>
      <author>Hinário Novo Cântico</author>
    </authors>
    <songbooks>
      <songbook name="Hinário Novo Cântico" entry="240"/>
    </songbooks>
  </properties>
  <format>
    <tags application="OpenLP">
      <tag name="it">
        <open>&lt;em&gt;</open>
        <close>&lt;/em&gt;</close>
      </tag>
    </tags>
  </format>
  <lyrics>
    <verse name="v1">
      <lines>Eis dos anjos a harmonia!<br/>Cantam glória ao Rei Jesus<br/>Paz aos homens! Que alegria!<br/>Paz com Deus em plena luz.<br/>Ouçam povos, exultantes,<br/>Ergam salmos triunfantes,<br/>Aclamando seu Senhor.<br/>Nasce Cristo, o Redentor!</lines>
    </verse>
    <verse name="v2">
      <lines>Cristo, eternamente honrado,<br/>Do seu trono se ausentou!<br/>E entre os homens, encarnado,<br/>Deus conosco se mostrou.<br/>Quão bondosa Divindade!<br/>Quão gloriosa Humanidade!<br/>Salve Cristo, Emanuel,<br/>Luz do mundo, Deus fiel!</lines>
    </verse>
    <verse name="v3">
      <lines>Cante o povo resgatado:<br/>Glória ao Príncipe da Paz!<br/>Deus em Cristo, revelado,<br/>Vida e luz ao mundo traz!<br/>Nasce a fim de renascermos!<br/>Vive para revivermos<br/>Rei, Profeta, Intercessor,<br/>Louvem todos ao Senhor! </lines>
    </verse>
    <verse name="c1">
      <lines>
        <tag name="it">Exultai, ó terra e céus,<br/>Dando glória ao Homem-Deus!</tag>
      </lines>
    </verse>
  </lyrics>
</song>
