<?xml version='1.0' encoding='utf-8'?>
<song xmlns="http://openlyrics.info/namespace/2009/song" version="0.8" createdIn="OpenLP 2.0.3" modifiedIn="OpenLP 2.0.3" modifiedDate="2013-09-21T14:48:52">
  <properties>
    <titles>
      <title>HNC 103 - Salvação em Cristo</title>
    </titles>
    <verseOrder>v1 c1 v2 c1 v3 c1</verseOrder>
    <authors>
      <author>Hinário Novo Cântico</author>
    </authors>
    <songbooks>
      <songbook name="Hinário Novo Cântico" entry="103"/>
    </songbooks>
  </properties>
  <format>
    <tags application="OpenLP">
      <tag name="it">
        <open>&lt;em&gt;</open>
        <close>&lt;/em&gt;</close>
      </tag>
    </tags>
  </format>
  <lyrics>
    <verse name="v1">
      <lines>Jesus, agora eu bem sei<br/>Quão grande é teu amor!<br/>Pois salvação me deste aqui,<br/>Aceita o meu louvor.</lines>
    </verse>
    <verse name="v2">
      <lines>Jamais descanso conheci,<br/>Por ser um pecador;<br/>Mas Tu olhaste para mim<br/>Com teu divino amor.</lines>
    </verse>
    <verse name="v3">
      <lines>Louvor, louvor darei a ti,<br/>Ó Cristo, meu Senhor!<br/>Profeta, Sacerdote, Rei,<br/>Do mundo o Salvador.</lines>
    </verse>
    <verse name="c1">
      <lines>
        <tag name="it">Ó Cristo, és meu Salvador,<br/>Por ti eu tenho paz!<br/>Jesus, a ti louvor darei<br/>Por tudo o que me dás.</tag>
      </lines>
    </verse>
  </lyrics>
</song>
