<?xml version='1.0' encoding='utf-8'?>
<song xmlns="http://openlyrics.info/namespace/2009/song" version="0.8" createdIn="OpenLP 2.0.3" modifiedIn="OpenLP 2.0.3" modifiedDate="2013-09-21T14:48:56">
  <properties>
    <titles>
      <title>HNC 181 - Irmãos em Jesus</title>
    </titles>
    <authors>
      <author>Hinário Novo Cântico</author>
    </authors>
    <songbooks>
      <songbook name="Hinário Novo Cântico" entry="181"/>
    </songbooks>
  </properties>
  <lyrics>
    <verse name="v1">
      <lines>Bem-vindos, irmãos em Jesus,<br/>A nós, bem unidos na paz<br/>Que Cristo nos dá pela cruz,<br/>Com graça divina, eficaz.</lines>
    </verse>
    <verse name="v2">
      <lines>Saudamos com santo prazer<br/>Aos crentes em nosso Senhor,<br/>Pois juntos queremos viver,<br/>Honrando o fiel Benfeitor.</lines>
    </verse>
    <verse name="v3">
      <lines>De quanta ternura e amor<br/>Podemos aqui partilar!<br/>E em Cristo, no riso ou na dor,<br/>Real comunhão desfrutar.</lines>
    </verse>
    <verse name="v4">
      <lines>Unidos vivemos aqui;<br/>Unidos seremos nos céus.<br/>Alegres, cantando ali<br/>A grande clemência de Deus.</lines>
    </verse>
  </lyrics>
</song>
