<?xml version='1.0' encoding='utf-8'?>
<song xmlns="http://openlyrics.info/namespace/2009/song" version="0.8" createdIn="OpenLP 2.0.3" modifiedIn="OpenLP 2.0.3" modifiedDate="2013-09-21T14:48:57">
  <properties>
    <titles>
      <title>HNC 219 - Dedicação</title>
    </titles>
    <authors>
      <author>Hinário Novo Cântico</author>
    </authors>
    <songbooks>
      <songbook name="Hinário Novo Cântico" entry="219"/>
    </songbooks>
  </properties>
  <lyrics>
    <verse name="v1">
      <lines>Sofreste, ó meu Senhor, na amarga cruz,<br/>E derramaste ali teu sangue a flux;<br/>Que resgatou minha alma dos pecados meus<br/>E deu-me o céu de luz!</lines>
    </verse>
    <verse name="v2">
      <lines>Agora, ó Salvador, quero te honrar,<br/>E, enquanto aqui viver, sempre te amar!<br/>E dando provas desse amor, meu coração<br/>Desejo consagrar.</lines>
    </verse>
    <verse name="v3">
      <lines>Aceita, ó terno Deus, a adoração<br/>Que oferto a Ti, Senhor com devoção.<br/>Depondo, então, a teus pés, para sempre,<br/>Ó Pai,<br/>A eterna gratidão. Amém.</lines>
    </verse>
  </lyrics>
</song>
