<?xml version='1.0' encoding='utf-8'?>
<song xmlns="http://openlyrics.info/namespace/2009/song" version="0.8" createdIn="OpenLP 2.0.3" modifiedIn="OpenLP 2.0.3" modifiedDate="2013-09-21T14:49:02">
  <properties>
    <titles>
      <title>HNC 341 - Vera Páscoa</title>
    </titles>
    <authors>
      <author>Hinário Novo Cântico</author>
    </authors>
    <songbooks>
      <songbook name="Hinário Novo Cântico" entry="341"/>
    </songbooks>
  </properties>
  <lyrics>
    <verse name="v1">
      <lines>Ó Jesus, ó vera páscoa.<br/>Suspirada dos antigos!<br/>Ó Cordeiro eterno e meigo,<br/>Digna-te assistir aqui!</lines>
    </verse>
    <verse name="v2">
      <lines>Bom Jesus, ó Pão divino,<br/>Pela fé Te recebemos.<br/>És nas almas o alimento<br/>Que sustenta o nosso amor.</lines>
    </verse>
    <verse name="v3">
      <lines>Bom Jesus, ó Vinho puro,<br/>De perene gozo a fonte,<br/>Faze que nossa alma viva<br/>Para Ti, sempre de Ti! Amém.</lines>
    </verse>
  </lyrics>
</song>
