<?xml version='1.0' encoding='utf-8'?>
<song xmlns="http://openlyrics.info/namespace/2009/song" version="0.8" createdIn="OpenLP 2.0.3" modifiedIn="OpenLP 2.0.3" modifiedDate="2013-09-21T14:48:50">
  <properties>
    <titles>
      <title>HNC 052 - Glória e Celebração</title>
    </titles>
    <authors>
      <author>Hinário Novo Cântico</author>
    </authors>
    <songbooks>
      <songbook name="Hinário Novo Cântico" entry="52"/>
    </songbooks>
  </properties>
  <lyrics>
    <verse name="v1">
      <lines>Saudai o nome de Jesus ! Arcanjos, adorai!<br/>Ao Rei, que se humilhou na cruz,<br/>Com glória coroai !</lines>
    </verse>
    <verse name="v2">
      <lines>Ó escolhida geração de Deus, o eterno Pai,<br/>Ao grande Autor da Salvação,<br/>Com glória coroai !</lines>
    </verse>
    <verse name="v3">
      <lines>Remidos todos com fervor, louvores entoai!<br/>Ao que da morte é vencedor,<br/>Com glória  coroai!</lines>
    </verse>
    <verse name="v4">
      <lines>Ó raças, povos e nações ao Rei divino honrai!<br/>A quem quebrou os vis grilhões,<br/>Com glória coroai!</lines>
    </verse>
  </lyrics>
</song>
