<?xml version='1.0' encoding='utf-8'?>
<song xmlns="http://openlyrics.info/namespace/2009/song" version="0.8" createdIn="OpenLP 2.0.3" modifiedIn="OpenLP 2.0.3" modifiedDate="2013-09-21T14:49:01">
  <properties>
    <titles>
      <title>HNC 303 - Pendão Real</title>
    </titles>
    <verseOrder>v1 c1 v2 c1 v3 c1 v4 c1</verseOrder>
    <authors>
      <author>Hinário Novo Cântico</author>
    </authors>
    <songbooks>
      <songbook name="Hinário Novo Cântico" entry="303"/>
    </songbooks>
  </properties>
  <format>
    <tags application="OpenLP">
      <tag name="it">
        <open>&lt;em&gt;</open>
        <close>&lt;/em&gt;</close>
      </tag>
    </tags>
  </format>
  <lyrics>
    <verse name="v1">
      <lines>Um pendão real vos entregou o Rei,<br/>A vós, soldados Seus!<br/>Corajosos, pois, em tudo o defendei,<br/>Marchando para os céus.</lines>
    </verse>
    <verse name="v2">
      <lines>Eis formados já terríveis batalhões<br/>Do grande usurpador!<br/>Revelai-vos hoje bravos campeões!<br/>Avante, sem temor!</lines>
    </verse>
    <verse name="v3">
      <lines>Quem receio sente no seu coração<br/>E fraco se mostrar,<br/>Não receberá o eterno galardão<br/>Que Cristo tem pra dar!</lines>
    </verse>
    <verse name="v4">
      <lines>Pois sejamos todos a Jesus fiéis,<br/>E a seu real pendão!<br/>Os que da vitória colhem os lauréis<br/>Com Ele reinarão.</lines>
    </verse>
    <verse name="c1">
      <lines>
        <tag name="it">Com valor! Sem temor!<br/>Por Cristo prontos a sofrer!<br/>Bem alto erguei o Seu pendão<br/>Firmes, sempre, até morrer!</tag>
      </lines>
    </verse>
  </lyrics>
</song>
