<?xml version='1.0' encoding='utf-8'?>
<song xmlns="http://openlyrics.info/namespace/2009/song" version="0.8" createdIn="OpenLP 2.0.3" modifiedIn="OpenLP 2.0.3" modifiedDate="2013-12-24T19:25:28">
  <properties>
    <titles>
      <title>HNC 021 - Deus de Abrão</title>
    </titles>
    <authors>
      <author>Hinário Novo Cântico</author>
    </authors>
    <songbooks>
      <songbook name="Hinário Novo Cântico" entry="21"/>
    </songbooks>
  </properties>
  <lyrics>
    <verse name="v1">
      <lines>Ao Deus de Abrão louvai,<br/>Do vasto céu Senhor,<br/>Eterno e poderoso Pai e Deus de amor!<br/>Augusto Jeová que terra e céu criou,<br/>Minha alma o NOME exaltará <br/>Do grande EU-SOU.</lines>
    </verse>
    <verse name="v2">
      <lines>Ao Deus de Abrão louvai!<br/>Eis por mandado seu,<br/>Minha alma deixa a terra e vai gozar no céu.<br/>O mundo desprezei, seu lucro e seu louvor,<br/>E Deus por meu quinhão tomei e protetor.</lines>
    </verse>
    <verse name="v3">
      <lines>Meu guia Deus será!<br/>Seu infinito amor<br/>Feliz em tudo me fará por onde eu for.<br/>Tomou-me pela mão, nas trevas deu-me luz,<br/>E dá-me eterna salvação por meu Jesus.</lines>
    </verse>
    <verse name="v4">
      <lines>Meu Deus por si jurou,<br/>Eu nele confiei!<br/>E para o céu que preparou eu subirei.<br/>Sua face eu hei de ver, confiado em seu amor,<br/>E para sempre engrandecer meu Redentor.</lines>
    </verse>
  </lyrics>
</song>
