<?xml version='1.0' encoding='utf-8'?>
<song xmlns="http://openlyrics.info/namespace/2009/song" version="0.8" createdIn="OpenLP 2.0.3" modifiedIn="OpenLP 2.0.3" modifiedDate="2013-09-21T14:48:50">
  <properties>
    <titles>
      <title>HNC 042 - O Grande Amor de Deus</title>
    </titles>
    <verseOrder>v1 c1 v2 c1 v3 c1</verseOrder>
    <authors>
      <author>Hinário Novo Cântico</author>
    </authors>
    <songbooks>
      <songbook name="Hinário Novo Cântico" entry="42"/>
    </songbooks>
  </properties>
  <format>
    <tags application="OpenLP">
      <tag name="it">
        <open>&lt;em&gt;</open>
        <close>&lt;/em&gt;</close>
      </tag>
    </tags>
  </format>
  <lyrics>
    <verse name="v1">
      <lines>A Deus demos glória, <br/>Por seu grande amor,<br/>O Filho bendito por nós todos deu,<br/>E graça concede ao mais vil pecador,<br/>Abrindo-lhe a porta de entrada no céu.</lines>
    </verse>
    <verse name="v2">
      <lines>Oh! Graça real! Foi assim que Jesus,<br/>Morrendo, seu sangue <br/>Por nós derramou,<br/>Herança nos céus, com os santos em luz,<br/>Legou-nos Aquele que o preço pagou.</lines>
    </verse>
    <verse name="v3">
      <lines>Tal prova de amor nos <br/>Persuade a confiar<br/>Nos merecimentos do Filho de Deus!<br/>E quem, a Jesus, pela fé se entregar,<br/>Vai vê-lo na Glória eterna dos céus.</lines>
    </verse>
    <verse name="c1">
      <lines>
        <tag name="it">Exultai! Exultai! Vinde todos louvar<br/>A Jesus, Salvador, a Jesus, Redentor!<br/>A Deus demos glória, <br/>Porquanto do céu<br/>Seu Filho bendito por nós todos deu!</tag>
      </lines>
    </verse>
  </lyrics>
</song>
