<?xml version='1.0' encoding='utf-8'?>
<song xmlns="http://openlyrics.info/namespace/2009/song" version="0.8" createdIn="OpenLP 2.0.3" modifiedIn="OpenLP 2.0.3" modifiedDate="2013-09-21T14:49:02">
  <properties>
    <titles>
      <title>HNC 324 - Unidas e Firmes</title>
    </titles>
    <verseOrder>v1 c1 v2 c1 v3 c1</verseOrder>
    <authors>
      <author>Hinário Novo Cântico</author>
    </authors>
    <songbooks>
      <songbook name="Hinário Novo Cântico" entry="324"/>
    </songbooks>
  </properties>
  <format>
    <tags application="OpenLP">
      <tag name="it">
        <open>&lt;em&gt;</open>
        <close>&lt;/em&gt;</close>
      </tag>
    </tags>
  </format>
  <lyrics>
    <verse name="v1">
      <lines>Sempre unidas, companheiras,<br/>Declaremos, por Jesus,<br/>Guerra santa contra as trevas,<br/>Pelejando junto à cruz!</lines>
    </verse>
    <verse name="v2">
      <lines>Somos fracas, bem sabemos,<br/>Mas havemos de vencer;<br/>Se tivermos confiança,<br/>Se cumprirmos o dever.</lines>
    </verse>
    <verse name="v3">
      <lines>Sempre firmes na esperança,<br/>Confiando no Senhor,<br/>Imploremos sua graça<br/>E busquemos seu amor!</lines>
    </verse>
    <verse name="c1">
      <lines>
        <tag name="it">Vamos todas, vamos todas,<br/>Sempre unidas no Senhor!<br/>Como esposas, mães ou filhas,<br/>Trabalhemos com fervor!</tag>
      </lines>
    </verse>
  </lyrics>
</song>
