<?xml version='1.0' encoding='utf-8'?>
<song xmlns="http://openlyrics.info/namespace/2009/song" version="0.8" createdIn="OpenLP 2.0.3" modifiedIn="OpenLP 2.0.3" modifiedDate="2013-09-21T14:48:57">
  <properties>
    <titles>
      <title>HNC 223 - Oração do Arrependido</title>
    </titles>
    <verseOrder>v1 c1 v2 c1 v3 c1 v4 c2</verseOrder>
    <authors>
      <author>Hinário Novo Cântico</author>
    </authors>
    <songbooks>
      <songbook name="Hinário Novo Cântico" entry="223"/>
    </songbooks>
  </properties>
  <format>
    <tags application="OpenLP">
      <tag name="it">
        <open>&lt;em&gt;</open>
        <close>&lt;/em&gt;</close>
      </tag>
    </tags>
  </format>
  <lyrics>
    <verse name="v1">
      <lines>Convencido estou, ó Cristo<br/>De que o mundo é sempre vão.<br/>Quero, pois, viver contigo,<br/>Sempre em doce comunhão.</lines>
    </verse>
    <verse name="v2">
      <lines>Quanta dor, tristeza imensa,<br/>Sinto, ó Deus, ao me lembrar<br/>Que vivi, por tanto tempo,<br/>Tua causa a desprezar!</lines>
    </verse>
    <verse name="v3">
      <lines>Não mais quero a vida inglória,<br/>Onde, incauto, me abismei.<br/>Na doutrina do Evangelho,<br/>De hoje em diante eu viverei!</lines>
    </verse>
    <verse name="v4">
      <lines>Quero os dons, que me outorgaste,<br/>Empregar no Teu labor,<br/>Trabalhando em Tua Igreja,<br/>Bem firmado em Teu amor.</lines>
    </verse>
    <verse name="c1">
      <lines>
        <tag name="it">Toma, ó Salvador,<br/>Minha débil mão!<br/>Pois viver contigo eu quero<br/>Sempre em comunhão!</tag>
      </lines>
    </verse>
    <verse name="c2">
      <lines>
        <tag name="it">Toma, ó Salvador,<br/>Minha débil mão!<br/>Pois viver contigo eu quero<br/>Sempre em comunhão! Amém.</tag>
      </lines>
    </verse>
  </lyrics>
</song>
