<?xml version='1.0' encoding='utf-8'?>
<song xmlns="http://openlyrics.info/namespace/2009/song" version="0.8" createdIn="OpenLP 2.0.3" modifiedIn="OpenLP 2.0.3" modifiedDate="2013-09-21T14:48:50">
  <properties>
    <titles>
      <title>HNC 062 - Hino de Gratidão</title>
    </titles>
    <verseOrder>v1 c1 v2 c1 v3 c1 v4 c2</verseOrder>
    <authors>
      <author>Hinário Novo Cântico</author>
    </authors>
    <songbooks>
      <songbook name="Hinário Novo Cântico" entry="62"/>
    </songbooks>
  </properties>
  <format>
    <tags application="OpenLP">
      <tag name="it">
        <open>&lt;em&gt;</open>
        <close>&lt;/em&gt;</close>
      </tag>
    </tags>
  </format>
  <lyrics>
    <verse name="v1">
      <lines>Graças te dou por tudo que me deste,<br/>Primeiro a salvação em meu Jesus.<br/>Graças de dou por tudo que fizeste<br/>Por este pecador salvo na cruz !</lines>
    </verse>
    <verse name="v2">
      <lines>Eu te agradeço a bênção do trabalho<br/>E do meu lar, que alegra o meu viver;<br/>A correção paterna, quando falho,<br/>Provando o teu amor pelo meu ser.</lines>
    </verse>
    <verse name="v3">
      <lines>Eu te agradeço o pão de cada dia,<br/>A água que alivia a sede dura,<br/>E o sol que aquece a pobre gente fria,<br/>São bênçãos que enchem a terra de fartura.</lines>
    </verse>
    <verse name="v4">
      <lines>Eu te agradeço, ó Pai , os meus amigos,<br/>E os inimigos também te agradeço.<br/>Sou grato por vitórias em perigos,<br/>E outras bênçãos que eu não mereço.</lines>
    </verse>
    <verse name="c1">
      <lines>
        <tag name="it">Graças, graças, mil graças <br/>A ti, meu Salvador !<br/>Graças, graças, mil graças <br/>Por teu precioso amor !</tag>
      </lines>
    </verse>
    <verse name="c2">
      <lines>
        <tag name="it">Graças, graças, mil graças <br/>A ti, meu Salvador !<br/>Graças, graças, mil graças <br/>Por teu precioso amor ! Amém.</tag>
      </lines>
    </verse>
  </lyrics>
</song>
