<?xml version='1.0' encoding='utf-8'?>
<song xmlns="http://openlyrics.info/namespace/2009/song" version="0.8" createdIn="OpenLP 2.0.3" modifiedIn="OpenLP 2.0.3" modifiedDate="2013-09-21T14:48:58">
  <properties>
    <titles>
      <title>HNC 232 - Pequena Vila de Belém</title>
    </titles>
    <authors>
      <author>Hinário Novo Cântico</author>
    </authors>
    <songbooks>
      <songbook name="Hinário Novo Cântico" entry="232"/>
    </songbooks>
  </properties>
  <lyrics>
    <verse name="v1">
      <lines>Pequena vila de Belém,<br/>Repousa em teu dormir,<br/>Enquanto os astros lá no céu<br/>Estão a refulgir.<br/>Porém, nas tuas trevas<br/>Resplende eterna luz,<br/>Incomparável, divinal:<br/>Nasceu o bom Jesus!</lines>
    </verse>
    <verse name="v2">
      <lines>Da virgem mãe nasceu Jesus!<br/>Vós, anjos, proclamai<br/>As boas-novas lá dos céus,<br/>E a Deus louvores daí!<br/>Estrelas matutinas,<br/>Em hinos de louvor,<br/>Aos anjos e homens proclamai<br/>De Deus o eterno amor.</lines>
    </verse>
    <verse name="v3">
      <lines>O dom glorioso, divinal,<br/>Nenhum estrondo faz,<br/>Assim, aos homens, o Senhor<br/>Concede a graça e paz.<br/>Sereno e sem alarde<br/>Vem Ele ao mundo sim,<br/>Trazendo aos homens Redenção,<br/>Amor e paz sem fim.</lines>
    </verse>
    <verse name="v4">
      <lines>Oh! Vem morar nos corações,<br/>Divino Rei, Jesus,<br/>E faze-os entrever no céu<br/>Visões de Tua luz.<br/>Ali proclamam anjos<br/>De Deus o amor fiel!<br/>Oh! Vem, Senhor, aqui reinar,<br/>Eterno Emanuel.<br/>Amém.</lines>
    </verse>
  </lyrics>
</song>
