<?xml version='1.0' encoding='utf-8'?>
<song xmlns="http://openlyrics.info/namespace/2009/song" version="0.8" createdIn="OpenLP 2.0.3" modifiedIn="OpenLP 2.0.3" modifiedDate="2013-09-21T14:49:00">
  <properties>
    <titles>
      <title>HNC 273 - Memórias da Ressurreição</title>
    </titles>
    <authors>
      <author>Hinário Novo Cântico</author>
    </authors>
    <songbooks>
      <songbook name="Hinário Novo Cântico" entry="273"/>
    </songbooks>
  </properties>
  <lyrics>
    <verse name="v1">
      <lines>Hoje nos lembramos da ressurreição<br/>Que assegura ao crente plena redenção.<br/>Ao terceiro dia, qual nos prometeu,<br/>Os grilhões da morte o Salvador rompeu.<br/>Sejas Tu louvado, ó redentor Jesus!</lines>
    </verse>
    <verse name="v2">
      <lines>Vencedor da morte, o Salvador Jesus<br/>Transformou as trevas em gloriosa Luz.<br/>E as primícias fez-se, na ressurreição,<br/>Dos fiéis que um dia ressuscitarão.<br/>Sejas Tu louvado, ó grande Vencedor!</lines>
    </verse>
    <verse name="v3">
      <lines>Teu amor foi tanto, pelo pecador,<br/>Que por nós sofreste a punição e a dor.<br/>Mas, ressuscitado, junto ao Pai estás,<br/>Garantia eterna de perdão e paz.<br/>Sejas Tu louvado, ó forte Mediador.</lines>
    </verse>
    <verse name="v4">
      <lines>Sumo Sacerdote! Santo Intercessor!<br/>Hoje te aclamamos Rei e Salvador!<br/>Para sempre vives, na celeste luz,<br/>Homem-Deus ilustre, ó Redentor Jesus!<br/>Sejas Tu louvado eternamente, amém!</lines>
    </verse>
  </lyrics>
</song>
