<?xml version='1.0' encoding='utf-8'?>
<song xmlns="http://openlyrics.info/namespace/2009/song" version="0.8" createdIn="OpenLP 2.0.3" modifiedIn="OpenLP 2.0.3" modifiedDate="2013-09-21T14:49:01">
  <properties>
    <titles>
      <title>HNC 295 - A Volta de Jesus</title>
    </titles>
    <authors>
      <author>Hinário Novo Cântico</author>
    </authors>
    <songbooks>
      <songbook name="Hinário Novo Cântico" entry="295"/>
    </songbooks>
  </properties>
  <lyrics>
    <verse name="v1">
      <lines>Sobre nuvens fulgurante<br/>Vem do céu o Salvador.<br/>Com poder e majestade<br/>Anjos traz ao Seu redor.<br/>Vem glorioso, vem glorioso,<br/>Cristo, o eterno Vencedor.</lines>
    </verse>
    <verse name="v2">
      <lines>Quem atrozes inimigos<br/>Uma vez na cruz venceu,<br/>Ressurgiu da sepultura<br/>E subiu além do véu.<br/>Aleluia! Aleluia!<br/>Outra vez vem lá do céu.</lines>
    </verse>
    <verse name="v3">
      <lines>Para um dia tão solene<br/>Preparaste-nos, Senhor,<br/>Para que, vencida a morte,<br/>Nos vejamos sem temor,<br/>Contemplando, contemplando,<br/>Tua face em resplendor! Amém.</lines>
    </verse>
  </lyrics>
</song>
