<?xml version='1.0' encoding='utf-8'?>
<song xmlns="http://openlyrics.info/namespace/2009/song" version="0.8" createdIn="OpenLP 2.0.3" modifiedIn="OpenLP 2.0.3" modifiedDate="2013-09-21T14:48:50">
  <properties>
    <titles>
      <title>HNC 039 - Exaltação e Louvor</title>
    </titles>
    <verseOrder>v1 c1 v2 c1 v3 c1</verseOrder>
    <authors>
      <author>Hinário Novo Cântico</author>
    </authors>
    <songbooks>
      <songbook name="Hinário Novo Cântico" entry="39"/>
    </songbooks>
  </properties>
  <format>
    <tags application="OpenLP">
      <tag name="it">
        <open>&lt;em&gt;</open>
        <close>&lt;/em&gt;</close>
      </tag>
    </tags>
  </format>
  <lyrics>
    <verse name="v1">
      <lines>Oh, vinde crentes dar louvor ao grande Rei Jesus,<br/>Que para a nossa Redenção morreu na amarga cruz;<br/>Seu sangue derramou, de tudo me lavou: <br/>Mais alvo do que a neve me tornou.</lines>
    </verse>
    <verse name="v2">
      <lines>Oh, vinde unir-vos a Jesus na luta contra o mal,<br/>E, com o grande Salvador em marcha triunfal,<br/>A todos proclamar que seu amor sem par<br/>O fez na cruz seu sangue derramar.</lines>
    </verse>
    <verse name="v3">
      <lines>O Chefe da milícia é Jesus, meu Salvador,<br/>O Rei dos Reis, o Redentor, o eterno e bom Senhor; <br/>A tudo vencerá, vitória nos dará,<br/>E à glória eterna os seus conduzirá.</lines>
    </verse>
    <verse name="c1">
      <lines>
        <tag name="it">O sangue de Jesus me lavou, me lavou;<br/>O sangue de Jesus me lavou, me lavou!<br/>Alegre, cantarei louvores ao meu Rei,<br/>Ao meu Senhor Jesus que me salvou!</tag>
      </lines>
    </verse>
  </lyrics>
</song>
