<?xml version='1.0' encoding='utf-8'?>
<song xmlns="http://openlyrics.info/namespace/2009/song" version="0.8" createdIn="OpenLP 2.0.3" modifiedIn="OpenLP 2.0.3" modifiedDate="2013-12-24T19:38:28">
  <properties>
    <titles>
      <title>HNC 082 - Divino Preceptor</title>
    </titles>
    <authors>
      <author>Hinário Novo Cântico</author>
    </authors>
    <songbooks>
      <songbook name="Hinário Novo Cântico" entry="82"/>
    </songbooks>
  </properties>
  <lyrics>
    <verse name="v1">
      <lines>Ó divino Preceptor,<br/>Já sentimos teu favor!<br/>Ó Consolador real,<br/>Tua graça é divinal.</lines>
    </verse>
    <verse name="v2">
      <lines>Grande Instruidor veraz,<br/>Desfrutamos tua paz!<br/>Encha o mundo a tua luz,<br/>Guia os homens a Jesus!</lines>
    </verse>
    <verse name="v3">
      <lines>Santo Espírito de Deus,<br/>Que desceste lá dos céus,<br/>Revestindo de poder,<br/>Santifica o nosso ser.<br/>Amém.</lines>
    </verse>
  </lyrics>
</song>
