<?xml version='1.0' encoding='utf-8'?>
<song xmlns="http://openlyrics.info/namespace/2009/song" version="0.8" createdIn="OpenLP 2.0.3" modifiedIn="OpenLP 2.0.3" modifiedDate="2013-09-21T14:48:52">
  <properties>
    <titles>
      <title>HNC 101 - A Voz da Salvação</title>
    </titles>
    <verseOrder>v1 c1 v2 c1 v3 c1</verseOrder>
    <authors>
      <author>Hinário Novo Cântico</author>
    </authors>
    <songbooks>
      <songbook name="Hinário Novo Cântico" entry="101"/>
    </songbooks>
  </properties>
  <format>
    <tags application="OpenLP">
      <tag name="it">
        <open>&lt;em&gt;</open>
        <close>&lt;/em&gt;</close>
      </tag>
    </tags>
  </format>
  <lyrics>
    <verse name="v1">
      <lines>Ouvi a doce voz<br/>De Cristo, o Redentor,<br/>Chamar-me para a salvação,<br/>Que vem do seu amor.</lines>
    </verse>
    <verse name="v2">
      <lines>Nas trevas eu vivi,<br/>Indigno e sem valor;<br/>Porém, e agora, em teu poder,<br/>Eu ando, ó Salvador!</lines>
    </verse>
    <verse name="v3">
      <lines>A Deus eu louvarei<br/>Por essa redenção,<br/>Pois tendo Cristo, o Redentor,<br/>Eu tenho a salvação.</lines>
    </verse>
    <verse name="c1">
      <lines>
        <tag name="it">Fui ao meu Senhor<br/>Que me convidou;<br/>Bem nenhum havia em mim,<br/>Mas ele me salvou.</tag>
      </lines>
    </verse>
  </lyrics>
</song>
