<?xml version='1.0' encoding='utf-8'?>
<song xmlns="http://openlyrics.info/namespace/2009/song" version="0.8" createdIn="OpenLP 2.0.3" modifiedIn="OpenLP 2.0.3" modifiedDate="2013-09-21T14:49:01">
  <properties>
    <titles>
      <title>HNC 316 - Os Intentos de Deus</title>
    </titles>
    <authors>
      <author>Hinário Novo Cântico</author>
    </authors>
    <songbooks>
      <songbook name="Hinário Novo Cântico" entry="316"/>
    </songbooks>
  </properties>
  <lyrics>
    <verse name="v1">
      <lines>Os seus intentos cumpre Deus<br/>No decorrer dos anos.<br/>Ele executa o Seu querer<br/>De acordo com Seus planos.<br/>Eia! Aproxima-se o final!<br/>Bem perto o dia vem,<br/>Quando a glória de Deus<br/>Há de o mundo inundar,<br/>Como as águas cobrem o mar.</lines>
    </verse>
    <verse name="v2">
      <lines>Desde o longínquo norte ao sul,<br/>Em todos os recantos,<br/>Sai a mensagem do Senhor<br/>Da boca dos seus santos.<br/>Povos, nações, vinde! Atendei!<br/>O seu apelo ouvi,<br/>Para a glória de Deus<br/>Vir o mundo inundar,<br/>Como as águas cobrem o mar.</lines>
    </verse>
    <verse name="v3">
      <lines>Com a bandeira de Jesus,<br/>Avante, caminhemos.<br/>Seu Evangelho, a salvação,<br/>Ao mundo anunciemos.<br/>Contra o pecado e todo o mal<br/>Lutemos com vigor,<br/>Para a glória de Deus<br/>Vir o mundo inundar,<br/>Como as águas cobrem o mar.</lines>
    </verse>
    <verse name="v4">
      <lines>Nosso trabalho vão será<br/>Se Deus não for presente.<br/>Só Ele o esforço aqui bendiz<br/>E é quem nutre a semente.<br/>Eia! Aproxima-se o final!<br/>Bem perto o dia vem,<br/>Quando a glória de Deus<br/>Há de o mundo inundar,<br/>Como as águas cobrem o mar.</lines>
    </verse>
  </lyrics>
</song>
