<?xml version='1.0' encoding='utf-8'?>
<song xmlns="http://openlyrics.info/namespace/2009/song" version="0.8" createdIn="OpenLP 2.0.3" modifiedIn="OpenLP 2.0.3" modifiedDate="2013-09-21T14:49:01">
  <properties>
    <titles>
      <title>HNC 310 - Quem Salva É só Jesus</title>
    </titles>
    <authors>
      <author>Hinário Novo Cântico</author>
    </authors>
    <songbooks>
      <songbook name="Hinário Novo Cântico" entry="310"/>
    </songbooks>
  </properties>
  <lyrics>
    <verse name="v1">
      <lines>De Deus, ó eterna Igreja<br/>Que espalhas santa luz,<br/>Proclama aos pecadores:<br/>“Quem salva é só Jesus!”<br/>“Quem salva é só Jesus!”<br/>“Quem salva é só Jesus!”<br/>Proclama aos pecadores:<br/>“Quem salva é só Jesus!”</lines>
    </verse>
    <verse name="v2">
      <lines>Aos presos, algemados,<br/>No mundo que seduz,<br/>Revela a esperança:<br/>“Quem salva é só Jesus!”<br/>“Quem salva é só Jesus!”<br/>“Quem salva é só Jesus!”<br/>Revela a esperança:<br/>“Quem salva é só Jesus!”</lines>
    </verse>
    <verse name="v3">
      <lines>Atrai os que, perdidos,<br/>Mui longe estão da cruz.<br/>Vai, dize aos desgarrados:<br/>“Quem salva é só Jesus!”<br/>“Quem salva é só Jesus!”<br/>“Quem salva é só Jesus!”<br/>Vai, dize aos desgarrados:<br/>“Quem salva é só Jesus!”</lines>
    </verse>
  </lyrics>
</song>
