<?xml version='1.0' encoding='utf-8'?>
<song xmlns="http://openlyrics.info/namespace/2009/song" version="0.8" createdIn="OpenLP 2.0.3" modifiedIn="OpenLP 2.0.3" modifiedDate="2013-09-21T14:48:55">
  <properties>
    <titles>
      <title>HNC 172 - Chuvas de Bênçãos</title>
    </titles>
    <verseOrder>v1 c1 v2 c1 v3 c1 v4 c1</verseOrder>
    <authors>
      <author>Hinário Novo Cântico</author>
    </authors>
    <songbooks>
      <songbook name="Hinário Novo Cântico" entry="172"/>
    </songbooks>
  </properties>
  <format>
    <tags application="OpenLP">
      <tag name="it">
        <open>&lt;em&gt;</open>
        <close>&lt;/em&gt;</close>
      </tag>
    </tags>
  </format>
  <lyrics>
    <verse name="v1">
      <lines>Chuvas de bênçãos teremos<br/>Pelas promessas de Deus;<br/>Tempos benditos trazendo<br/>Chuvas de bênçãos dos céus.</lines>
    </verse>
    <verse name="v2">
      <lines>Chuvas de bênçãos teremos,<br/>Que do Senhor nos virão.<br/>Os pecadores indignos<br/>Graças dos céus obterão.</lines>
    </verse>
    <verse name="v3">
      <lines>Chuvas de bênçãos teremos,<br/>Manda-nos, pois, ó Senhor.<br/>Dá-nos o gozo os frutos<br/>Dos teus ensinos de amor!</lines>
    </verse>
    <verse name="v4">
      <lines>Chuvas de bênçãos teremos,<br/>Chuvas mandadas dos céus,<br/>Bênçãos a todos os crente,<br/>Bênçãos do nosso bom Deus.</lines>
    </verse>
    <verse name="c1">
      <lines>
        <tag name="it">Chuvas de bênçãos,<br/>Chuvas de bênçãos dos céus!<br/>Tantas nós já recebemos,<br/>Outras rogamos a Deus!</tag>
      </lines>
    </verse>
  </lyrics>
</song>
