<?xml version='1.0' encoding='utf-8'?>
<song xmlns="http://openlyrics.info/namespace/2009/song" version="0.8" createdIn="OpenLP 2.0.3" modifiedIn="OpenLP 2.0.3" modifiedDate="2013-09-21T14:48:57">
  <properties>
    <titles>
      <title>HNC 222 - Mais Perto da Cruz</title>
    </titles>
    <verseOrder>v1 c1 v2 c1 v3 c2</verseOrder>
    <authors>
      <author>Hinário Novo Cântico</author>
    </authors>
    <songbooks>
      <songbook name="Hinário Novo Cântico" entry="222"/>
    </songbooks>
  </properties>
  <format>
    <tags application="OpenLP">
      <tag name="it">
        <open>&lt;em&gt;</open>
        <close>&lt;/em&gt;</close>
      </tag>
    </tags>
  </format>
  <lyrics>
    <verse name="v1">
      <lines>Meu Senhor, sou Teu, Tua voz ouvi<br/>A chamar-me com amor!<br/>E contigo sempre desejo estar,<br/>Ó bendito Salvador!</lines>
    </verse>
    <verse name="v2">
      <lines>A seguir-te sempre, eu me decidi,<br/>Constrangido pelo amor!<br/>Jubiloso, pois, me declaro Teu,<br/>Sem reservas, meu Senhor.</lines>
    </verse>
    <verse name="v3">
      <lines>Que prazer sem par, que delícia é<br/>Aos Teus santos pés me achar!<br/>E com viva fé e profundo amor,<br/>Com meu Salvador falar.</lines>
    </verse>
    <verse name="c1">
      <lines>
        <tag name="it">Mais perto da Tua cruz<br/>Quero estar, ó Salvador!<br/>Mais perto da Tua cruz<br/>Eu desejo estar, Senhor.</tag>
      </lines>
    </verse>
    <verse name="c2">
      <lines>
        <tag name="it">Mais perto da Tua cruz<br/>Quero estar, ó Salvador!<br/>Mais perto da Tua cruz<br/>Eu desejo estar, Senhor. Amém.</tag>
      </lines>
    </verse>
  </lyrics>
</song>
