<?xml version='1.0' encoding='utf-8'?>
<song xmlns="http://openlyrics.info/namespace/2009/song" version="0.8" createdIn="OpenLP 2.0.3" modifiedIn="OpenLP 2.0.3" modifiedDate="2013-09-21T14:48:52">
  <properties>
    <titles>
      <title>HNC 106 - Fonte Carmesim</title>
    </titles>
    <verseOrder>v1 c1 v2 c1 v3 c1</verseOrder>
    <authors>
      <author>Hinário Novo Cântico</author>
    </authors>
    <songbooks>
      <songbook name="Hinário Novo Cântico" entry="106"/>
    </songbooks>
  </properties>
  <format>
    <tags application="OpenLP">
      <tag name="it">
        <open>&lt;em&gt;</open>
        <close>&lt;/em&gt;</close>
      </tag>
    </tags>
  </format>
  <lyrics>
    <verse name="v1">
      <lines>Há uma fonte carmesim<br/>Que meu Jesus abriu,<br/>No dia em que na cruz, por mim,<br/>Morreu e me remiu.</lines>
    </verse>
    <verse name="v2">
      <lines>E desde que, por seu amor,<br/>O rumo me apontou,<br/>Confio nele, com fervor,<br/>Pois que me resgatou.</lines>
    </verse>
    <verse name="v3">
      <lines>A sua morte sobre a cruz<br/>Traz vida imortal!<br/>E vou morar com Cristo em luz<br/>Na glória celestial.</lines>
    </verse>
    <verse name="c1">
      <lines>
        <tag name="it">Eu creio, sim, eu creio,<br/>Jesus por mim morreu!<br/>Foi sobre a cruz, com grande amor,<br/>Que Cristo padeceu.</tag>
      </lines>
    </verse>
  </lyrics>
</song>
