<?xml version='1.0' encoding='utf-8'?>
<song xmlns="http://openlyrics.info/namespace/2009/song" version="0.8" createdIn="OpenLP 2.0.3" modifiedIn="OpenLP 2.0.3" modifiedDate="2013-09-21T14:48:59">
  <properties>
    <titles>
      <title>HNC 259 - Hosana e Glória</title>
    </titles>
    <authors>
      <author>Hinário Novo Cântico</author>
    </authors>
    <songbooks>
      <songbook name="Hinário Novo Cântico" entry="259"/>
    </songbooks>
  </properties>
  <lyrics>
    <verse name="v1">
      <lines>A ti, hosana e glória, ó Cristo Salvador,<br/>Cantavam as crianças com vozes de louvor<br/>O povo hebreu saudou-Te com palmas e com flor<br/>E nós cantamos hinos a Ti, Rei Vencedor.</lines>
    </verse>
    <verse name="v2">
      <lines>Tu és o Rei eterno, Tu és o Emanuel,<br/>Que vens no santo Nome de nosso Deus fiel.<br/>Com “vivas” te acolheram, às portas da paixão,<br/>E nós cantamos hoje louvor e gratidão.</lines>
    </verse>
    <verse name="v3">
      <lines>Assim como aceitaste do povo a saudação,<br/>Aceita o nosso canto de grata exaltação.<br/>A Ti, hosana e glória, ó Cristo Salvador,<br/>Cantavam as crianças com vozes de louvor.</lines>
    </verse>
  </lyrics>
</song>
