<?xml version='1.0' encoding='utf-8'?>
<song xmlns="http://openlyrics.info/namespace/2009/song" version="0.8" createdIn="OpenLP 2.0.3" modifiedIn="OpenLP 2.0.3" modifiedDate="2013-09-21T14:48:53">
  <properties>
    <titles>
      <title>HNC 127 - Hora Bendita</title>
    </titles>
    <authors>
      <author>Hinário Novo Cântico</author>
    </authors>
    <songbooks>
      <songbook name="Hinário Novo Cântico" entry="127"/>
    </songbooks>
  </properties>
  <format>
    <tags application="OpenLP">
      <tag name="it">
        <open>&lt;em&gt;</open>
        <close>&lt;/em&gt;</close>
      </tag>
    </tags>
  </format>
  <lyrics>
    <verse name="v1">
      <lines>Bendita hora de oração,<br/>Que acalma o aflito coração,<br/>O qual, por meio de Jesus,<br/>Ao Pai suplica auxílio e luz.<br/>Em tempos de cuidado e dor,<br/>Refúgio tenho em meu Senhor;<br/><tag name="it">Vencendo o ardil da tentação,<br/>Bendigo a hora de oração.</tag></lines>
    </verse>
    <verse name="v2">
      <lines>Bendita hora de oração,<br/>Quando a fervente petição<br/>Se eleva ao trono do Senhor,<br/>Que atende a voz do meu clamor!<br/>Pois ele ordena recorrer<br/>Ao seu amor, ao seu poder;<br/><tag name="it">Contente e sem perturbação,<br/>Eu busco a hora de oração.</tag></lines>
    </verse>
    <verse name="v3">
      <lines>Bendita hora de oração,<br/>De santa paz e comunhão!<br/>Desejo, enquanto aqui me achar,<br/>Com fé constante, humilde, orar.<br/>E, enfim, no resplendor de Deus,<br/>Na glória dos mais altos céus.<br/><tag name="it">Lembrar-me-ei, com gratidão,<br/>Das horas suaves de oração.</tag></lines>
    </verse>
  </lyrics>
</song>
