<?xml version='1.0' encoding='utf-8'?>
<song xmlns="http://openlyrics.info/namespace/2009/song" version="0.8" createdIn="OpenLP 2.0.3" modifiedIn="OpenLP 2.0.3" modifiedDate="2013-09-21T14:48:52">
  <properties>
    <titles>
      <title>HNC 097 - Súplica do Redimido</title>
    </titles>
    <verseOrder>v1 c1 v2 c1 v3 c2</verseOrder>
    <authors>
      <author>Hinário Novo Cântico</author>
    </authors>
    <songbooks>
      <songbook name="Hinário Novo Cântico" entry="97"/>
    </songbooks>
  </properties>
  <format>
    <tags application="OpenLP">
      <tag name="it">
        <open>&lt;em&gt;</open>
        <close>&lt;/em&gt;</close>
      </tag>
    </tags>
  </format>
  <lyrics>
    <verse name="v1">
      <lines>Meu pecado resgatado<br/>Foi na cruz, por teu amor!<br/>E da morte – triste sorte! –<br/>Me livraste, ó Redentor!</lines>
    </verse>
    <verse name="v2">
      <lines>Se hesitante, vacilante,<br/>Ouço a voz do tentador,<br/>Tu me guias, me auxilias,<br/>E me tornas vencedor.</lines>
    </verse>
    <verse name="v3">
      <lines>Redimida, só tem vida<br/>A minha alma em teu amor!<br/>Com apreço reconheço<br/>Quanto devo a ti, Senhor.</lines>
    </verse>
    <verse name="c1">
      <lines>
        <tag name="it">Cristo inflama viva chama<br/>Em meu peito, ó Salvador!<br/>Pois te adora quem te implora:<br/>Vem guiar-me, bom Senhor!</tag>
      </lines>
    </verse>
    <verse name="c2">
      <lines>
        <tag name="it">Cristo inflama viva chama<br/>Em meu peito, ó Salvador!<br/>Pois te adora quem te implora:<br/>Vem guiar-me, bom Senhor! Amém.</tag>
      </lines>
    </verse>
  </lyrics>
</song>
