<?xml version='1.0' encoding='utf-8'?>
<song xmlns="http://openlyrics.info/namespace/2009/song" version="0.8" createdIn="OpenLP 2.0.3" modifiedIn="OpenLP 2.0.3" modifiedDate="2013-09-21T14:48:53">
  <properties>
    <titles>
      <title>HNC 119 - Súplica pelo Culto</title>
    </titles>
    <authors>
      <author>Hinário Novo Cântico</author>
    </authors>
    <songbooks>
      <songbook name="Hinário Novo Cântico" entry="119"/>
    </songbooks>
  </properties>
  <lyrics>
    <verse name="v1">
      <lines>Fala, ó Deus, agora pela pregação,<br/>Despertando em todos santa inspiração!</lines>
    </verse>
    <verse name="v2">
      <lines>Vem, pelo Evangelho, almas despertar!<br/>Os remidos todos vem santificar!</lines>
    </verse>
    <verse name="v3">
      <lines>Manda à tua Igreja mais poder, Senhor,<br/>Pela boa-nova do teu pregador!</lines>
    </verse>
    <verse name="v4">
      <lines>Torna-a instrumento da verdade e luz,<br/>Do amor e graça que vêm de Jesus. Amém.</lines>
    </verse>
  </lyrics>
</song>
