<?xml version='1.0' encoding='utf-8'?>
<song xmlns="http://openlyrics.info/namespace/2009/song" version="0.8" createdIn="OpenLP 2.0.3" modifiedIn="OpenLP 2.0.3" modifiedDate="2013-12-24T18:30:21">
  <properties>
    <titles>
      <title>HNC 385 - O Estudante e a Bíblia</title>
    </titles>
    <authors>
      <author>Hinário Novo Cântico</author>
    </authors>
    <songbooks>
      <songbook name="Hinário Novo Cântico" entry="384"/>
    </songbooks>
  </properties>
  <lyrics>
    <verse name="v1">
      <lines>Toda a luz que a razão irradia<br/>Nós podemos nos livros achar,<br/>Mas só Cristo nossa alma alumia,<br/>Pois só ele dá calma e alegria<br/>E só ele nos pode guiar. (bis)</lines>
    </verse>
    <verse name="v2">
      <lines>Muito mais do que bons estudantes,<br/>Muito mais do que bons cidadãos,<br/>Precisamos andar vigilantes<br/>Para sermos da fé bandeirantes,<br/>Pois, colegas, nós somos cristãos! (bis)</lines>
    </verse>
    <verse name="v3">
      <lines>Não busquemos apenas a glória<br/>De alcançar quase todo o saber,<br/>Quer da Ciência, quer da Arte ou da História:<br/>A Razão é falaz e ilusória!<br/>Sem Jesus nada pode valer! (bis)</lines>
    </verse>
    <verse name="v4">
      <lines>À pesquisa da pura verdade<br/>Consagremos o nosso labor.<br/>Todo engano enfraquece a vontade,<br/>A mentira não traz liberdade<br/>E não cabe ao engano louvor! (bis)</lines>
    </verse>
    <verse name="v5">
      <lines>Só em Cristo esta Pátria querida<br/>Achará seu futuro feliz.<br/>Nele está toda a luz, toda a vida.<br/>Procuremos tornar difundida<br/>A verdade em nosso país. (bis)</lines>
    </verse>
  </lyrics>
</song>
