<?xml version='1.0' encoding='utf-8'?>
<song xmlns="http://openlyrics.info/namespace/2009/song" version="0.8" createdIn="OpenLP 2.0.3" modifiedIn="OpenLP 2.0.3" modifiedDate="2013-09-21T14:48:54">
  <properties>
    <titles>
      <title>HNC 142 - O Fiel Pastor</title>
    </titles>
    <authors>
      <author>Hinário Novo Cântico</author>
    </authors>
    <songbooks>
      <songbook name="Hinário Novo Cântico" entry="142"/>
    </songbooks>
  </properties>
  <lyrics>
    <verse name="v1">
      <lines>Fiel e bom Pastor é meu Senhor Jesus,<br/>E nada poderá faltar por onde me conduz.<br/>A pasto verde e bom conduz meu caminhar,<br/>E junto às águas puras vem fazer-me descansar.</lines>
    </verse>
    <verse name="v2">
      <lines>O bom Pastor fiel dirige em retidão,<br/>Com terno e mui paciente amor, meu frágil coração.<br/>E quando o fim chegar da vida temporal,<br/>Com ele, firme, eu estarei sem recear o mal.</lines>
    </verse>
    <verse name="v3">
      <lines>Eu tenho proteção no braço do Senhor,<br/>E sempre me consolará Jesus, o Salvador.<br/>Bondade e Graça, pois, aqui me seguirão,<br/>E na presença do Senhor terei habitação.</lines>
    </verse>
  </lyrics>
</song>
