<?xml version='1.0' encoding='utf-8'?>
<song xmlns="http://openlyrics.info/namespace/2009/song" version="0.8" createdIn="OpenLP 2.0.3" modifiedIn="OpenLP 2.0.3" modifiedDate="2013-09-21T14:48:56">
  <properties>
    <titles>
      <title>HNC 184 - Face a Face</title>
    </titles>
    <verseOrder>v1 c1 v2 c1 v3 c1 v4 c1</verseOrder>
    <authors>
      <author>Hinário Novo Cântico</author>
    </authors>
    <songbooks>
      <songbook name="Hinário Novo Cântico" entry="184"/>
    </songbooks>
  </properties>
  <format>
    <tags application="OpenLP">
      <tag name="it">
        <open>&lt;em&gt;</open>
        <close>&lt;/em&gt;</close>
      </tag>
    </tags>
  </format>
  <lyrics>
    <verse name="v1">
      <lines>Em breve a vida vou findar,<br/>Não mais aqui eu cantarei!<br/>Nos céus, então, irei morar,<br/>Lá na presença do meu Rei.</lines>
    </verse>
    <verse name="v2">
      <lines>E seja o dia quando for<br/>Que Deus me chame para lá,<br/>Bem certo estou que o Salvador<br/>Contente me receberá.</lines>
    </verse>
    <verse name="v3">
      <lines>A doce voz me soará<br/>De Cristo, amável Redentor!<br/>“Fiel, bom servo, bem está,<br/>Entra no gozo do Senhor”.</lines>
    </verse>
    <verse name="v4">
      <lines>Por meu Jesus eu vou viver<br/>E minha luz farei brilhar<br/>De dia em dia hei de fazer<br/>O que ao meu Salvador honrar.</lines>
    </verse>
    <verse name="c1">
      <lines>
        <tag name="it">E face a face vê-lo-ei,<br/>Liberto e salvo cantarei!<br/>E face a face vê-lo-ei,<br/>Liberto e salvo cantarei!</tag>
      </lines>
    </verse>
  </lyrics>
</song>
