<?xml version='1.0' encoding='utf-8'?>
<song xmlns="http://openlyrics.info/namespace/2009/song" version="0.8" createdIn="OpenLP 2.0.3" modifiedIn="OpenLP 2.0.3" modifiedDate="2013-09-21T14:48:53">
  <properties>
    <titles>
      <title>HNC 133 - Aspiração à Santidade</title>
    </titles>
    <authors>
      <author>Hinário Novo Cântico</author>
    </authors>
    <songbooks>
      <songbook name="Hinário Novo Cântico" entry="133"/>
    </songbooks>
  </properties>
  <lyrics>
    <verse name="v1">
      <lines>Puro, sim, mais puro eu desejo ser!<br/>Santo, sim, mais santo, sempre em meu viver!<br/>Ó Senhor, te peço nesta oração:<br/>Satisfaz o anseio do meu coração.</lines>
    </verse>
    <verse name="v2">
      <lines>Calmo, sim, mais calmo sempre quero estar!<br/>Firme, sim, mais firme eu desejo andar!<br/>Nunca se enfraqueça minha fé, Senhor,<br/>E que eu, sempre alegre, cante o teu louvor.</lines>
    </verse>
    <verse name="v3">
      <lines>Justo, sim, mais justo quem me dera ser!<br/>Reto, sim, mais reto em meu proceder.<br/>Cristo é meu modelo, sempre o seguirei;<br/>Tudo quanto almejo nele encontrarei.</lines>
    </verse>
  </lyrics>
</song>
