<?xml version='1.0' encoding='utf-8'?>
<song xmlns="http://openlyrics.info/namespace/2009/song" version="0.8" createdIn="OpenLP 2.0.3" modifiedIn="OpenLP 2.0.3" modifiedDate="2013-09-21T14:48:59">
  <properties>
    <titles>
      <title>HNC 246 - Jesus, o Messias</title>
    </titles>
    <authors>
      <author>Hinário Novo Cântico</author>
    </authors>
    <songbooks>
      <songbook name="Hinário Novo Cântico" entry="246"/>
    </songbooks>
  </properties>
  <lyrics>
    <verse name="v1">
      <lines>Jesus, o Messias, desceu lá do céu<br/>E foi no Natal quando ao mundo nasceu.<br/>Alegre e feliz eu me devo sentir,<br/>Pois Ele é o bom Rei que nos veio remir.</lines>
    </verse>
    <verse name="v2">
      <lines>Jesus, o Messias, não quis aqui ter<br/>Um berço macio e na vida prazer!<br/>Mas na manjedoura nasceu meu Jesus,<br/>Quando Ele nos veio trazer vida e luz.</lines>
    </verse>
    <verse name="v3">
      <lines>Jesus, o Messias, que veio salvar,<br/>A paz já nos deu e com Deus foi estar.<br/>E neste Natal, abençoa, Senhor,<br/>As vidas que agora te rendem louvor.<br/>Amém.</lines>
    </verse>
  </lyrics>
</song>
