<?xml version='1.0' encoding='utf-8'?>
<song xmlns="http://openlyrics.info/namespace/2009/song" version="0.8" createdIn="OpenLP 2.0.3" modifiedIn="OpenLP 2.0.3" modifiedDate="2013-09-21T14:48:49">
  <properties>
    <titles>
      <title>HNC 030 - Providência de Deus (Na Criação)</title>
    </titles>
    <verseOrder>v1 c1 v2 c1 v3 c1</verseOrder>
    <authors>
      <author>Hinário Novo Cântico</author>
    </authors>
    <songbooks>
      <songbook name="Hinário Novo Cântico" entry="30"/>
    </songbooks>
  </properties>
  <format>
    <tags application="OpenLP">
      <tag name="it">
        <open>&lt;em&gt;</open>
        <close>&lt;/em&gt;</close>
      </tag>
    </tags>
  </format>
  <lyrics>
    <verse name="v1">
      <lines>Ó Deus! Ó Providência! Com teu real poder<br/>Trouxeste à existência o mundo, todo ser!<br/>E a tudo que criaste, com benfazeja mão,<br/>As bênçãos não negaste da tua proteção.</lines>
    </verse>
    <verse name="v2">
      <lines>Ao sol resplandecente e à vastidão do mar<br/>Traçaste, ó Deus potente, as leis que irão guardar.<br/>E a tenra e pequenina florzinha em botão,<br/>A tua mão divina conserva em proteção.</lines>
    </verse>
    <verse name="v3">
      <lines>Dos campos, a verdura, dos frutos, o sabor,<br/>Celebram a ternura do teu constante amor!<br/>E a natureza inteira, por toda a Criação,<br/>Proclama, alvissareira, a tua proteção.</lines>
    </verse>
    <verse name="c1">
      <lines>
        <tag name="it">Eterno Deus, ó Deus sem par,<br/>A Criação, com gratidão,<br/>Te vem louvar!<br/>Nos céus teu Nome aclamam<br/>Os astros, que são teus;<br/>A terra e o mar proclamam:<br/>“És o nosso Deus!”<br/>Amém.</tag>
      </lines>
    </verse>
  </lyrics>
</song>
