<?xml version='1.0' encoding='utf-8'?>
<song xmlns="http://openlyrics.info/namespace/2009/song" version="0.8" createdIn="OpenLP 2.0.3" modifiedIn="OpenLP 2.0.3" modifiedDate="2013-09-21T14:49:04">
  <properties>
    <titles>
      <title>HNC 396 - Graças pelo Aniversário</title>
    </titles>
    <verseOrder>v1 c1 v2 c1 v3 c1 v4 c1</verseOrder>
    <authors>
      <author>Hinário Novo Cântico</author>
    </authors>
    <songbooks>
      <songbook name="Hinário Novo Cântico" entry="396"/>
    </songbooks>
  </properties>
  <format>
    <tags application="OpenLP">
      <tag name="it">
        <open>&lt;em&gt;</open>
        <close>&lt;/em&gt;</close>
      </tag>
    </tags>
  </format>
  <lyrics>
    <verse name="v1">
      <lines>Um ano mais de vida<br/>Guardou-vos o Senhor!<br/>E deu-vos fiel guarida<br/>No seu divino amor</lines>
    </verse>
    <verse name="v2">
      <lines>De noite, em claro dia,<br/>No inverno e no verão,<br/>Na dor e na alegria<br/>Gozaste proteção</lines>
    </verse>
    <verse name="v3">
      <lines>No coração que ama<br/>O terno Salvador<br/>Existe uma canto alegre<br/>Que espalha o seu louvor</lines>
    </verse>
    <verse name="v4">
      <lines>Ensina-nos, ó Cristo,<br/>O que convém lembrar,<br/>E todo o nosso tempo<br/>No bem aproveitar. Amém.</lines>
    </verse>
    <verse name="c1">
      <lines>
        <tag name="it">De coração dai graças<br/>Ao vosso eterno Pai!<br/>Pois mais um ano passa<br/>A Deus mil graças dai!</tag>
      </lines>
    </verse>
  </lyrics>
</song>
