<?xml version='1.0' encoding='utf-8'?>
<song xmlns="http://openlyrics.info/namespace/2009/song" version="0.8" createdIn="OpenLP 2.0.3" modifiedIn="OpenLP 2.0.3" modifiedDate="2013-09-21T14:48:55">
  <properties>
    <titles>
      <title>HNC 171 - Deus Proverá</title>
    </titles>
    <authors>
      <author>Hinário Novo Cântico</author>
    </authors>
    <songbooks>
      <songbook name="Hinário Novo Cântico" entry="171"/>
    </songbooks>
  </properties>
  <lyrics>
    <verse name="v1">
      <lines>Na forte aflição, perigo e dor,<br/>Na vil traição, no horrendo terror,<br/>Com toda a certeza vitória virá!<br/>É firme a esperança: “Meu Deus proverá”</lines>
    </verse>
    <verse name="v2">
      <lines>Em tudo o Senhor nos pode valer,<br/>Do mal, com amor, nos quer defender!<br/>Com Cristo bem perto, em nós se achará<br/>A viva esperança: “Meu Deus proverá”</lines>
    </verse>
    <verse name="v3">
      <lines>Se vem Satanás nos amedrontar,<br/>E, astuto, quiser a fé nos roubar,<br/>Não pode; é nossa e sempre será<br/>A rica esperança: “Meu Deus proverá.”</lines>
    </verse>
    <verse name="v4">
      <lines>No rude labor, no esforço tenaz,<br/>Somente o Senhor vitória nos traz!<br/>Em sua bondade nos socorrerá,<br/>Conforme a esperança: “Meu Deus proverá.”</lines>
    </verse>
    <verse name="v5">
      <lines>Na hora final, a morte a chegar,<br/>A voz divinal nos há de alegrar!<br/>Minha alma, segura, então cantará<br/>A doce esperança: “Meu Deus proverá.”</lines>
    </verse>
  </lyrics>
</song>
