<?xml version='1.0' encoding='utf-8'?>
<song xmlns="http://openlyrics.info/namespace/2009/song" version="0.8" createdIn="OpenLP 2.0.3" modifiedIn="OpenLP 2.0.3" modifiedDate="2013-09-21T14:48:51">
  <properties>
    <titles>
      <title>HNC 087 - Alegria Perene</title>
    </titles>
    <verseOrder>v1 c1 v2 c1 v3 c1</verseOrder>
    <authors>
      <author>Hinário Novo Cântico</author>
    </authors>
    <songbooks>
      <songbook name="Hinário Novo Cântico" entry="87"/>
    </songbooks>
  </properties>
  <format>
    <tags application="OpenLP">
      <tag name="it">
        <open>&lt;em&gt;</open>
        <close>&lt;/em&gt;</close>
      </tag>
    </tags>
  </format>
  <lyrics>
    <verse name="v1">
      <lines>Desperta e canta ao grande Deus,<br/>Sim, ó minha alma, com fervor,<br/>Pois muitos e preciosos bens<br/>A ti tem dado com amor.</lines>
    </verse>
    <verse name="v2">
      <lines>Perdido, Cristo me encontrou<br/>E dispensou-me compaixão;<br/>Por seu tão grande amor de pai,<br/>Tirou-me desta condição.</lines>
    </verse>
    <verse name="v3">
      <lines>Eu sei que é vil meu coração;<br/>Propende sempre para o mal.<br/>Mas ele em paz me guardará<br/>Com seu amor que é perenal.</lines>
    </verse>
    <verse name="c1">
      <lines>
        <tag name="it">Oh! Que grande amor!<br/>Oh! Divino amor<br/>De Cristo pelo pecador!</tag>
      </lines>
    </verse>
  </lyrics>
</song>
