<?xml version='1.0' encoding='utf-8'?>
<song xmlns="http://openlyrics.info/namespace/2009/song" version="0.8" createdIn="OpenLP 2.0.3" modifiedIn="OpenLP 2.0.3" modifiedDate="2013-12-24T18:04:47">
  <properties>
    <titles>
      <title>HNC 378 - Oração pela Pátria</title>
    </titles>
    <authors>
      <author>Hinário Novo Cântico</author>
    </authors>
    <songbooks>
      <songbook name="Hinário Novo Cântico" entry="378"/>
    </songbooks>
  </properties>
  <lyrics>
    <verse name="v1">
      <lines>Por nossa Pátria oramos<br/>A ti, supremo Deus!<br/>Por nosso lar clamamos<br/>A ti, ó Rei dos Céus!<br/>Bendize a vida pastoril,<br/>Governa o brio senhoril,<br/>Modera a lida mercantil:<br/>Deus salve a Pátria!</lines>
    </verse>
    <verse name="v2">
      <lines>Da Pátria que nos deste,<br/>Desvie tua mão<br/>Desgraças, fome e peste,<br/>Perfídia e sedição!<br/>Sustenta a ordem nacional,<br/>O bom governo imparcial,<br/>E dá-nos graça divinal:<br/>Deus salve a Pátria!</lines>
    </verse>
    <verse name="v3">
      <lines>Dá-nos real civismo,<br/>Fiel, constante, audaz!<br/>Promove o Cristianismo<br/>Do Príncipe da Paz!<br/>Da Pátria afasta crenças vãs,<br/>Derrama bênçãos temporãs,<br/>Dominem só doutrinas sãs:<br/>Deus salve a Pátria!</lines>
    </verse>
    <verse name="v4">
      <lines>A tua Igreja inflama<br/>Com zelo e terno amor<br/>E seja o seu programa<br/>Cumprido com vigor.<br/>Então, os salvos de Jesus,<br/>Lutando firmes pela cruz,<br/>Difundirão de Cristo a luz<br/>Por toda a Pátria! Amém.</lines>
    </verse>
  </lyrics>
</song>
