<?xml version='1.0' encoding='utf-8'?>
<song xmlns="http://openlyrics.info/namespace/2009/song" version="0.8" createdIn="OpenLP 2.0.3" modifiedIn="OpenLP 2.0.3" modifiedDate="2013-09-21T14:49:04">
  <properties>
    <titles>
      <title>HNC 395 - Amor no Lar</title>
    </titles>
    <authors>
      <author>Hinário Novo Cântico</author>
    </authors>
    <songbooks>
      <songbook name="Hinário Novo Cântico" entry="395"/>
    </songbooks>
  </properties>
  <lyrics>
    <verse name="v1">
      <lines>Mui felizes nos correm os dias<br/>E depressa se esvai nossa dor!<br/>São benditas as sãs alegrias<br/>Quando reina no lar doce amor! </lines>
    </verse>
    <verse name="v2">
      <lines>Os caminhos pisamos juncados,<br/>Sim, juncados de ramos em flor!<br/>Surgem bênçãos de todos os lados<br/>Quando reina no lar doce amor!</lines>
    </verse>
    <verse name="v3">
      <lines>Saboroso é o pão que fruímos,<br/>Se o fruímos de nosso labor!<br/>Sim, contentes, em tudo sorrimos<br/>Quando reina no lar doce amor!</lines>
    </verse>
    <verse name="v4">
      <lines>Os pais crentes aos filhos afirmam<br/>As verdades da Lei do Senhor!<br/>E com obras o ensino confirmam<br/>Quando reina no lar doce amor!</lines>
    </verse>
    <verse name="v5">
      <lines>Se sentimos em casa a pobreza,<br/>Se há pobreza também ao redor,<br/>Suportável será, com certeza,<br/>Quando reina no lar doce amor!</lines>
    </verse>
  </lyrics>
</song>
