<?xml version='1.0' encoding='utf-8'?>
<song xmlns="http://openlyrics.info/namespace/2009/song" version="0.8" createdIn="OpenLP 2.0.3" modifiedIn="OpenLP 2.0.3" modifiedDate="2013-09-21T14:49:01">
  <properties>
    <titles>
      <title>HNC 296 - Cristo não Tarda</title>
    </titles>
    <verseOrder>v1 c1 v2 c1 v3 c1 v4 c1</verseOrder>
    <authors>
      <author>Hinário Novo Cântico</author>
    </authors>
    <songbooks>
      <songbook name="Hinário Novo Cântico" entry="296"/>
    </songbooks>
  </properties>
  <format>
    <tags application="OpenLP">
      <tag name="it">
        <open>&lt;em&gt;</open>
        <close>&lt;/em&gt;</close>
      </tag>
    </tags>
  </format>
  <lyrics>
    <verse name="v1">
      <lines>Cristo em breve do céu virá,<br/>Pois prometeu e não tardará.<br/>Oh! Que alegria, que glória será,<br/>Quando Jesus regressar!</lines>
    </verse>
    <verse name="v2">
      <lines>Em breve os mortos ressurgirão,<br/>Todos os crentes se encontrarão.<br/>Juntos, alegres, ao céu subirão,<br/>Quando Jesus regressar!</lines>
    </verse>
    <verse name="v3">
      <lines>Na terra, em breve teremos paz,<br/>Quando for preso o maligno mordaz!<br/>Toda aflição ficará para trás,<br/>Quando Jesus regressar!</lines>
    </verse>
    <verse name="v4">
      <lines>Cristo não tarda, não tarda em vir.<br/>Quem pronto está para aquele porvir?<br/>Oh! Que alegria teremos em ir<br/>Quando Jesus regressar.</lines>
    </verse>
    <verse name="c1">
      <lines>
        <tag name="it">Cristo não tarda, não tarda em vir,<br/>Cristo não tarda em vir.<br/>Oh! Que alegria e glória será,<br/>Quando Jesus regressar!</tag>
      </lines>
    </verse>
  </lyrics>
</song>
