<?xml version='1.0' encoding='utf-8'?>
<song xmlns="http://openlyrics.info/namespace/2009/song" version="0.8" createdIn="OpenLP 2.0.3" modifiedIn="OpenLP 2.0.3" modifiedDate="2013-09-21T14:48:56">
  <properties>
    <titles>
      <title>HNC 190 - Maior que a Dor</title>
    </titles>
    <authors>
      <author>Hinário Novo Cântico</author>
    </authors>
    <songbooks>
      <songbook name="Hinário Novo Cântico" entry="190"/>
    </songbooks>
  </properties>
  <lyrics>
    <verse name="v1">
      <lines>Se amarga foi aqui a vida,<br/>Irmãos, volvei o vosso olhar<br/>A quem na cruz infame, erguida,<br/>Por vós sofreu sem murmurar.</lines>
    </verse>
    <verse name="v2">
      <lines>A dor assola o mundo inteiro,<br/>Quem pode alegre sempre andar?<br/>Na vida tudo é passageiro:<br/>O sofrimento, o bem-estar.</lines>
    </verse>
    <verse name="v3">
      <lines>Porém, o verdadeiro gozo,<br/>No céu, Jesus irá vos dar,<br/>Pois ele diz: “No lar formoso<br/>Vou preparar-vos um lugar.”</lines>
    </verse>
  </lyrics>
</song>
