<?xml version='1.0' encoding='utf-8'?>
<song xmlns="http://openlyrics.info/namespace/2009/song" version="0.8" createdIn="OpenLP 2.0.3" modifiedIn="OpenLP 2.0.3" modifiedDate="2013-12-24T17:27:10">
  <properties>
    <titles>
      <title>HNC 366 - Jóias Preciosas</title>
    </titles>
    <verseOrder>v1 c1 v2 c1 v3 c1</verseOrder>
    <authors>
      <author>Hinário Novo Cântico</author>
    </authors>
    <songbooks>
      <songbook name="Hinário Novo Cântico" entry="366"/>
    </songbooks>
  </properties>
  <format>
    <tags application="OpenLP">
      <tag name="it">
        <open>&lt;em&gt;</open>
        <close>&lt;/em&gt;</close>
      </tag>
    </tags>
  </format>
  <lyrics>
    <verse name="v1">
      <lines>Quando, ó Cristo, aqui vieres<br/>As jóias buscar,<br/>Entre as jóias, ricas jóias,<br/>Também quero estar.</lines>
    </verse>
    <verse name="v2">
      <lines>Vem olhá-las, vem guardá-las<br/>Com amor, ó Senhor!<br/>Todas ricas, todas lindas<br/>E em pleno fulgor!</lines>
    </verse>
    <verse name="v3">
      <lines>Criancinhas, criancinhas<br/>Que amais a Jesus,<br/>Sois as jóias, ricas jóias<br/>Compradas na cruz.</lines>
    </verse>
    <verse name="c1">
      <lines>
        <tag name="it">Como a bela estrela da alva<br/>Desejo brilhar!<br/>Com Jesus, na sua glória,<br/>Também quero estar!</tag>
      </lines>
    </verse>
  </lyrics>
</song>
