<?xml version='1.0' encoding='utf-8'?>
<song xmlns="http://openlyrics.info/namespace/2009/song" version="0.8" createdIn="OpenLP 2.0.3" modifiedIn="OpenLP 2.0.3" modifiedDate="2013-09-21T14:48:54">
  <properties>
    <titles>
      <title>HNC 146 - Segurança do Crente</title>
    </titles>
    <verseOrder>v1 c1 v2 c1 v3 c1</verseOrder>
    <authors>
      <author>Hinário Novo Cântico</author>
    </authors>
    <songbooks>
      <songbook name="Hinário Novo Cântico" entry="146"/>
    </songbooks>
  </properties>
  <format>
    <tags application="OpenLP">
      <tag name="it">
        <open>&lt;em&gt;</open>
        <close>&lt;/em&gt;</close>
      </tag>
    </tags>
  </format>
  <lyrics>
    <verse name="v1">
      <lines>Oh! Quão preciosa e rica promessa<br/>De Jesus Cristo, celeste Rei.<br/>Ao que confia na sua graça<br/>Diz ele: “Nunca te deixarei!”</lines>
    </verse>
    <verse name="v2">
      <lines>Para remir-te dei o meu sangue.<br/>Vem sem demora, pois te chamei.<br/>Meu, para sempre, tu és agora;<br/>Nunca, sim, nunca te deixarei.</lines>
    </verse>
    <verse name="v3">
      <lines>Inda que indigno foste escolhido,<br/>Jamais vaciles, porque eu te amei.<br/>Quem dos meus braços pode arrancar-te?<br/>Seguro sempre te guardarei!</lines>
    </verse>
    <verse name="c1">
      <lines>
        <tag name="it">Oh! Não temas! Oh! Não temas!<br/>Pois eu contigo sempre serei.<br/>Oh! Não temas! Oh! Não temas!<br/>Porque eu nunca te deixarei!</tag>
      </lines>
    </verse>
  </lyrics>
</song>
