<?xml version='1.0' encoding='utf-8'?>
<song xmlns="http://openlyrics.info/namespace/2009/song" version="0.8" createdIn="OpenLP 2.0.3" modifiedIn="OpenLP 2.0.3" modifiedDate="2013-09-21T14:48:52">
  <properties>
    <titles>
      <title>HNC 112 - Rica Promessa</title>
    </titles>
    <verseOrder>v1 c1 v2 c1 v3 c1</verseOrder>
    <authors>
      <author>Hinário Novo Cântico</author>
    </authors>
    <songbooks>
      <songbook name="Hinário Novo Cântico" entry="112"/>
    </songbooks>
  </properties>
  <format>
    <tags application="OpenLP">
      <tag name="it">
        <open>&lt;em&gt;</open>
        <close>&lt;/em&gt;</close>
      </tag>
    </tags>
  </format>
  <lyrics>
    <verse name="v1">
      <lines>“Não temas! Contigo eu sempre estarei!”<br/>Oh! Rica promessa do bondoso Rei!<br/>Qual astro que brilha lá na escuridão,<br/>A mais linda promessa brilha no meu coração!</lines>
    </verse>
    <verse name="v2">
      <lines>As luzes do mundo se apagarão,<br/>Os dias mais belos breve passarão;<br/>Jesus, Luz do mundo, não se extinguirá,<br/>E essa luz resplendente sempre em mim brilhará.</lines>
    </verse>
    <verse name="v3">
      <lines>E se pelas águas tiver de passar,<br/>Seus braços eternos hão de me guardar!<br/>Sim, mesmo no fogo que me vem provar,<br/>Meu Senhor me promete sempre comigo estar.</lines>
    </verse>
    <verse name="c1">
      <lines>
        <tag name="it">Comigo estar! Comigo estar!<br/>Sim, Jesus me promete sempre comigo estar!</tag>
      </lines>
    </verse>
  </lyrics>
</song>
