<?xml version='1.0' encoding='utf-8'?>
<song xmlns="http://openlyrics.info/namespace/2009/song" version="0.8" createdIn="OpenLP 2.0.3" modifiedIn="OpenLP 2.0.3" modifiedDate="2013-09-21T14:48:50">
  <properties>
    <titles>
      <title>HNC 063 - As Muitas Bênçãos</title>
    </titles>
    <verseOrder>v1 c1 v2 c1 v3 c1 v4 c1</verseOrder>
    <authors>
      <author>Hinário Novo Cântico</author>
    </authors>
    <songbooks>
      <songbook name="Hinário Novo Cântico" entry="63"/>
    </songbooks>
  </properties>
  <format>
    <tags application="OpenLP">
      <tag name="it">
        <open>&lt;em&gt;</open>
        <close>&lt;/em&gt;</close>
      </tag>
    </tags>
  </format>
  <lyrics>
    <verse name="v1">
      <lines>Se da vida as vagas procelosas são,<br/>Se, com desalento, julgas tudo vão,<br/>Conta as muitas bênçãos, <br/>dize-as de uma vez,<br/>E verás, surpreso, quanto Deus já fez.</lines>
    </verse>
    <verse name="v2">
      <lines>Tens acaso mágoas, triste é teu lidar?<br/>É a cruz pesada que tens de levar?<br/>Conta as muitas bênçãos! <br/>Logo Exultarás,<br/>E, fortalecido, tudo vencerás!</lines>
    </verse>
    <verse name="v3">
      <lines>Quando vires outros com seu ouro e bens,<br/>Lembra que tesouros prometidos tens.<br/>Nunca os bens da terra poderão comprar<br/>A mansão celeste que vais habitar.</lines>
    </verse>
    <verse name="v4">
      <lines>Seja teu combate longo ou breve aqui,<br/>Não te desanimes: Deus será por ti!<br/>Seu divino auxílio, minorando o mal,<br/>Te dará consolo e galardão final.</lines>
    </verse>
    <verse name="c1">
      <lines>
        <tag name="it">Conta as bênçãos, dize quantas são,<br/>Recebidas da divina mão!<br/>Vem dizê-las, todas de uma vez,<br/>E verás, surpreso, quanto Deus já fez !</tag>
      </lines>
    </verse>
  </lyrics>
</song>
