<?xml version='1.0' encoding='utf-8'?>
<song xmlns="http://openlyrics.info/namespace/2009/song" version="0.8" createdIn="OpenLP 2.0.3" modifiedIn="OpenLP 2.0.3" modifiedDate="2013-09-21T14:48:49">
  <properties>
    <titles>
      <title>HNC 026 - Ao Deus Grandioso</title>
    </titles>
    <verseOrder>v1 c1 v2 c1 v3 c1 v4 c2</verseOrder>
    <authors>
      <author>Hinário Novo Cântico</author>
    </authors>
    <songbooks>
      <songbook name="Hinário Novo Cântico" entry="26"/>
    </songbooks>
  </properties>
  <format>
    <tags application="OpenLP">
      <tag name="it">
        <open>&lt;em&gt;</open>
        <close>&lt;/em&gt;</close>
      </tag>
    </tags>
  </format>
  <lyrics>
    <verse name="v1">
      <lines>Senhor meu Deus, quando eu maravilhado<br/>Os grandes feitos vejo da tua mão,<br/>Estrelas, mundos e trovões rolando,<br/>A proclamar teu nome na amplidão,</lines>
    </verse>
    <verse name="v2">
      <lines>Quando atravesso bosques e florestas<br/>Ouvindo, à brisa, pássaros cantar,<br/>Ou vejo, além, montanhas, altaneiras<br/>O teu poder e glória proclamar,</lines>
    </verse>
    <verse name="v3">
      <lines>Quando percebo que na cruz maldita,<br/>Por teu amor Jesus morreu por mim,<br/>E me livrou do jugo do pecado,<br/>Ali vertendo sangue carmesim,</lines>
    </verse>
    <verse name="v4">
      <lines>Quando, afinal, em resplendor e glória,<br/>Jesus abrir as portas da mansão,<br/>Eu hei de estar de joelhos entre os santos,<br/>Na mais humilde e vera adoração,</lines>
    </verse>
    <verse name="c1">
      <lines>
        <tag name="it">Canta minh’alma, então, a ti, Senhor:<br/>Grandioso és Tu, grandioso és Tu!<br/>Canta minh’alma, então, a ti, Senhor:<br/>Grandioso és Tu, grandioso és Tu!</tag>
      </lines>
    </verse>
    <verse name="c2">
      <lines>
        <tag name="it">E então cantar eternamente ali:<br/>Grandioso és Tu, grandioso és Tu!<br/>E então cantar eternamente ali:<br/>Grandioso és Tu, grandioso és Tu!</tag>
      </lines>
    </verse>
  </lyrics>
</song>
