<?xml version='1.0' encoding='utf-8'?>
<song xmlns="http://openlyrics.info/namespace/2009/song" version="0.8" createdIn="OpenLP 2.0.3" modifiedIn="OpenLP 2.0.3" modifiedDate="2013-12-24T20:07:11">
  <properties>
    <titles>
      <title>HNC 221 - Um Vaso de Bênção</title>
    </titles>
    <verseOrder>v1 c1 v2 c1 v3 c1 v4 c2</verseOrder>
    <authors>
      <author>Hinário Novo Cântico</author>
    </authors>
    <songbooks>
      <songbook name="Hinário Novo Cântico" entry="221"/>
    </songbooks>
  </properties>
  <format>
    <tags application="OpenLP">
      <tag name="it">
        <open>&lt;em&gt;</open>
        <close>&lt;/em&gt;</close>
      </tag>
    </tags>
  </format>
  <lyrics>
    <verse name="v1">
      <lines>Quero ser um vaso de bênção,<br/>Sim, um vaso escolhido de Deus,<br/>Para as novas levar aos perdidos,<br/>Boas-novas que vêm lá dos céus.</lines>
    </verse>
    <verse name="v2">
      <lines>Quero ser um vaso de bênção,<br/>Para todos os dias fazer<br/>Os culpados, que vivem nas trevas,<br/>O perdão de Jesus conhecer.</lines>
    </verse>
    <verse name="v3">
      <lines>Quero ser um vaso de bênção,<br/>Sim, um vaso de bênção sem par,<br/>Anunciando que os crentes em Cristo<br/>Jubilosos nos céus hão de entrar.</lines>
    </verse>
    <verse name="v4">
      <lines>Para ser um vaso de bênção<br/>É mister uma vida real,<br/>Uma vida de fé e pureza,<br/>Revestida de amor divinal.</lines>
    </verse>
    <verse name="c1">
      <lines>
        <tag name="it">Faze-me vaso de bênção, Senhor,<br/>Vaso que leve a mensagem de amor!<br/>Eis-me submisso, e ao teu serviço<br/>Eu me consagro, bendito Senhor!</tag>
      </lines>
    </verse>
    <verse name="c2">
      <lines>
        <tag name="it">Faze-me vaso de bênção, Senhor,<br/>Vaso que leve a mensagem de amor!<br/>Eis-me submisso, e ao teu serviço<br/>Eu me consagro, bendito Senhor!<br/>Amém</tag>
      </lines>
    </verse>
  </lyrics>
</song>
