<?xml version='1.0' encoding='utf-8'?>
<song xmlns="http://openlyrics.info/namespace/2009/song" version="0.8" createdIn="OpenLP 2.0.4" modifiedIn="OpenLP 2.0.4" modifiedDate="2014-05-06T21:43:33">
  <properties>
    <titles>
      <title>HNC 047 - Louvor e Glória</title>
    </titles>
    <verseOrder>v1 c1 v2 c1 v3 c1 v4 c1</verseOrder>
    <authors>
      <author>Hinário Novo Cântico</author>
    </authors>
    <songbooks>
      <songbook name="Hinário Novo Cântico"/>
    </songbooks>
  </properties>
  <format>
    <tags application="OpenLP">
      <tag name="it">
        <open>&lt;em&gt;</open>
        <close>&lt;/em&gt;</close>
      </tag>
    </tags>
  </format>
  <lyrics>
    <verse name="v1">
      <lines>Louvamos-te, ó Deus pelo dom de Jesus<br/>Que por nós pecadores morreu sobre a cruz.</lines>
    </verse>
    <verse name="v2">
      <lines>Louvamos-te, ó Deus pois nos mandas a luz<br/>Que, brilhando nas trevas, a Cristo conduz.</lines>
    </verse>
    <verse name="v3">
      <lines>Louvamos-te, ó Deus, por teu Filho, Jesus,<br/>Que foi morto, mas vive no Reino da luz.</lines>
    </verse>
    <verse name="v4">
      <lines>Louvamos-te, ó Deus, e rogamos, Senhor,<br/>Dá-nos sempre sentir teu poder, teu amor.</lines>
    </verse>
    <verse name="c1">
      <lines>
        <tag name="it">Aleluia! Toda Glória te rendemos, Senhor!<br/>Aleluia! Tua graça imploramos. Amém.</tag>
      </lines>
    </verse>
  </lyrics>
</song>
