<?xml version='1.0' encoding='utf-8'?>
<song xmlns="http://openlyrics.info/namespace/2009/song" version="0.8" createdIn="OpenLP 2.0.3" modifiedIn="OpenLP 2.0.3" modifiedDate="2013-09-21T14:48:48">
  <properties>
    <titles>
      <title>HNC 004 - Culto à Trindade</title>
    </titles>
    <authors>
      <author>Hinário Novo Cântico</author>
    </authors>
    <songbooks>
      <songbook name="Hinário Novo Cântico"/>
    </songbooks>
  </properties>
  <lyrics>
    <verse name="v1">
      <lines>Deus está no templo!<br/>Pai onipotente!<br/>A seus pés nos humilhamos.<br/>Servos consagrados,<br/>Reverentemente,<br/>Ao Deus santo adoramos.<br/>Por favor, com amor,<br/>Espiritualmente<br/>Deus está no templo!</lines>
    </verse>
    <verse name="v2">
      <lines>Cristo está no templo!<br/>Sumo benefício<br/>Por seu sangue nos foi dado.<br/>Ele, o bom Cordeiro,<br/>Foi o sacrifício<br/>Que expirou o vil pecado.<br/>Escolheu e sofreu<br/>O cabal suplício;<br/>Cristo está no templo!</lines>
    </verse>
    <verse name="v3">
      <lines>Tu, que estás no templo,<br/>Preceptor divino,<br/>E os corações habitas;<br/>Tu, paciente Mestre,<br/>Dá-nos teu ensino,<br/>Aclarando as leis benditas.<br/>Que prazer conhecer<br/>A graça infinita!<br/>Sim, estás no templo! Amém.</lines>
    </verse>
  </lyrics>
</song>
