<?xml version='1.0' encoding='utf-8'?>
<song xmlns="http://openlyrics.info/namespace/2009/song" version="0.8" createdIn="OpenLP 2.0.3" modifiedIn="OpenLP 2.0.3" modifiedDate="2013-09-21T14:48:53">
  <properties>
    <titles>
      <title>HNC 132 - Vivificação</title>
    </titles>
    <verseOrder>v1 c1 v2 c1 v3 c1 v4 c2</verseOrder>
    <authors>
      <author>Hinário Novo Cântico</author>
    </authors>
    <songbooks>
      <songbook name="Hinário Novo Cântico" entry="132"/>
    </songbooks>
  </properties>
  <format>
    <tags application="OpenLP">
      <tag name="it">
        <open>&lt;em&gt;</open>
        <close>&lt;/em&gt;</close>
      </tag>
    </tags>
  </format>
  <lyrics>
    <verse name="v1">
      <lines>Tu, que sobre a amarga cruz<br/>Revelaste teu amor,<br/>Tu, que vives, ó Jesus,<br/>Vivifica-nos, Senhor!</lines>
    </verse>
    <verse name="v2">
      <lines>Eis o mundo tentador<br/>A querer nos atrair,<br/>Sem teu fogo abrasador,<br/>Não podemos resistir.</lines>
    </verse>
    <verse name="v3">
      <lines>Quantos que corriam bem,<br/>De ti longe agora vão!<br/>Outros seguem, mas, também,<br/>Sem fervor vivendo estão.</lines>
    </verse>
    <verse name="v4">
      <lines>Vem agora consumir<br/>Tudo quando, ó Salvador,<br/>Quer altivo resistir<br/>Ao teu brando e santo amor.</lines>
    </verse>
    <verse name="c1">
      <lines>
        <tag name="it">Vem! Oh! Vem, Jesus Senhor,<br/>Nossas almas despertar!<br/>Com teu santo e puro amor,<br/>Vem, Senhor, nos inflamar!<br/>Oh! Vem! Oh! Vem<br/>Nossas almas inflamar!</tag>
      </lines>
    </verse>
    <verse name="c2">
      <lines>
        <tag name="it">Vem! Oh! Vem, Jesus Senhor,<br/>Nossas almas despertar!<br/>Com teu santo e puro amor,<br/>Vem, Senhor, nos inflamar!<br/>Oh! Vem! Oh! Vem<br/>Nossas almas inflamar! Amém.</tag>
      </lines>
    </verse>
  </lyrics>
</song>
