<?xml version='1.0' encoding='utf-8'?>
<song xmlns="http://openlyrics.info/namespace/2009/song" version="0.8" createdIn="OpenLP 2.0.3" modifiedIn="OpenLP 2.0.3" modifiedDate="2013-09-21T14:49:00">
  <properties>
    <titles>
      <title>HNC 275 - Cristo Venceu</title>
    </titles>
    <authors>
      <author>Hinário Novo Cântico</author>
    </authors>
    <songbooks>
      <songbook name="Hinário Novo Cântico" entry="275"/>
    </songbooks>
  </properties>
  <lyrics>
    <verse name="v1">
      <lines>Cristo venceu!<br/>Liberta está minha alma!<br/>Gozo a divina calma de sua paz,<br/>Bem longe dos grilhões da eterna morte,<br/>Bem junto à fonte que me satisfaz.</lines>
    </verse>
    <verse name="v2">
      <lines>Cristo venceu!<br/>Meu coração se abre<br/>Ao resplendor da soberana luz.<br/>De claridade inunda minha vida,<br/>De formosura veste minha cruz.</lines>
    </verse>
    <verse name="v3">
      <lines>Cristo venceu!<br/>A noite se fez dia:<br/>Nova esperança Nele eu encontrei!<br/>Das armas da justiça revestido,<br/>Pelejo agora na divina grei.</lines>
    </verse>
    <verse name="v4">
      <lines>Cristo venceu!<br/>Temores mais não sinto.<br/>Vencida a morte, abriu-se o denso véu!<br/>Cristo venceu! O Filho poderoso<br/>Reina! E com Ele viverei no céu!</lines>
    </verse>
  </lyrics>
</song>
