<?xml version='1.0' encoding='utf-8'?>
<song xmlns="http://openlyrics.info/namespace/2009/song" version="0.8" createdIn="OpenLP 2.0.3" modifiedIn="OpenLP 2.0.3" modifiedDate="2013-09-21T14:49:00">
  <properties>
    <titles>
      <title>HNC 274 - Morto e Ressurreto</title>
    </titles>
    <verseOrder>v1 c1 v2 c1 v3 c1</verseOrder>
    <authors>
      <author>Hinário Novo Cântico</author>
    </authors>
    <songbooks>
      <songbook name="Hinário Novo Cântico" entry="274"/>
    </songbooks>
  </properties>
  <format>
    <tags application="OpenLP">
      <tag name="it">
        <open>&lt;em&gt;</open>
        <close>&lt;/em&gt;</close>
      </tag>
    </tags>
  </format>
  <lyrics>
    <verse name="v1">
      <lines>Eis morto o Salvador,<br/>Na sepultura,<br/>Mas com poder real<br/>Ressuscitou.</lines>
    </verse>
    <verse name="v2">
      <lines>Tomaram precaução<br/>Com Seu sepulcro.<br/>Foi tudo em vão, porém,<br/>Para o reter.</lines>
    </verse>
    <verse name="v3">
      <lines>No grande Vencedor,<br/>Eis as primícias<br/>Dos santos que também<br/>Ressurgirão.</lines>
    </verse>
    <verse name="c1">
      <lines>
        <tag name="it">Da sepultura saiu!<br/>Com triunfo e glória ressurgiu!<br/>Ressurgiu, vencendo a morte<br/>E seu poder!<br/>Pode agora a todos vida conceder!<br/>Ressurgiu, ressurgiu!<br/>Aleluia! Ressurgiu!</tag>
      </lines>
    </verse>
  </lyrics>
</song>
