<?xml version='1.0' encoding='utf-8'?>
<song xmlns="http://openlyrics.info/namespace/2009/song" version="0.8" createdIn="OpenLP 2.0.3" modifiedIn="OpenLP 2.0.3" modifiedDate="2013-09-21T14:48:57">
  <properties>
    <titles>
      <title>HNC 211 - Quase Induzido</title>
    </titles>
    <authors>
      <author>Hinário Novo Cântico</author>
    </authors>
    <songbooks>
      <songbook name="Hinário Novo Cântico" entry="211"/>
    </songbooks>
  </properties>
  <lyrics>
    <verse name="v1">
      <lines>Quase induzido a crer em Jesus;<br/>Quase induzido a andar na luz!<br/>Pensa em replicar:<br/>“Quando tive vagar,<br/>Irei, então, buscar o Redentor.”</lines>
    </verse>
    <verse name="v2">
      <lines>Quase induzido, oh! Coração!<br/>Quase induzido, oh! Ilusão!<br/>Hoje o bom Salvador,<br/>Com voz de terno amor,<br/>Quer dar ao pecador a sua paz.</lines>
    </verse>
    <verse name="v3">
      <lines>Quase induzido, não queres crer?<br/>Quase induzido, vem sem temer!<br/>“Quase” não servirá;<br/>“Quase” te afastará!<br/>“Quase” te lançará na perdição!</lines>
    </verse>
  </lyrics>
</song>
