<?xml version='1.0' encoding='utf-8'?>
<song xmlns="http://openlyrics.info/namespace/2009/song" version="0.8" createdIn="OpenLP 2.0.3" modifiedIn="OpenLP 2.0.3" modifiedDate="2013-09-21T14:48:58">
  <properties>
    <titles>
      <title>HNC 236 - Em Linda Noite</title>
    </titles>
    <authors>
      <author>Hinário Novo Cântico</author>
    </authors>
    <songbooks>
      <songbook name="Hinário Novo Cântico" entry="236"/>
    </songbooks>
  </properties>
  <lyrics>
    <verse name="v1">
      <lines>Em linda noite ao mundo, a nós,<br/>Em coro angelical,<br/>Com harpas de ouro, o céu quis dar<br/>Um canto divinal.<br/>E toda a terra, então, ouviu<br/>Promessas imortais<br/>De glória a Deus, aos homens paz,<br/>Com bênçãos eternais.</lines>
    </verse>
    <verse name="v2">
      <lines>Pairando sobre a terra estão<br/>Os anjos a cantar,<br/>E sobre o mundo pecador<br/>Derramaram luz sem par.<br/>Acima dos tormentos mil, <br/>Angustias do viver,<br/>Proclamam vida perenal,<br/>Pois bênçãos vêm trazer.</lines>
    </verse>
    <verse name="v3">
      <lines>E vão-se os dias sem cessar,<br/>Segundo a voz de Deus,<br/>Mas sobre a terra as gerações<br/>Caminham rumos seus!<br/>E quando, enfim, reinar a paz<br/>De Cristo, o Salvador,<br/>Os salvos todos cantarão<br/>Em coro o seu louvor!</lines>
    </verse>
  </lyrics>
</song>
