<?xml version='1.0' encoding='utf-8'?>
<song xmlns="http://openlyrics.info/namespace/2009/song" version="0.8" createdIn="OpenLP 2.0.3" modifiedIn="OpenLP 2.0.3" modifiedDate="2013-09-21T14:48:55">
  <properties>
    <titles>
      <title>HNC 161 - O Melhor Amigo</title>
    </titles>
    <verseOrder>v1 c1 v2 c1 v3 c1 v4 c2</verseOrder>
    <authors>
      <author>Hinário Novo Cântico</author>
    </authors>
    <songbooks>
      <songbook name="Hinário Novo Cântico" entry="161"/>
    </songbooks>
  </properties>
  <format>
    <tags application="OpenLP">
      <tag name="it">
        <open>&lt;em&gt;</open>
        <close>&lt;/em&gt;</close>
      </tag>
    </tags>
  </format>
  <lyrics>
    <verse name="v1">
      <lines>Sei que o melhor Amigo é Cristo!<br/>Quando a tempestade assalta a fé,<br/>Pronto estende sua mão,<br/>Tranquiliza o coração!<br/>Sim, o melhor Amigo é Cristo!</lines>
    </verse>
    <verse name="v2">
      <lines>Oh! Que fiel Amigo é Cristo!<br/>Nele encontro amor, consolo e paz.<br/>Em seu braço esperarei,<br/>Mal nenhum temerei!<br/>Sim, o melhor Amigo é Cristo!</lines>
    </verse>
    <verse name="v3">
      <lines>Quando eu passar o vale escuro<br/>E chegar às águas do Jordão,<br/>Sem receio, com Jesus,<br/>Entrarei no céu de luz.<br/>Sim, o melhor Amigo é Cristo!</lines>
    </verse>
    <verse name="v4">
      <lines>No paraíso eterno, juntos,<br/>Nós os salvos reunidos lá,<br/>Este canto de louvor<br/>Entoaremos ao Senhor,<br/>“Sim, o melhor Amigo é Cristo!”</lines>
    </verse>
    <verse name="c1">
      <lines>
        <tag name="it">Jesus é o melhor Amigo!<br/>Jesus é o melhor Amigo!<br/>Repreende com dulçor<br/>E me anima com vigor!<br/>Sim, o melhor Amigo é Cristo!</tag>
      </lines>
    </verse>
    <verse name="c2">
      <lines>
        <tag name="it">Jesus é o melhor Amigo!<br/>Jesus é o melhor Amigo!<br/>Do pecado me salvou,<br/>Para os céus me preparou.<br/>Sim, o melhor Amigo é Cristo!</tag>
      </lines>
    </verse>
  </lyrics>
</song>
