<?xml version='1.0' encoding='utf-8'?>
<song xmlns="http://openlyrics.info/namespace/2009/song" version="0.8" createdIn="OpenLP 2.0.3" modifiedIn="OpenLP 2.0.3" modifiedDate="2013-09-21T14:48:59">
  <properties>
    <titles>
      <title>HNC 247 - Estrela Cintilante</title>
    </titles>
    <authors>
      <author>Hinário Novo Cântico</author>
    </authors>
    <songbooks>
      <songbook name="Hinário Novo Cântico" entry="247"/>
    </songbooks>
  </properties>
  <lyrics>
    <verse name="v1">
      <lines>Uma estrela cintilante,<br/>De ofuscante e rara luz,<br/>Conduziu os sábios magos<br/>Junto ao berço de Jesus.</lines>
    </verse>
    <verse name="v2">
      <lines>Ofertaram-lhe presentes<br/>Preciosos, sem igual:<br/>Ouro puro, incenso e mirra.<br/>Dons de glória terreal!</lines>
    </verse>
    <verse name="v3">
      <lines>Nós, também, agradecemos<br/>Ao Senhor o Seu amor.<br/>Por nos dar Seu Filho amado.<br/>Cristo, o nosso Redentor.</lines>
    </verse>
  </lyrics>
</song>
