<?xml version='1.0' encoding='utf-8'?>
<song xmlns="http://openlyrics.info/namespace/2009/song" version="0.8" createdIn="OpenLP 2.0.3" modifiedIn="OpenLP 2.0.3" modifiedDate="2013-09-21T14:49:01">
  <properties>
    <titles>
      <title>HNC 293 - O Dia Glorioso</title>
    </titles>
    <verseOrder>v1 c1 v2 c1 v3 c1</verseOrder>
    <authors>
      <author>Hinário Novo Cântico</author>
    </authors>
    <songbooks>
      <songbook name="Hinário Novo Cântico" entry="293"/>
    </songbooks>
  </properties>
  <format>
    <tags application="OpenLP">
      <tag name="it">
        <open>&lt;em&gt;</open>
        <close>&lt;/em&gt;</close>
      </tag>
    </tags>
  </format>
  <lyrics>
    <verse name="v1">
      <lines>Vinde, ó cristãos, regozijai-vos,<br/>O Senhor não tardará!<br/>Já vem o glorioso dia<br/>Em que Cristo voltará!</lines>
    </verse>
    <verse name="v2">
      <lines>Com multidão inumerável<br/>Sobre as nuvens Ele vem!<br/>E todos juntos entraremos<br/>Com Jesus na glória além!</lines>
    </verse>
    <verse name="v3">
      <lines>Então será glorificado<br/>Nos remidos, o Senhor.<br/>E o mundo inteiro admirará<br/>Seu poder e Seu amor.</lines>
    </verse>
    <verse name="c1">
      <lines>
        <tag name="it">Oh! Dia triunfal de Cristo<br/>Quando lá do céu descer!<br/>Todos juntos, jubilosos, vamos<br/>O Senhor a receber!<br/>Vinde, ó cristãos, regozijai-vos!<br/>O Senhor não tardará!<br/>Já vem o glorioso dia<br/>Em que Cristo voltará!</tag>
      </lines>
    </verse>
  </lyrics>
</song>
