<?xml version='1.0' encoding='utf-8'?>
<song xmlns="http://openlyrics.info/namespace/2009/song" version="0.8" createdIn="OpenLP 2.0.3" modifiedIn="OpenLP 2.0.3" modifiedDate="2013-09-21T14:49:04">
  <properties>
    <titles>
      <title>HNC 392 - Vida Vitoriosa</title>
    </titles>
    <verseOrder>v1 c1 v2 c1 v3 c1 v4 c1</verseOrder>
    <authors>
      <author>Hinário Novo Cântico</author>
    </authors>
    <songbooks>
      <songbook name="Hinário Novo Cântico" entry="392"/>
    </songbooks>
  </properties>
  <format>
    <tags application="OpenLP">
      <tag name="it">
        <open>&lt;em&gt;</open>
        <close>&lt;/em&gt;</close>
      </tag>
    </tags>
  </format>
  <lyrics>
    <verse name="v1">
      <lines>Cristo amado, sei que na força do mal<br/>Tu, meu Mestre, sempre serás protetor.<br/>Tu me guardas, dando-me paz divinal!<br/>Eu contigo sempre serei vencedor!</lines>
    </verse>
    <verse name="v2">
      <lines>Que alegria tenho no meu Salvador;<br/>Tenho graça, vida de amor paternal!<br/>Tudo posso, tudo por ti, meu Senhor;<br/>Deste mundo sou vencedor, afinal!</lines>
    </verse>
    <verse name="v3">
      <lines>Não duvido, Cristo, meu Mestre, de ti;<br/>Creio em tua rica promessa, Jesus!<br/>Tu não deixas, nem abandonas aqui<br/>Os que buscam ver tua face de luz.</lines>
    </verse>
    <verse name="v4">
      <lines>Oh! Que bênção ter a certeza do bem,<br/>Ter na vida paz e perdão do Senhor!<br/>Mui alegre vou para a Pátria do além,<br/>Onde reina Cristo Jesus, Rei de amor!</lines>
    </verse>
    <verse name="c1">
      <lines>
        <tag name="it">Cristo, Mestre,<br/>Sei que contigo sou vencedor!<br/>Dá-me graça,<br/>Dá-me do teu poder, Redentor!</tag>
      </lines>
    </verse>
  </lyrics>
</song>
