<?xml version='1.0' encoding='utf-8'?>
<song xmlns="http://openlyrics.info/namespace/2009/song" version="0.8" createdIn="OpenLP 2.0.3" modifiedIn="OpenLP 2.0.3" modifiedDate="2013-09-21T14:48:56">
  <properties>
    <titles>
      <title>HNC 194 - Morada Feliz</title>
    </titles>
    <verseOrder>v1 c1 v2 c1 v3 c1</verseOrder>
    <authors>
      <author>Hinário Novo Cântico</author>
    </authors>
    <songbooks>
      <songbook name="Hinário Novo Cântico" entry="194"/>
    </songbooks>
  </properties>
  <format>
    <tags application="OpenLP">
      <tag name="it">
        <open>&lt;em&gt;</open>
        <close>&lt;/em&gt;</close>
      </tag>
    </tags>
  </format>
  <lyrics>
    <verse name="v1">
      <lines>Com Jesus há morada feliz,<br/>Prometida e segura nos céus.<br/>Avistamos o lindo País,<br/>Pela fé na Palavra de Deus.</lines>
    </verse>
    <verse name="v2">
      <lines>Pacientes podemos penar,<br/>Se sofrermos por Cristo Jesus!<br/>Pois sem culpa, sem falta ou pesar,<br/>Viveremos no Reino de luz!</lines>
    </verse>
    <verse name="v3">
      <lines>No descanso perfeito, eternal,<br/>Desfrutando o labor que passou,<br/>Cantaremos, em tom triunfal,<br/>Os louvores de quem nos amou.</lines>
    </verse>
    <verse name="c1">
      <lines>
        <tag name="it">Com Jesus, no porvir,<br/>Viveremos no lindo País.<br/>Com Jesus, no porvir,<br/>Viveremos no lindo País.</tag>
      </lines>
    </verse>
  </lyrics>
</song>
