<?xml version='1.0' encoding='utf-8'?>
<song xmlns="http://openlyrics.info/namespace/2009/song" version="0.8" createdIn="OpenLP 2.0.3" modifiedIn="OpenLP 2.0.3" modifiedDate="2013-09-21T14:48:52">
  <properties>
    <titles>
      <title>HNC 110(A) - Crer e Observar</title>
    </titles>
    <verseOrder>v1 c1 v2 c1 v3 c1 v4 c1</verseOrder>
    <authors>
      <author>Hinário Novo Cântico</author>
    </authors>
    <songbooks>
      <songbook name="Hinário Novo Cântico" entry="110-A"/>
    </songbooks>
  </properties>
  <format>
    <tags application="OpenLP">
      <tag name="it">
        <open>&lt;em&gt;</open>
        <close>&lt;/em&gt;</close>
      </tag>
    </tags>
  </format>
  <lyrics>
    <verse name="v1">
      <lines>Em Jesus confiar, sua lei observar,<br/>Oh! Que gozo, que bênção, que paz!<br/>Satisfeito guardar tudo quanto ordenar:<br/>Alegria perene nos traz.</lines>
    </verse>
    <verse name="v2">
      <lines>O inimigo falaz, a calúnia mordaz<br/>Cristo sabe desprestigiar;<br/>Nem tristeza, nem dor, nem intriga, a maior,<br/>Pode o crente fiel abalar.</lines>
    </verse>
    <verse name="v3">
      <lines>Grande prova de amor, comunhão no Senhor<br/>Tem o crente zeloso e leal!<br/>O seu rosto mirar, seus segredos privar:<br/>É consolo que não tem igual.</lines>
    </verse>
    <verse name="v4">
      <lines>Resolutos, Senhor, e com zelo e fervor,<br/>Os teus passos queremos seguir!<br/>Teus preceitos guardar, o teu nome exaltar,<br/>Sempre a tua vontade cumprir.</lines>
    </verse>
    <verse name="c1">
      <lines>
        <tag name="it">Crer e observar tudo quanto ordenar!<br/>O fiel obedece ao que Cristo mandar!</tag>
      </lines>
    </verse>
  </lyrics>
</song>
