<?xml version='1.0' encoding='utf-8'?>
<song xmlns="http://openlyrics.info/namespace/2009/song" version="0.8" createdIn="OpenLP 2.0.3" modifiedIn="OpenLP 2.0.3" modifiedDate="2013-09-21T14:48:57">
  <properties>
    <titles>
      <title>HNC 218 - Vontade Soberana</title>
    </titles>
    <authors>
      <author>Hinário Novo Cântico</author>
    </authors>
    <songbooks>
      <songbook name="Hinário Novo Cântico" entry="218"/>
    </songbooks>
  </properties>
  <lyrics>
    <verse name="v1">
      <lines>Tua vontade faze, ó Senhor!<br/>Eu sou feitura, tu és o Autor.<br/>Molda e refaze todo o meu ser,<br/>Segundo as normas do Teu querer.</lines>
    </verse>
    <verse name="v2">
      <lines>Tua vontade faze, ó meu Deus!<br/>Sonda e corrige os passos meus!<br/>Torna-me santo porque Tu és!<br/>Ouve os meus rogos, eis-me aos Teus pés.</lines>
    </verse>
    <verse name="v3">
      <lines>Tua vontade faze, ó meu Pai!<br/>Por ela crente vive e não cai;<br/>Guia-me a vida com Tua luz!<br/>Poder e graça dá-me em Jesus.</lines>
    </verse>
    <verse name="v4">
      <lines>Tua vontade, boa e sem par,<br/>Quero na vida realizar.<br/>Vive, triunfa, domina, enfim,<br/>Reina, supremo, meu deus em mim! Amém.</lines>
    </verse>
  </lyrics>
</song>
