<?xml version='1.0' encoding='utf-8'?>
<song xmlns="http://openlyrics.info/namespace/2009/song" version="0.8" createdIn="OpenLP 2.0.3" modifiedIn="OpenLP 2.0.3" modifiedDate="2013-09-21T14:48:56">
  <properties>
    <titles>
      <title>HNC 197 - O Salvador Espera</title>
    </titles>
    <verseOrder>v1 c1 v2 c1</verseOrder>
    <authors>
      <author>Hinário Novo Cântico</author>
    </authors>
    <songbooks>
      <songbook name="Hinário Novo Cântico" entry="197"/>
    </songbooks>
  </properties>
  <format>
    <tags application="OpenLP">
      <tag name="it">
        <open>&lt;em&gt;</open>
        <close>&lt;/em&gt;</close>
      </tag>
    </tags>
  </format>
  <lyrics>
    <verse name="v1">
      <lines>Jesus quer entrar hoje em teu coração,<br/>E para sempre ficar.<br/>E há de outorgar-se seu pleno perdão,<br/>Quando, afinal, ele entrar.</lines>
    </verse>
    <verse name="v2">
      <lines>Se Cristo adentrar esse teu coração,<br/>E em tua vida reinar,<br/>Que paz infinita, que satisfação<br/>Sua presença há de dar.</lines>
    </verse>
    <verse name="c1">
      <lines>
        <tag name="it">Oh! Quantas vezes Jesus te chamou,<br/>E agora ele volta a chamar.<br/>Real salvação com seu sangue comprou,<br/>Para, de graça, te dar.</tag>
      </lines>
    </verse>
  </lyrics>
</song>
