<?xml version='1.0' encoding='utf-8'?>
<song xmlns="http://openlyrics.info/namespace/2009/song" version="0.8" createdIn="OpenLP 2.0.3" modifiedIn="OpenLP 2.0.3" modifiedDate="2013-09-21T14:49:00">
  <properties>
    <titles>
      <title>HNC 288 - A Mensagem Real</title>
    </titles>
    <verseOrder>v1 c1 v2 c1 v3 c1</verseOrder>
    <authors>
      <author>Hinário Novo Cântico</author>
    </authors>
    <songbooks>
      <songbook name="Hinário Novo Cântico" entry="288"/>
    </songbooks>
  </properties>
  <format>
    <tags application="OpenLP">
      <tag name="it">
        <open>&lt;em&gt;</open>
        <close>&lt;/em&gt;</close>
      </tag>
    </tags>
  </format>
  <lyrics>
    <verse name="v1">
      <lines>Sou forasteiro aqui, em terra estranha estou,<br/>Celeste pátria, sim, é para onde vou.<br/>Embaixador por Deus, do Reino lá dos céus,<br/>Venho em serviço do meu Rei!</lines>
    </verse>
    <verse name="v2">
      <lines>Por Deus mandado está, que o homem pecador,<br/>Arrependido já se chegue ao Salvador!<br/>Pois quem o receber, no Reino vai viver.<br/>Venho em serviço do meu Rei!</lines>
    </verse>
    <verse name="v3">
      <lines>Mais belo que um rosal, o lar celeste tem<br/>A bênção imortal, o gozo eterno, além.<br/>No céu tem galardão quem frui a redenção.<br/>Venho em serviço do meu Rei!</lines>
    </verse>
    <verse name="c1">
      <lines>
        <tag name="it">É a mensagem que me deu,<br/>Provinda  lá dos altos céus:<br/>Que vos reconcilieis<br/>Com o Senhor, Rei meu!<br/>Reconciliai-vos já com Deus!</tag>
      </lines>
    </verse>
  </lyrics>
</song>
