<?xml version='1.0' encoding='utf-8'?>
<song xmlns="http://openlyrics.info/namespace/2009/song" version="0.8" createdIn="OpenLP 2.0.3" modifiedIn="OpenLP 2.0.3" modifiedDate="2013-09-21T14:48:51">
  <properties>
    <titles>
      <title>HNC 089 - Amor Sacrificial</title>
    </titles>
    <verseOrder>v1 c1 v2 c1 v3 c1 v4 c1</verseOrder>
    <authors>
      <author>Hinário Novo Cântico</author>
    </authors>
    <songbooks>
      <songbook name="Hinário Novo Cântico" entry="89"/>
    </songbooks>
  </properties>
  <format>
    <tags application="OpenLP">
      <tag name="it">
        <open>&lt;em&gt;</open>
        <close>&lt;/em&gt;</close>
      </tag>
    </tags>
  </format>
  <lyrics>
    <verse name="v1">
      <lines>O grande amor que meu Jesus<br/>Por mim mostrou na rude cruz,<br/>Morrendo, a fim de me salvar.<br/>Quem poderá contar?</lines>
    </verse>
    <verse name="v2">
      <lines>O cálice que Jesus bebeu,<br/>A maldição que padeceu<br/>Por mim e para me salvar,<br/>Quem poderá contar?</lines>
    </verse>
    <verse name="v3">
      <lines>A zombaria tão cruel,<br/>A cruz horrenda, o amargo fel,<br/>Sofridos para me salvar,<br/>Quem poderá contar?</lines>
    </verse>
    <verse name="v4">
      <lines>Incomparável Salvador,<br/>Teu inefável, santo amor,<br/>Que é impossível de sondar,<br/>Quem poderá contar?</lines>
    </verse>
    <verse name="c1">
      <lines>
        <tag name="it">Quem pode o seu amor contar?<br/>Quem pode o seu amor contar?<br/>O grande amor de meu Jesus,<br/>Quem poderá contar?</tag>
      </lines>
    </verse>
  </lyrics>
</song>
