<?xml version='1.0' encoding='utf-8'?>
<song xmlns="http://openlyrics.info/namespace/2009/song" version="0.8" createdIn="OpenLP 2.0.3" modifiedIn="OpenLP 2.0.3" modifiedDate="2013-09-21T14:48:49">
  <properties>
    <titles>
      <title>HNC 017 - Deus Seja Louvado</title>
    </titles>
    <verseOrder>v1 c1 v2 c1</verseOrder>
    <authors>
      <author>Hinário Novo Cântico</author>
    </authors>
    <songbooks>
      <songbook name="Hinário Novo Cântico"/>
    </songbooks>
  </properties>
  <format>
    <tags application="OpenLP">
      <tag name="it">
        <open>&lt;em&gt;</open>
        <close>&lt;/em&gt;</close>
      </tag>
    </tags>
  </format>
  <lyrics>
    <verse name="v1">
      <lines>Seja louvado o Deus supremo,<br/>Deus revelado em Israel!<br/>Onipotente, prodígios obra,<br/>Sempre clemente, sempre fiel.</lines>
    </verse>
    <verse name="c1">
      <lines>
        <tag name="it">Seja louvado o Deus supremo,<br/>Deus revelado em Israel.</tag>
      </lines>
    </verse>
    <verse name="v2">
      <lines>Louvor perene só Deus merece!<br/>Cantai, não cesse o seu louvor!<br/>De todos seja sempre exaltado,<br/>E cante a Igreja com terno amor.</lines>
    </verse>
  </lyrics>
</song>
