<?xml version='1.0' encoding='utf-8'?>
<song xmlns="http://openlyrics.info/namespace/2009/song" version="0.8" createdIn="OpenLP 2.0.3" modifiedIn="OpenLP 2.0.3" modifiedDate="2013-09-21T14:48:49">
  <properties>
    <titles>
      <title>HNC 018 - Deus dos Antigos</title>
    </titles>
    <authors>
      <author>Hinário Novo Cântico</author>
    </authors>
  </properties>
  <lyrics>
    <verse name="v1">
      <lines>Deus dos antigos, cuja forte mão<br/>Rege e sustém os astros na amplidão!<br/>Ó soberano, excelso Criador,<br/>Com gratidão cantamos teu louvor!</lines>
    </verse>
    <verse name="v2">
      <lines>Desde o passado foste nossa luz,<br/>Sol que até hoje com fulgor reluz!<br/>Sê nosso Esteio, Guia e Proteção,<br/>Tua Palavra, lei e direção.</lines>
    </verse>
    <verse name="v3">
      <lines>Da guerra atroz, do crime e assolação,<br/>Dos tempos maus de um mundo em confusão,<br/>Seja teu braço o nosso defensor,<br/>Pois confiamos sempre em ti, Senhor!</lines>
    </verse>
    <verse name="v4">
      <lines>Teu povo, ó Deus, assiste em seu labor,<br/>No testemunho do teu grande amor.<br/>As nossas vidas vem fortalecer<br/>Para o teu nome sempre engrandecer.<br/>Amém.</lines>
    </verse>
  </lyrics>
</song>
