<?xml version='1.0' encoding='utf-8'?>
<song xmlns="http://openlyrics.info/namespace/2009/song" version="0.8" createdIn="OpenLP 2.0.3" modifiedIn="OpenLP 2.0.3" modifiedDate="2013-09-21T14:49:01">
  <properties>
    <titles>
      <title>HNC 312 - Há Trabalho Certo</title>
    </titles>
    <verseOrder>v1 c1 v2 c1 v3 c1 v4 c1</verseOrder>
    <authors>
      <author>Hinário Novo Cântico</author>
    </authors>
    <songbooks>
      <songbook name="Hinário Novo Cântico" entry="312"/>
    </songbooks>
  </properties>
  <format>
    <tags application="OpenLP">
      <tag name="it">
        <open>&lt;em&gt;</open>
        <close>&lt;/em&gt;</close>
      </tag>
    </tags>
  </format>
  <lyrics>
    <verse name="v1">
      <lines>Há trabalho certo para ti, cristão,<br/>Que demanda toda a tua devoção.<br/>Vem, alegremente, a Cristo obedecer,<br/>Pois só tu, ó crente, o poderás fazer.</lines>
    </verse>
    <verse name="v2">
      <lines>Para cada crente o Mestre preparou<br/>Um trabalho certo, quando o resgatou.<br/>O trabalho a que Jesus te chama aqui,<br/>Como será feito, se o não for por ti?</lines>
    </verse>
    <verse name="v3">
      <lines>Mesmo que humilde, sendo para Deus,<br/>Ele é contemplado lá dos altos céus!<br/>E o esforço feito não será em vão,<br/>Se tiver, de Cristo, plena aprovação!</lines>
    </verse>
    <verse name="v4">
      <lines>Quantos há perdidos, sem a salvação,<br/>Quantos que precisam de consolação!<br/>Como Cristo os ama, faze-os entender,<br/>Pois só tu, ó crente, o poderás fazer.</lines>
    </verse>
    <verse name="c1">
      <lines>
        <tag name="it">Por Jesus é trabalhar!<br/>Prontamente, fielmente, trabalhar!<br/>Em servi-lo, que prazer!<br/>E só tu, ó crente, o poderás fazer!</tag>
      </lines>
    </verse>
  </lyrics>
</song>
