<?xml version='1.0' encoding='utf-8'?>
<song xmlns="http://openlyrics.info/namespace/2009/song" version="0.8" createdIn="OpenLP 2.0.3" modifiedIn="OpenLP 2.0.3" modifiedDate="2013-09-21T14:48:55">
  <properties>
    <titles>
      <title>HNC 167 - Cristo, Esperança Nossa</title>
    </titles>
    <authors>
      <author>Hinário Novo Cântico</author>
    </authors>
    <songbooks>
      <songbook name="Hinário Novo Cântico" entry="167"/>
    </songbooks>
  </properties>
  <lyrics>
    <verse name="v1">
      <lines>“Cristo, esperança nossa!”<br/>Vinde, ó salvos, proclamar!<br/>Ele é o eterno Deus bendito,<br/>É refúgio singular.<br/>É quem guarda, quem protege,<br/>Quem aos homens quer salvar,<br/>Quem aos homens quer salvar.</lines>
    </verse>
    <verse name="v2">
      <lines>“Cristo, esperança nossa!”<br/>Pois da culpa nos livrou;<br/>Com seu sangue precioso,<br/>Lá na cruz já nos comprou.<br/>Deu-nos vida em sua morte,<br/>Pois que já ressuscitou,<br/>Pois que já ressuscitou.</lines>
    </verse>
    <verse name="v3">
      <lines>“Cristo, esperança nossa!”<br/>Eis o lema vencedor.<br/>Ao seu lado, contra as trevas,<br/>Combatamos sem temor.<br/>Nossa grande esperança<br/>É o Cristo Salvador,<br/>É o Cristo Salvador!</lines>
    </verse>
  </lyrics>
</song>
