<?xml version='1.0' encoding='utf-8'?>
<song xmlns="http://openlyrics.info/namespace/2009/song" version="0.8" createdIn="OpenLP 2.0.3" modifiedIn="OpenLP 2.0.3" modifiedDate="2013-09-21T14:48:57">
  <properties>
    <titles>
      <title>HNC 203 - Convite para a Salvação</title>
    </titles>
    <authors>
      <author>Hinário Novo Cântico</author>
    </authors>
    <songbooks>
      <songbook name="Hinário Novo Cântico" entry="203"/>
    </songbooks>
  </properties>
  <lyrics>
    <verse name="v1">
      <lines>Eis, Cristo te convida; vem, pecador!<br/>Concede eterna vida, vem, pecador!<br/>Hoje é tão favorável, vem, pecador!<br/>É tempo aceitável, vem, pecador!</lines>
    </verse>
    <verse name="v2">
      <lines>Eis o ensejo agora, vem, pecador!<br/>Atendes sem demora, vem, pecador!<br/>Careces desta Graça? Vem, pecador!<br/>Decide! A vida passa! Vem, pecador!</lines>
    </verse>
  </lyrics>
</song>
