<?xml version='1.0' encoding='utf-8'?>
<song xmlns="http://openlyrics.info/namespace/2009/song" version="0.8" createdIn="OpenLP 2.0.3" modifiedIn="OpenLP 2.0.3" modifiedDate="2013-09-21T14:49:00">
  <properties>
    <titles>
      <title>HNC 268 - Redenção</title>
    </titles>
    <verseOrder>v1 c1 v2 c1 v3 c2</verseOrder>
    <authors>
      <author>Hinário Novo Cântico</author>
    </authors>
    <songbooks>
      <songbook name="Hinário Novo Cântico" entry="268"/>
    </songbooks>
  </properties>
  <format>
    <tags application="OpenLP">
      <tag name="it">
        <open>&lt;em&gt;</open>
        <close>&lt;/em&gt;</close>
      </tag>
    </tags>
  </format>
  <lyrics>
    <verse name="v1">
      <lines>Pendurado no madeiro,<br/>Ó Jesus, pudeste, assim,<br/>Destruir meu cativeiro<br/>E provar-me amor sem fim.</lines>
    </verse>
    <verse name="v2">
      <lines>Neste sangue que verteste,<br/>Purifica-me, Senhor!<br/>Foi por mim que Tu morreste:<br/>Sê propício ao pecador!</lines>
    </verse>
    <verse name="v3">
      <lines>Sê propício aos condenados<br/>A lutar na escuridão<br/>Deste abismo de pecados,<br/>Sob a dor da maldição!</lines>
    </verse>
    <verse name="c1">
      <lines>
        <tag name="it">O Teu sangue foi vertido,<br/>Expiraste, ó meu Jesus!<br/>E ficou por Ti cumprido<br/>Meu resgate sobre a cruz.</tag>
      </lines>
    </verse>
    <verse name="c2">
      <lines>
        <tag name="it">O Teu sangue foi vertido,<br/>Expiraste, ó meu Jesus!<br/>E ficou por Ti cumprido<br/>Meu resgate sobre a cruz.<br/>Amém.</tag>
      </lines>
    </verse>
  </lyrics>
</song>
