<?xml version='1.0' encoding='utf-8'?>
<song xmlns="http://openlyrics.info/namespace/2009/song" version="0.8" createdIn="OpenLP 2.0.3" modifiedIn="OpenLP 2.0.3" modifiedDate="2013-09-21T14:48:57">
  <properties>
    <titles>
      <title>HNC 202 - Palavras Preciosas</title>
    </titles>
    <authors>
      <author>Hinário Novo Cântico</author>
    </authors>
    <songbooks>
      <songbook name="Hinário Novo Cântico" entry="202"/>
    </songbooks>
  </properties>
  <lyrics>
    <verse name="v1">
      <lines>Preciosas as palavras<br/>De Jesus, eterno Rei:<br/>“Aquele que vier a mim,<br/>Eu não desprezarei.”</lines>
    </verse>
    <verse name="v2">
      <lines>Preciosas as palavras<br/>De Jesus, eterno Rei:<br/>“Ó vós, cansados, vinde já!<br/>É suave a minha lei.”</lines>
    </verse>
    <verse name="v3">
      <lines>Preciosas as palavras<br/>De Jesus, eterno Rei:<br/>“A porta sou, por mim entrai,<br/>Descanso vos darei.”</lines>
    </verse>
    <verse name="v4">
      <lines>Preciosas as palavras<br/>De Jesus, eterno Rei:<br/>“Por vós o mundo já venci,<br/>Por vós a vida dei.”</lines>
    </verse>
  </lyrics>
</song>
