<?xml version='1.0' encoding='utf-8'?>
<song xmlns="http://openlyrics.info/namespace/2009/song" version="0.8" createdIn="OpenLP 2.0.3" modifiedIn="OpenLP 2.0.3" modifiedDate="2013-09-21T14:48:59">
  <properties>
    <titles>
      <title>HNC 266 - Rude Cruz</title>
    </titles>
    <verseOrder>v1 c1 v2 c1 v3 c1</verseOrder>
    <authors>
      <author>Hinário Novo Cântico</author>
    </authors>
    <songbooks>
      <songbook name="Hinário Novo Cântico" entry="266"/>
    </songbooks>
  </properties>
  <format>
    <tags application="OpenLP">
      <tag name="it">
        <open>&lt;em&gt;</open>
        <close>&lt;/em&gt;</close>
      </tag>
    </tags>
  </format>
  <lyrics>
    <verse name="v1">
      <lines>Rude cruz se erigiu,<br/>Dela o dia fugiu<br/>Como emblema de vergonha e dor.<br/>Mas eu sei que na cruz,<br/>Nesse dia Jesus<br/>Deu a vida por mim, pecador.</lines>
    </verse>
    <verse name="v2">
      <lines>Desde a glória dos céus,<br/>O Cordeiro de Deus<br/>Ao Calvário humilhante baixou,<br/>Nessa cruz, para mim<br/>Há mistério sem fim,<br/>Porque nela Jesus me salvou.</lines>
    </verse>
    <verse name="v3">
      <lines>Nessa cruz padeceu<br/>Desprezado morreu<br/>Meu Jesus, para dar-me perdão<br/>Eu me alegro na Cruz<br/>Dela vêm graça e luz<br/>Para minha santificação</lines>
    </verse>
    <verse name="c1">
      <lines>
        <tag name="it">Sim, eu amo a mensagem da cruz;<br/>Seu triunfo meu gozo será!<br/>Pois um dia, em lugar de uma cruz, <br/>A coroa Jesus me dará!</tag>
      </lines>
    </verse>
  </lyrics>
</song>
