<?xml version='1.0' encoding='utf-8'?>
<song xmlns="http://openlyrics.info/namespace/2009/song" version="0.8" createdIn="OpenLP 2.0.3" modifiedIn="OpenLP 2.0.3" modifiedDate="2013-09-21T14:48:51">
  <properties>
    <titles>
      <title>HNC 076 - Clamor por Compaixão</title>
    </titles>
    <authors>
      <author>Hinário Novo Cântico</author>
    </authors>
    <songbooks>
      <songbook name="Hinário Novo Cântico" entry="76"/>
    </songbooks>
  </properties>
  <lyrics>
    <verse name="v1">
      <lines>Tem compaixão de mim, Senhor!<br/>Oh! Mostra o teu excelso amor.<br/>E, na infinita multidão<br/>De tuas graças, dá perdão.</lines>
    </verse>
    <verse name="v2">
      <lines>Tão pecador me descobri!<br/>Perdoa o mal que cometi.<br/>Minha alma venho aqui lavar;<br/>Oh! Não me deixes mais pecar.</lines>
    </verse>
    <verse name="v3">
      <lines>A mim Tu podes perdoar,<br/>De toda mancha me lavar;<br/>Vem dar-me um novo coração.<br/>Ó Deus de amor e compaixão.</lines>
    </verse>
    <verse name="v4">
      <lines>Por geração, ó bom Senhor,<br/>Não sou senão um pecador.<br/>E ti me posso levantar<br/>E, como a neve, puro estar.</lines>
    </verse>
    <verse name="v5">
      <lines>Vem, pois, a mim então valer,<br/>A meus clamores atender,<br/>E o coração que triste está<br/>De eterno gozo exultará. Amém.</lines>
    </verse>
  </lyrics>
</song>
