<?xml version='1.0' encoding='utf-8'?>
<song xmlns="http://openlyrics.info/namespace/2009/song" version="0.8" createdIn="OpenLP 2.0.3" modifiedIn="OpenLP 2.0.3" modifiedDate="2013-09-21T14:48:50">
  <properties>
    <titles>
      <title>HNC 058 - Ofertas</title>
    </titles>
    <authors>
      <author>Hinário Novo Cântico</author>
    </authors>
    <songbooks>
      <songbook name="Hinário Novo Cântico" entry="58"/>
    </songbooks>
  </properties>
  <lyrics>
    <verse name="v1">
      <lines>A minha vida, com seus bens,<br/>Provém de Ti, Senhor.<br/>Saúde, veste, abrigo e pão<br/>São dons do Teu amor!</lines>
    </verse>
    <verse name="v2">
      <lines>Oh! Não permitas, Pai de amor,<br/>Que aquilo que me dás<br/>Eu ouse, incauto, desviar<br/>Em causas vãs ou más!</lines>
    </verse>
    <verse name="v3">
      <lines>Não deixes que meu coração<br/>Se engolfe no prazer,<br/>E no fruir de muitos dons<br/>Eu venha te esquecer!</lines>
    </verse>
    <verse name="v4">
      <lines>Mordomo Teu, eu quero dar<br/>À Igreja, em proporção,<br/>A quantas bênçãos recebi<br/>De tuas próprias mãos!</lines>
    </verse>
    <verse name="v5">
      <lines>Aceita a minha oferta, ó Deus,<br/>E bênçãos dá-me a flux.<br/>Sim, dá-me sempre o que ofertar<br/>À causa de Jesus! Amém.</lines>
    </verse>
  </lyrics>
</song>
