<?xml version='1.0' encoding='utf-8'?>
<song xmlns="http://openlyrics.info/namespace/2009/song" version="0.8" createdIn="OpenLP 2.0.3" modifiedIn="OpenLP 2.0.3" modifiedDate="2013-09-21T14:48:49">
  <properties>
    <titles>
      <title>HNC 012 - Glória a Deus</title>
    </titles>
    <authors>
      <author>Hinário Novo Cântico</author>
    </authors>
    <songbooks>
      <songbook name="Hinário Novo Cântico"/>
    </songbooks>
  </properties>
  <lyrics>
    <verse name="v1">
      <lines>Santo! Santo! Santo!<br/>Deus dos exércitos,<br/>A terra e os céus<br/>Proclamam tua glória.<br/>Glória a ti, glória a ti, ó Deus,<br/>Eternamente, Amém.</lines>
    </verse>
  </lyrics>
</song>
