<?xml version='1.0' encoding='utf-8'?>
<song xmlns="http://openlyrics.info/namespace/2009/song" version="0.8" createdIn="OpenLP 2.0.3" modifiedIn="OpenLP 2.0.3" modifiedDate="2013-09-21T14:48:55">
  <properties>
    <titles>
      <title>HNC 166 - Luz da Vida</title>
    </titles>
    <authors>
      <author>Hinário Novo Cântico</author>
    </authors>
    <songbooks>
      <songbook name="Hinário Novo Cântico" entry="166"/>
    </songbooks>
  </properties>
  <lyrics>
    <verse name="v1">
      <lines>És da minha alma a luz, Senhor!<br/>Vem dissipar o meu temor!<br/>Noite não há se perto estás,<br/>E em ti alcanço plena paz.</lines>
    </verse>
    <verse name="v2">
      <lines>Sempre comigo estás, Senhor!<br/>Só tenho vida em teu amor.<br/>Do dia esvai-se toda a luz,<br/>Sigo bem junto a ti, Jesus.</lines>
    </verse>
    <verse name="v3">
      <lines>Com os enfermos vem estar,<br/>Os pobres vem alimentar!<br/>Aos que no leito sofrem dor<br/>Dá teu conforto e paz, Senhor.</lines>
    </verse>
    <verse name="v4">
      <lines>E desde cedo, ao despertar,<br/>O nosso passo vem guiar!<br/>Na imensidão do teu amor<br/>Vem nos guardar, ó Salvador. Amém.</lines>
    </verse>
  </lyrics>
</song>
