<?xml version='1.0' encoding='utf-8'?>
<song xmlns="http://openlyrics.info/namespace/2009/song" version="0.8" createdIn="OpenLP 2.0.3" modifiedIn="OpenLP 2.0.3" modifiedDate="2013-09-21T14:49:02">
  <properties>
    <titles>
      <title>HNC 323 - Unidas e Firmes</title>
    </titles>
    <verseOrder>v1 c1 v2 c1 v3 c1</verseOrder>
    <authors>
      <author>Hinário Novo Cântico</author>
    </authors>
    <songbooks>
      <songbook name="Hinário Novo Cântico" entry="323"/>
    </songbooks>
  </properties>
  <format>
    <tags application="OpenLP">
      <tag name="it">
        <open>&lt;em&gt;</open>
        <close>&lt;/em&gt;</close>
      </tag>
    </tags>
  </format>
  <lyrics>
    <verse name="v1">
      <lines>Nesta arena da santa peleja,<br/>No combate devemos entrar,<br/>Batalhando com fé e coragem,<br/>Pois a noite não tarda a chegar.</lines>
    </verse>
    <verse name="v2">
      <lines>Mas se o mundo, coberto de trevas,<br/>Nos olhar com rigor ou desdém,<br/>Prossigamos, ousadas, avante,<br/>Espalhando as idéias do bem.</lines>
    </verse>
    <verse name="v3">
      <lines>Pelejemos! A Causa é sagrada!<br/>Vamos todas com fé e oração;<br/>E guiadas por Deus, Pai celeste,<br/>Cumpriremos a nossa missão!</lines>
    </verse>
    <verse name="c1">
      <lines>
        <tag name="it">Vamos, vamos, leais companheiras,<br/>Caminhando na luz do Senhor!<br/>A divisa do nosso estandarte<br/>Seja fé, esperança e amor! (bis)</tag>
      </lines>
    </verse>
  </lyrics>
</song>
