<?xml version='1.0' encoding='utf-8'?>
<song xmlns="http://openlyrics.info/namespace/2009/song" version="0.8" createdIn="OpenLP 2.0.3" modifiedIn="OpenLP 2.0.3" modifiedDate="2013-09-21T14:48:51">
  <properties>
    <titles>
      <title>HNC 075 - Arrependimento e Súplica</title>
    </titles>
    <authors>
      <author>Hinário Novo Cântico</author>
    </authors>
    <songbooks>
      <songbook name="Hinário Novo Cântico" entry="75"/>
    </songbooks>
  </properties>
  <lyrics>
    <verse name="v1">
      <lines>Abatido em meu pecado,<br/>Clamo a ti, ó bom Senhor!<br/>Olha o pranto, o desencanto,<br/>Deste pobre pecador.<br/>Deus clemente e paciente,<br/>Oh! Liberta-me do mal,<br/>Para amar-te e consagrar-te<br/>Minha vida até ao final.</lines>
    </verse>
    <verse name="v2">
      <lines>Cada dia andaria<br/>Lado a lado com Jesus,<br/>Adorando, exaltando<br/>Ao excelso Deus de luz.<br/>Mas ligado ao pecado,<br/>Como posso andar, Senhor?<br/>Dos contritos, os delitos,<br/>Vem tirar, ó Redentor.</lines>
    </verse>
    <verse name="v3">
      <lines>Deus bondoso, caridoso,<br/>Da verdade eterno Autor,<br/>Meu pecado confessado,<br/>Oh! Perdoa por amor!<br/>Deus clemente, Pai do crente,<br/>Esperança e eterna luz,<br/>Sê meu guia, noite e dia,<br/>Para a glória de Jesus. Amém.</lines>
    </verse>
  </lyrics>
</song>
