<?xml version='1.0' encoding='utf-8'?>
<song xmlns="http://openlyrics.info/namespace/2009/song" version="0.8" createdIn="OpenLP 2.0.3" modifiedIn="OpenLP 2.0.3" modifiedDate="2013-09-21T14:48:56">
  <properties>
    <titles>
      <title>HNC 175 - O Servo do Senhor</title>
    </titles>
    <authors>
      <author>Hinário Novo Cântico</author>
    </authors>
    <songbooks>
      <songbook name="Hinário Novo Cântico" entry="175"/>
    </songbooks>
  </properties>
  <lyrics>
    <verse name="v1">
      <lines>Quão bem-aventurado o servo do Senhor,<br/>Que não faz aliança com o desprezador!</lines>
    </verse>
    <verse name="v2">
      <lines>Jamais o mau caminho dos ímpios quer seguir,<br/>Nem por seu vil conselho se deixa seduzir.</lines>
    </verse>
    <verse name="v3">
      <lines>Mas sumo regozijo em Deus alcançará,<br/>E em sua lei divina, feliz, meditará.</lines>
    </verse>
    <verse name="v4">
      <lines>Bem como a linda planta ele há de florescer!<br/>E junto às águas vivas, viçoso, irá crescer.</lines>
    </verse>
    <verse name="v5">
      <lines>Em toda a sua vida os frutos brotarão,<br/>E em tudo que ele intente vitórias surgirão.</lines>
    </verse>
    <verse name="v6">
      <lines>Mas doutra sorte, os ímpios não podem prosperar,<br/>E suas esperanças na morte irão findar.</lines>
    </verse>
    <verse name="v7">
      <lines>Mui breve nós veremos Jesus do céu descer,<br/>E sua igreja inteira na glória receber.</lines>
    </verse>
    <verse name="v8">
      <lines>Então, os que desprezam o grande Salvador<br/>Perecerão malditos diante do Senhor.</lines>
    </verse>
  </lyrics>
</song>
