<?xml version='1.0' encoding='utf-8'?>
<song xmlns="http://openlyrics.info/namespace/2009/song" version="0.8" createdIn="OpenLP 2.0.3" modifiedIn="OpenLP 2.0.3" modifiedDate="2013-09-21T14:48:54">
  <properties>
    <titles>
      <title>HNC 139 - O Socorro do Crente</title>
    </titles>
    <authors>
      <author>Hinário Novo Cântico</author>
    </authors>
    <songbooks>
      <songbook name="Hinário Novo Cântico" entry="139"/>
    </songbooks>
  </properties>
  <lyrics>
    <verse name="v1">
      <lines>Para altos montes olharei,<br/>Quem me socorrerá?<br/>Do meu divino protetor<br/>Auxílio me virá.</lines>
    </verse>
    <verse name="v2">
      <lines>No braço forte esperarei<br/>Do meu Amparador!<br/>Por ele o mundo feito está,<br/>De tudo ele é Senhor.</lines>
    </verse>
    <verse name="v3">
      <lines>O pé do servo de Jesus<br/>Jamais vacilará!<br/>O Deus que guarda os filhos seus<br/>Não adormecerá.</lines>
    </verse>
    <verse name="v4">
      <lines>Do crente à mão direita está<br/>Quem o protege bem!<br/>Nem sol nem lua o ferirá,<br/>Socorro sempre tem.</lines>
    </verse>
    <verse name="v5">
      <lines>Os inimigos dos fiéis<br/>Os querem assustar!<br/>O protegido por Jesus<br/>Sem medo deve andar.</lines>
    </verse>
  </lyrics>
</song>
