<?xml version='1.0' encoding='utf-8'?>
<song xmlns="http://openlyrics.info/namespace/2009/song" version="0.8" createdIn="OpenLP 2.0.3" modifiedIn="OpenLP 2.0.3" modifiedDate="2013-12-24T13:41:42">
  <properties>
    <titles>
      <title>HNC 343 - Em Memória</title>
    </titles>
    <authors>
      <author>Hinário Novo Cântico</author>
    </authors>
    <songbooks>
      <songbook name="Hinário Novo Cântico" entry="343"/>
    </songbooks>
  </properties>
  <lyrics>
    <verse name="v1">
      <lines>Levado pelo imenso amor<br/>Que tu me tens, Senhor,<br/>À tua Mesa, ó Salvador,<br/>Lembrar-me-ei de ti!</lines>
    </verse>
    <verse name="v2">
      <lines>Por meu pecado, sobre a cruz<br/>Sofreste, meu Jesus.<br/>Meu Salvador e minha luz,<br/>Lembrar-me-ei de ti!</lines>
    </verse>
    <verse name="v3">
      <lines>Na cruz teu corpo sucumbiu<br/>Na morte que o feriu.<br/>A mim teu sangue redimiu;<br/>Lembrar-me-ei de ti!</lines>
    </verse>
    <verse name="v4">
      <lines>E quando a morte, enfim, chegar,<br/>Jesus, ao doce lar,<br/>Os teus fiéis virás chamar:<br/>Lembrar-te-ás de mim. Amém.</lines>
    </verse>
  </lyrics>
</song>
