<?xml version='1.0' encoding='utf-8'?>
<song xmlns="http://openlyrics.info/namespace/2009/song" version="0.8" createdIn="OpenLP 2.0.3" modifiedIn="OpenLP 2.0.3" modifiedDate="2013-09-21T14:48:53">
  <properties>
    <titles>
      <title>HNC 128 - Comunhão Preciosa</title>
    </titles>
    <authors>
      <author>Hinário Novo Cântico</author>
    </authors>
    <songbooks>
      <songbook name="Hinário Novo Cântico" entry="128"/>
    </songbooks>
  </properties>
  <lyrics>
    <verse name="v1">
      <lines>Preciosas são as horas<br/>Na presença de Jesus!<br/>Comunhão deliciosa<br/>Da minha alma com a luz.<br/>Os cuidados deste mundo<br/>Não me podem abalar,<br/>Pois é Ele meu abrigo<br/>Quando o tentador chegar.</lines>
    </verse>
    <verse name="v2">
      <lines>Ao sentir-me rodeado<br/>De cuidados terreais,<br/>Irritado e abatido,<br/>Ou em dúvidas fatais,<br/>A Jesus eu me dirijo<br/>Nesses tempos de aflição;<br/>As palavras que Ele fala<br/>Trazem paz, consolação.</lines>
    </verse>
    <verse name="v3">
      <lines>Se confesso meus temores,<br/>Toda minha imperfeição, <br/>Ele escuta com paciência<br/>Essa triste confissão.<br/>Com ternura repreende<br/>Meu pecado e todo o mal;<br/>É Jesus o meu Amigo,<br/>O melhor e mais leal.</lines>
    </verse>
    <verse name="v4">
      <lines>Se quereis saber quão doce<br/>É a divina comunhão,<br/>Podereis mui bem prová-la<br/>E tereis compensação.<br/>Procurai estar sozinhos<br/>Em conversa com Jesus,<br/>Provareis na vossa vida<br/>O poder que vem da cruz.</lines>
    </verse>
  </lyrics>
</song>
