<?xml version='1.0' encoding='utf-8'?>
<song xmlns="http://openlyrics.info/namespace/2009/song" version="0.8" createdIn="OpenLP 2.0.3" modifiedIn="OpenLP 2.0.3" modifiedDate="2013-09-21T14:49:01">
  <properties>
    <titles>
      <title>HNC 313 - Prontidão</title>
    </titles>
    <verseOrder>v1 c1 v2 c1 v3 c1 v4 c1</verseOrder>
    <authors>
      <author>Hinário Novo Cântico</author>
    </authors>
    <songbooks>
      <songbook name="Hinário Novo Cântico" entry="313"/>
    </songbooks>
  </properties>
  <format>
    <tags application="OpenLP">
      <tag name="it">
        <open>&lt;em&gt;</open>
        <close>&lt;/em&gt;</close>
      </tag>
    </tags>
  </format>
  <lyrics>
    <verse name="v1">
      <lines>Quem de Cristo ao lado agora quer andar?<br/>Quem a sua vida quer lhe dedicar?<br/>Tudo abandonando, a Jesus seguir,<br/>Encarando as lutas que lhe possam vir?</lines>
    </verse>
    <verse name="v2">
      <lines>Não ambicionando honras ou poder,<br/>Eis-nos todos firmes para combater.<br/>Quem o amor de Cristo vem a contemplar,<br/>Há de, resoluto, ao seu lado estar.</lines>
    </verse>
    <verse name="v3">
      <lines>Não com ouro ou prata foi, Senhor Jesus,<br/>Que nos redimiste, mas por Tua cruz.<br/>Sim, com o Teu sangue, sangue remidor,<br/>Tu nos resgataste de uma vez, Senhor!</lines>
    </verse>
    <verse name="v4">
      <lines>A peleja sempre dura nos será;<br/>Inimigo forte nos combaterá;<br/>Mas onipotente é o Rei dos reis!<br/>A vitória é certa para os seus fiéis!</lines>
    </verse>
    <verse name="c1">
      <lines>
        <tag name="it">Quem de Cristo ao lado, sempre quer andar?<br/>Quem quer ajudá-lo outros a chamar?<br/>Pela Tua graça, pelo Teu amor,<br/>Eis-nos ao Teu lado, somos Teus, Senhor!</tag>
      </lines>
    </verse>
  </lyrics>
</song>
