<?xml version='1.0' encoding='utf-8'?>
<song xmlns="http://openlyrics.info/namespace/2009/song" version="0.8" createdIn="OpenLP 2.0.3" modifiedIn="OpenLP 2.0.3" modifiedDate="2013-12-24T19:54:42">
  <properties>
    <titles>
      <title>HNC 163 - Direção Divina</title>
    </titles>
    <authors>
      <author>Hinário Novo Cântico</author>
    </authors>
    <songbooks>
      <songbook name="Hinário Novo Cântico" entry="163"/>
    </songbooks>
  </properties>
  <lyrics>
    <verse name="v1">
      <lines>As tuas mãos dirigem meu destino!<br/>Ó Deus de amor, que seja sempre assim!<br/>Teus são os meus poderes, minha vida;<br/>Em tudo, eterno Pai, dispõe de mim.<br/>Meus dias sejam curtos ou compridos,<br/>Passados em tristezas ou prazer.<br/>Em sombra ou luz, de acordo com o teu plano,<br/>É tudo bom se vem do teu querer.</lines>
    </verse>
    <verse name="v2">
      <lines>As tuas mãos dirigem meu destino,<br/>Por mim cravados na sangrenta cruz!<br/>Por meus pecados foram transpassadas,<br/>Bem posso nelas descansar, Jesus!<br/>Nos céus erguidas, sempre intercedendo,<br/>As santas mãos não pedirão em vão;<br/>Ao seu cuidado, em plena confiança,<br/>Entrego a minha eterna salvação.</lines>
    </verse>
    <verse name="v3">
      <lines>As tuas mãos dirigem meu destino,<br/>Acasos para mim não haverá!<br/>O grande Pai vigia o meu caminho,<br/>E sem motivo não me afligirá!<br/>Encontro em seu poder constante apoio,<br/>Forte é Seu braço, insone o Seu amor;<br/>Por fim, entrando na cidade eterna,<br/>Eu louvarei meu Guia e Salvador. Amém.</lines>
    </verse>
  </lyrics>
</song>
