<?xml version='1.0' encoding='utf-8'?>
<song xmlns="http://openlyrics.info/namespace/2009/song" version="0.8" createdIn="OpenLP 2.0.3" modifiedIn="OpenLP 2.0.3" modifiedDate="2013-09-21T14:48:56">
  <properties>
    <titles>
      <title>HNC 180 - Amor Fraternal</title>
    </titles>
    <authors>
      <author>Hinário Novo Cântico</author>
    </authors>
    <songbooks>
      <songbook name="Hinário Novo Cântico" entry="180"/>
    </songbooks>
  </properties>
  <lyrics>
    <verse name="v1">
      <lines>Jesus, Pastor amado! Louvamos-te hoje aqui,<br/>Unidos pela graça, um corpo só em ti.<br/>Contendas e malícias, que longe de nós vão,<br/>Nenhum desgosto impeça a nossa santa união.</lines>
    </verse>
    <verse name="v2">
      <lines>Família unida somos, família de Jesus!<br/>Iluminados todos da mesma santa luz.<br/>A mesma fé nos une num só divino amor.<br/>E cheios de alegria servimos ao Senhor.</lines>
    </verse>
    <verse name="v3">
      <lines>Num só caminho estreito Deus mesmo nos conduz,<br/>Só temos esperança no Salvador Jesus!<br/>Sua morte preciosa a todos vida traz;<br/>E pelo mesmo sangue nos vem a mesma paz.</lines>
    </verse>
    <verse name="v4">
      <lines>Pois sendo resgatados por um só Salvador,<br/>Vivamos sempre unidos por mais ardente amor!<br/>Com simpatia olhando os erros de um irmão,<br/>Cuidando de ajudá-lo com branda compaixão.</lines>
    </verse>
    <verse name="v5">
      <lines>Jesus, bondoso Amigo, ensina-nos a amar;<br/>E, como Tu fizeste, também a perdoar!<br/>Pois tanto carecemos do auxílio teu, Senhor!<br/>Unidos, graças damos por teu imenso amor.<br/>Amém.</lines>
    </verse>
  </lyrics>
</song>
