<?xml version='1.0' encoding='utf-8'?>
<song xmlns="http://openlyrics.info/namespace/2009/song" version="0.8" createdIn="OpenLP 2.0.3" modifiedIn="OpenLP 2.0.3" modifiedDate="2013-09-21T14:49:00">
  <properties>
    <titles>
      <title>HNC 272 - Aleluia ao Cristo Redivivo</title>
    </titles>
    <authors>
      <author>Hinário Novo Cântico</author>
    </authors>
    <songbooks>
      <songbook name="Hinário Novo Cântico" entry="272"/>
    </songbooks>
  </properties>
  <lyrics>
    <verse name="v1">
      <lines>Cristo já ressuscitou! Aleluia!<br/>Sobre a morte triunfou! Aleluia!<br/>Tudo consumado está! Aleluia!<br/>Salvação de graça dá! Aleluia!</lines>
    </verse>
    <verse name="v2">
      <lines>Cristo sobre a cruz sofreu! Aleluia!<br/>E por nós ali morreu! Aleluia!<br/>Mas agora vivo está! Aleluia!<br/>Para sempre reinará! Aleluia!</lines>
    </verse>
    <verse name="v3">
      <lines>Gratos hinos hoje erguei! Aleluia!<br/>A Jesus, o grande Rei! Aleluia!<br/>Ressurgiu, é vencedor! Aleluia!<br/>Toda glória ao Redentor! Aleluia!</lines>
    </verse>
  </lyrics>
</song>
