<?xml version='1.0' encoding='utf-8'?>
<song xmlns="http://openlyrics.info/namespace/2009/song" version="0.8" createdIn="OpenLP 2.0.4" modifiedIn="OpenLP 2.0.4" modifiedDate="2014-05-17T15:29:21">
  <properties>
    <titles>
      <title>HNC 298 - A Pedra Fundamental</title>
    </titles>
    <verseOrder>v1 v2 v3</verseOrder>
    <authors>
      <author>Hinário Novo Cântico</author>
    </authors>
    <songbooks>
      <songbook name="Hinário Novo Cântico" entry="298"/>
    </songbooks>
  </properties>
  <lyrics>
    <verse name="o1">
      <lines>HNC 298 - A PEDRA FUNDAMENTAL<br/>Letra: Samuel John Stone<br/>Música: Samuel Sebastian Wesley<br/>Tradução: Robert Hawkey Moreton<br/>Adaptação: Vagner Ferreira<br/>Arranjo: John Purifoy</lines>
    </verse>
    <verse name="v1">
      <lines>Da Igreja o fundamento<br/>É Cristo, o Salvador!<br/>Em seu poder descansa<br/>E é forte em seu amor.<br/>Pois nele, alicerçada,<br/>Segura e firme está,<br/>E sobre a Rocha Eterna<br/>Jamais se abalará</lines>
    </verse>
    <verse name="v2">
      <lines>A pedra preciosa<br/>Que Deus predestinou<br/>Sustenta pedras vivas<br/>Que a graça trabalhou.<br/>E quando o monumento<br/>Surgir em plena luz,<br/>A glória do edifício<br/>Será do Rei Jesus!</lines>
    </verse>
    <verse name="v3">
      <lines>Neste edifício santo<br/>Que visa ao teu louvor,<br/>Esteja a tua bênção,<br/>Rogamos-te, Senhor!<br/>Que muitos pecadores<br/>Aqui, em contrição,<br/>Se tornem templos santos<br/>De tua habitação. Amém.</lines>
    </verse>
  </lyrics>
</song>
