<?xml version='1.0' encoding='utf-8'?>
<song xmlns="http://openlyrics.info/namespace/2009/song" version="0.8" createdIn="OpenLP 2.0.3" modifiedIn="OpenLP 2.0.3" modifiedDate="2013-12-24T13:44:35">
  <properties>
    <titles>
      <title>HNC 344 - A Ceia do Senhor</title>
    </titles>
    <authors>
      <author>Hinário Novo Cântico</author>
    </authors>
    <songbooks>
      <songbook name="Hinário Novo Cântico" entry="344"/>
    </songbooks>
  </properties>
  <lyrics>
    <verse name="v1">
      <lines>Eis-me aqui, Senhor bondoso,<br/>Tua Ceia a celebrar<br/>E, por ela, neste instante,<br/>Tua morte anunciar.</lines>
    </verse>
    <verse name="v2">
      <lines>De teu sangue e tua carne,<br/>Pela fé já me nutri;<br/>Pois da vida o pão me deste<br/>Quando em ti, Jesus, eu cri.</lines>
    </verse>
    <verse name="v3">
      <lines>Proclamando a tua Morte<br/>Eu relembro o grande amor<br/>Que inspirou teu sacrifício<br/>Pelo pobre pecador.</lines>
    </verse>
    <verse name="v4">
      <lines>Que o amor aqui lembrado<br/>Venha encher o coração<br/>Dos que jazem separados<br/>Desta doce comunhão! Amém.</lines>
    </verse>
  </lyrics>
</song>
