<?xml version='1.0' encoding='utf-8'?>
<song xmlns="http://openlyrics.info/namespace/2009/song" version="0.8" createdIn="OpenLP 2.0.3" modifiedIn="OpenLP 2.0.3" modifiedDate="2013-09-21T14:49:01">
  <properties>
    <titles>
      <title>HNC 315 - Serviço do Crente</title>
    </titles>
    <verseOrder>v1 c1 v2 c1 v3 c1</verseOrder>
    <authors>
      <author>Hinário Novo Cântico</author>
    </authors>
    <songbooks>
      <songbook name="Hinário Novo Cântico" entry="315"/>
    </songbooks>
  </properties>
  <format>
    <tags application="OpenLP">
      <tag name="it">
        <open>&lt;em&gt;</open>
        <close>&lt;/em&gt;</close>
      </tag>
    </tags>
  </format>
  <lyrics>
    <verse name="v1">
      <lines>Vamos nós trabalhar, somos servos de Deus,<br/>E o Mestre seguir no caminho dos céus!<br/>Com o seu bom conselho o vigor renovar,<br/>Diligentes fazendo o que ele ordenar.</lines>
    </verse>
    <verse name="v2">
      <lines>Vamos nós trabalhar e os famintos fartar,<br/>Para a fonte os sedentos depressa levar!<br/>Só na cruz do Senhor nossa glória será,<br/>Pois Jesus salvação por seu sangue nos dá!</lines>
    </verse>
    <verse name="v3">
      <lines>Vamos nós trabalhar, ajudados por Deus,<br/>Que a coroa de glória nos dá lá nos céus.<br/>A mansão dos fiéis sempiterna será,<br/>Pois Jesus salvação inefável nos dá!</lines>
    </verse>
    <verse name="c1">
      <lines>
        <tag name="it">No labor, sem cessar<br/>A servir a Jesus.<br/>Com amor e fé e com oração,<br/>Até que volte o bom Senhor!</tag>
      </lines>
    </verse>
  </lyrics>
</song>
