<?xml version='1.0' encoding='utf-8'?>
<song xmlns="http://openlyrics.info/namespace/2009/song" version="0.8" createdIn="OpenLP 2.0.3" modifiedIn="OpenLP 2.0.3" modifiedDate="2013-09-21T14:48:48">
  <properties>
    <titles>
      <title>HNC 003 - A Igreja em Adoração</title>
    </titles>
    <authors>
      <author>Hinário Novo Cântico</author>
    </authors>
    <songbooks>
      <songbook name="Hinário Novo Cântico" entry="3"/>
    </songbooks>
  </properties>
  <lyrics>
    <verse name="v1">
      <lines>Eterno Pai, teu povo congregado,<br/>Humilde entoa teu louvor aqui!<br/>No dia para o culto reservado,<br/>Com esperança olhamos para ti.<br/>Teu santo livro, ó Grande Deus, tomamos<br/>Com fé singela e reverente amor;<br/>E, como atentos filhos procuramos<br/>Ciência na palavra do Senhor.</lines>
    </verse>
    <verse name="v2">
      <lines>Jesus! Aos teus benditos pés sentados<br/>Queremos teu conselho receber,<br/>E sendo por ti mesmo doutrinados,<br/>De mais em mais na santa fé crescer.<br/>Do mundo e seus encargos retirados<br/>Queremos descansar em ti, Senhor,<br/>Mirando os ricos bens entesourados<br/>Na plenitude do teu vasto amor.</lines>
    </verse>
    <verse name="v3">
      <lines>Ensina aos teus, Espírito divino,<br/>Dissipa as trevas destes corações;<br/>E com a luz do teu celeste ensino,<br/>Vem aclarar as santas instruções.<br/>Aviva em nós as forças da memória,<br/>Pois sempre mais queremos conhecer<br/>O Rei dos céus, o Cristo cuja glória<br/>Enleva os santos anjos de prazer. Amém.</lines>
    </verse>
  </lyrics>
</song>
