<?xml version='1.0' encoding='utf-8'?>
<song xmlns="http://openlyrics.info/namespace/2009/song" version="0.8" createdIn="OpenLP 2.0.3" modifiedIn="OpenLP 2.0.3" modifiedDate="2013-09-21T14:48:53">
  <properties>
    <titles>
      <title>HNC 122 - Necessitado</title>
    </titles>
    <authors>
      <author>Hinário Novo Cântico</author>
    </authors>
    <songbooks>
      <songbook name="Hinário Novo Cântico" entry="122"/>
    </songbooks>
  </properties>
  <lyrics>
    <verse name="v1">
      <lines>À minha voz, ó Deus, atende,<br/>Pois noite e dia clamo a ti!<br/>Tão débil sou, tão pobre aqui,<br/>A meus queixumes e gemidos<br/>Vem dar ouvidos!</lines>
    </verse>
    <verse name="v2">
      <lines>Da vida e luz Tu és a fonte!<br/>Em mim opera o teu poder!<br/>Minha oração vem receber,<br/>Pois de meu leito o sol vigio<br/>E em ti confio.</lines>
    </verse>
    <verse name="v3">
      <lines>Não és um Deus que te comprazes<br/>Nas transgressões do pecador.<br/>Bondoso e justo és Tu, Senhor!<br/>E teu favor jamais consentes<br/>Aos maldizentes.</lines>
    </verse>
    <verse name="v4">
      <lines>Meus pés, à luz de teus caminhos,<br/>Humilde e fiel dirigirei.<br/>Tu és meu Deus, Tu és meu Rei!<br/>À tua vista andar eu quero,<br/>Puro e sincero.</lines>
    </verse>
    <verse name="v5">
      <lines>Em ti exultarão os justos,<br/>Rejubilando em tua paz.<br/>De todo o mal os guardarás,<br/>Pois tua Lei, ó Deus, conhecem<br/>E te obedecem. Amém.</lines>
    </verse>
  </lyrics>
</song>
