<?xml version='1.0' encoding='utf-8'?>
<song xmlns="http://openlyrics.info/namespace/2009/song" version="0.8" createdIn="OpenLP 2.0.3" modifiedIn="OpenLP 2.0.3" modifiedDate="2013-09-21T14:48:50">
  <properties>
    <titles>
      <title>HNC 053 - Honra, Poder, Majestade</title>
    </titles>
    <authors>
      <author>Hinário Novo Cântico</author>
    </authors>
    <songbooks>
      <songbook name="Hinário Novo Cântico" entry="53"/>
    </songbooks>
  </properties>
  <lyrics>
    <verse name="v1">
      <lines>Honra, poder, majestade, riqueza,<br/>Sabedoria, domínio e grandeza,<br/>Ao Vencedor da batalha é cantado,<br/>Ao ser, no trono do Céu, coroado.</lines>
    </verse>
    <verse name="v2">
      <lines>Soa nos céus o triunfo, a vitória;<br/>Vibra na terra do seu Nome a glória;<br/>Montes, oceanos, florestas e flores,<br/>Do seu domínio ecoam louvores.</lines>
    </verse>
    <verse name="v3">
      <lines>Sobe em canto constante alegria;<br/>Bênçãos do alto nos vêm cada dia;<br/>Honra, poder, majestade entoamos<br/>Em nossos hinos que a Deus elevamos.</lines>
    </verse>
    <verse name="v4">
      <lines>Daí ao Cordeiro o louvor que é devido;<br/>No trono reina de glória vestido.<br/>Foi imolado – aparente fraqueza!<br/>Mas, triunfante, já vive em grandeza.</lines>
    </verse>
  </lyrics>
</song>
