<?xml version='1.0' encoding='utf-8'?>
<song xmlns="http://openlyrics.info/namespace/2009/song" version="0.8" createdIn="OpenLP 2.0.3" modifiedIn="OpenLP 2.0.3" modifiedDate="2013-12-24T17:08:55">
  <properties>
    <titles>
      <title>HNC 356 - Jesus Menino</title>
    </titles>
    <authors>
      <author>Hinário Novo Cântico</author>
    </authors>
    <songbooks>
      <songbook name="Hinário Novo Cântico" entry="356"/>
    </songbooks>
  </properties>
  <lyrics>
    <verse name="v1">
      <lines>Foi também Jesus, um dia,<br/>Como eu, pequeno, assim,<br/>Mas em tudo se fazia<br/>Um modelo para mim.<br/>Na bondade e no cuidado,<br/>No constante obedecer,<br/>Como foi o Mestre amado<br/>Eu também desejo ser.</lines>
    </verse>
    <verse name="v2">
      <lines>Sou pequeno, mui fraquinho,<br/>E estou sempre a errar!<br/>Mas Jesus, em meu caminho,<br/>Bem me pode auxiliar.<br/>Ternamente me corrige,<br/>Me recorda o que convém.<br/>Seu amor meus pés dirige<br/>Para andar em todo bem.</lines>
    </verse>
    <verse name="v3">
      <lines>Teus ensinos, Mestre amado,<br/>Quero atento aqui ouvir,<br/>E assim, por ti guiado,<br/>Tua lei, fiel, cumprir.<br/>Ao teu lado, sempre estando,<br/>Quero andar na tua luz,<br/>Minha vida consagrando<br/>Só a ti, Senhor Jesus!<br/>Amém.</lines>
    </verse>
  </lyrics>
</song>
