<?xml version='1.0' encoding='utf-8'?>
<song xmlns="http://openlyrics.info/namespace/2009/song" version="0.8" createdIn="OpenLP 2.0.3" modifiedIn="OpenLP 2.0.3" modifiedDate="2013-09-21T14:48:57">
  <properties>
    <titles>
      <title>HNC 220 - Plena Dedicação</title>
    </titles>
    <verseOrder>v1 c1 v2 c1 v3 c1 v4 c1 v5 c1 v6 c1 v7 c2</verseOrder>
    <authors>
      <author>Hinário Novo Cântico</author>
    </authors>
    <songbooks>
      <songbook name="Hinário Novo Cântico" entry="220"/>
    </songbooks>
  </properties>
  <format>
    <tags application="OpenLP">
      <tag name="it">
        <open>&lt;em&gt;</open>
        <close>&lt;/em&gt;</close>
      </tag>
    </tags>
  </format>
  <lyrics>
    <verse name="v1">
      <lines>Sobre a cruz Jesus comprou-me,<br/>Corpo e alma, todo o ser.<br/>Hoje e sempre, inteiramente,<br/>Quero a Ele pertencer.</lines>
    </verse>
    <verse name="v2">
      <lines>Os meus olhos guia sempre,<br/>Consagrando-os a Jesus!<br/>Da vaidade bem distantes,<br/>Faze-os ver celeste luz.</lines>
    </verse>
    <verse name="v3">
      <lines>Oh! Dispõe o meu ouvido<br/>A fechar-se a todo mal,<br/>Atendendo ao Teu ensino<br/>Com respeito filial.</lines>
    </verse>
    <verse name="v4">
      <lines>Torna, ó Deus, a língua serva<br/>De Jesus, meu grande Rei!<br/>Põe palavras nos meus lábios,<br/>E Teu nome exaltarei.</lines>
    </verse>
    <verse name="v5">
      <lines>Minhas mãos, Senhor, emprega<br/>No serviço que convém,<br/>Diligentes para o Mestre,<br/>Trabalhando em todo o bem!</lines>
    </verse>
    <verse name="v6">
      <lines>Os meus pés sustenta sempre,<br/>Firmes, nos caminhos Teus.<br/>Nos sagrados mandamentos<br/>Consolida os passos meus.</lines>
    </verse>
    <verse name="v7">
      <lines>Que ventura pertencer-te!<br/>Ouve a minha petição:<br/>Vem, Senhor, supremo Amigo,<br/>Dominar meu coração!</lines>
    </verse>
    <verse name="c1">
      <lines>
        <tag name="it">Meu Senhor! Meu Senhor!<br/>Sempre a Ti pertencerei.</tag>
      </lines>
    </verse>
    <verse name="c2">
      <lines>
        <tag name="it">Meu Senhor! Meu Senhor!<br/>Sempre a Ti pertencerei. Amém.</tag>
      </lines>
    </verse>
  </lyrics>
</song>
