<?xml version='1.0' encoding='utf-8'?>
<song xmlns="http://openlyrics.info/namespace/2009/song" version="0.8" createdIn="OpenLP 2.0.3" modifiedIn="OpenLP 2.0.3" modifiedDate="2013-09-21T14:49:02">
  <properties>
    <titles>
      <title>HNC 328 - Deus do Universo</title>
    </titles>
    <authors>
      <author>Hinário Novo Cântico</author>
    </authors>
    <songbooks>
      <songbook name="Hinário Novo Cântico" entry="328"/>
    </songbooks>
  </properties>
  <lyrics>
    <verse name="v1">
      <lines>Deus do universo, de leis imutáveis<br/>Que nos sustém na vida terreal,<br/>Dá-nos marchar em meio às tuas hostes,<br/>Para servir na luta divinal.</lines>
    </verse>
    <verse name="v2">
      <lines>Filho de Deus, por ele aqui mandado<br/>És com o Pai o mesmo Deus de amor!<br/>Une teus servos para o teu serviço,<br/>Sim, vem unir-nos, pois, em ti, Senhor.</lines>
    </verse>
    <verse name="v3">
      <lines>Ó Santo Espírito, divino Mestre,<br/>A sã doutrina vem nos ensinar!<br/>Traze ao aflito e triste o teu consolo,<br/>E em meio às trevas faze a luz brilhar.</lines>
    </verse>
    <verse name="v4">
      <lines>Ó Deus Triúno, Deus de toda a graça,<br/>Teus pensamentos quão grandiosos são!<br/>Teu povo almeja estar contigo sempre;<br/>"Venha o teu reiono" - é a nossa petição.<br/>Amém.</lines>
    </verse>
  </lyrics>
</song>
