<?xml version='1.0' encoding='utf-8'?>
<song xmlns="http://openlyrics.info/namespace/2009/song" version="0.8" createdIn="OpenLP 2.0.3" modifiedIn="OpenLP 2.0.3" modifiedDate="2013-09-21T14:48:50">
  <properties>
    <titles>
      <title>HNC 048 - Amor e Gratidão</title>
    </titles>
    <authors>
      <author>Hinário Novo Cântico</author>
    </authors>
    <songbooks>
      <songbook name="Hinário Novo Cântico" entry="48"/>
    </songbooks>
  </properties>
  <lyrics>
    <verse name="v1">
      <lines>Jesus, quão infinito é teu divino amor!<br/>Além do nosso alcance, profundo é seu valor!<br/>Os céus por nós deixaste, vieste, aqui morrer,<br/>A fim de que possamos contigo, além, viver.</lines>
    </verse>
    <verse name="v2">
      <lines>Por isso, alegremente, buscamos sempre a Ti,<br/>Visando obedecer-te na vida breve aqui.<br/>Embora desprezados, com aflições e dor,<br/>É suave e bom servir-te, bendito Salvador,<br/>Amém.</lines>
    </verse>
  </lyrics>
</song>
