<?xml version='1.0' encoding='utf-8'?>
<song xmlns="http://openlyrics.info/namespace/2009/song" version="0.8" createdIn="OpenLP 2.0.3" modifiedIn="OpenLP 2.0.3" modifiedDate="2013-09-21T14:49:00">
  <properties>
    <titles>
      <title>HNC 276 - Amorável Convite</title>
    </titles>
    <authors>
      <author>Hinário Novo Cântico</author>
    </authors>
    <songbooks>
      <songbook name="Hinário Novo Cântico" entry="276"/>
    </songbooks>
  </properties>
  <lyrics>
    <verse name="v1">
      <lines>Vinde vós, fiéis, cantai<br/>Amoravelmente:<br/>Deus Seu povo libertou<br/>Triunfantemente!<br/>Exultai Jerusalém<br/>Com amor profundo,<br/>Proclamai que ressurgiu<br/>O Senhor do mundo.</lines>
    </verse>
    <verse name="v2">
      <lines>Têm as almas em Jesus<br/>Redenção, guarida<br/>Ressurgiu o Redentor,<br/>Eis a luz e a vida!<br/>Foge o inverno, a dor cruel,<br/>Do pecado a treva;<br/>Redimidos por Jesus,<br/>Ele ao céu nos leva!</lines>
    </verse>
    <verse name="v3">
      <lines>Aleluia! Cantareis<br/>Ao Senhor amado,<br/>Salvador, Deus imortal,<br/>Já ressuscitado!<br/>Aleluia! Glória daí,<br/>Com fervor supino!<br/>Aleluia! Sem cessar,<br/>Ao Deus Uno e Trino.</lines>
    </verse>
  </lyrics>
</song>
