<?xml version='1.0' encoding='utf-8'?>
<song xmlns="http://openlyrics.info/namespace/2009/song" version="0.8" createdIn="OpenLP 2.0.3" modifiedIn="OpenLP 2.0.3" modifiedDate="2013-09-21T14:48:52">
  <properties>
    <titles>
      <title>HNC 111 - Comunhão Divina</title>
    </titles>
    <authors>
      <author>Hinário Novo Cântico</author>
    </authors>
    <songbooks>
      <songbook name="Hinário Novo Cântico" entry="111"/>
    </songbooks>
  </properties>
  <lyrics>
    <verse name="v1">
      <lines>Comigo estás, ó Deus, a noite vem!<br/>As trevas crescem e o temor também!<br/>Socorro tenho e vera proteção,<br/>Porque em mim fizeste habitação.</lines>
    </verse>
    <verse name="v2">
      <lines>Vem revelar a mim, ó meu Senhor,<br/>Divino Mestre, Rei, Consolador,<br/>O teu amparo em toda tentação,<br/>Fazendo em mim constante habitação.</lines>
    </verse>
    <verse name="v3">
      <lines>Andando aqui, nas trevas ou na luz,<br/>Não há perigo estando com Jesus!<br/>Medo e pavor não prevalecerão,<br/>Pois em meu ser fizeste habitação.</lines>
    </verse>
    <verse name="v4">
      <lines>Ó morte, os teus poderes vão findar!<br/>Em Cristo os santos vão ressuscitar!<br/>No Reino eterno há gozo e exultação,<br/>E com Jesus eterna habitação. Amém.</lines>
    </verse>
  </lyrics>
</song>
