<?xml version='1.0' encoding='utf-8'?>
<song xmlns="http://openlyrics.info/namespace/2009/song" version="0.8" createdIn="OpenLP 2.0.3" modifiedIn="OpenLP 2.0.3" modifiedDate="2013-09-21T14:48:48">
  <properties>
    <titles>
      <title>HNC 005 - Trindade Adorada</title>
    </titles>
    <authors>
      <author>Hinário Novo Cântico</author>
    </authors>
    <songbooks>
      <songbook name="Hinário Novo Cântico" entry="5"/>
    </songbooks>
  </properties>
  <lyrics>
    <verse name="v1">
      <lines>Glória seja ao Pai,<br/>Ao Filho e ao Santo Espírito,<br/>Como era no princípio,<br/>É hoje e para sempre,<br/>Eternamente! Amém! Amém!</lines>
    </verse>
  </lyrics>
</song>
