<?xml version='1.0' encoding='utf-8'?>
<song xmlns="http://openlyrics.info/namespace/2009/song" version="0.8" createdIn="OpenLP 2.0.3" modifiedIn="OpenLP 2.0.3" modifiedDate="2013-12-24T13:19:40">
  <properties>
    <titles>
      <title>HNC 331 - Oração</title>
    </titles>
    <authors>
      <author>Hinário Novo Cântico</author>
    </authors>
    <songbooks>
      <songbook name="Hinário Novo Cântico" entry="331"/>
    </songbooks>
  </properties>
  <lyrics>
    <verse name="v1">
      <lines>Confirma, ó Salvador, a decisão feliz<br/>De quem, por teu amor, deixar o mundo quis,<br/>E agora vem se batizar,<br/>Submisso e humilde ao teu mandar.</lines>
    </verse>
    <verse name="v2">
      <lines>Aperfeiçoa em paz e em teu divino amor<br/>O coração que faz tal confissão, Senhor;<br/>E em tudo faze o meu viver<br/>Conforme, sempre, o teu querer!</lines>
    </verse>
    <verse name="v3">
      <lines>Ó Protetor fiel, amparador dos teus,<br/>Do mundo do tropel conduz os passos meus!<br/>Nas tentações sê tu, Senhor,<br/>O meu constante Defensor.</lines>
    </verse>
    <verse name="v4">
      <lines>Nos sentimentos bons, na comunhão veraz,<br/>Revela os ricos dons que o teu poder nos traz;<br/>Mostrando ao mundo, assim, Jesus,<br/>Que é bom andar na tua luz. Amém.</lines>
    </verse>
  </lyrics>
</song>
