<?xml version='1.0' encoding='utf-8'?>
<song xmlns="http://openlyrics.info/namespace/2009/song" version="0.8" createdIn="OpenLP 2.0.3" modifiedIn="OpenLP 2.0.3" modifiedDate="2013-09-21T14:48:59">
  <properties>
    <titles>
      <title>HNC 256 - Glória Singular</title>
    </titles>
    <authors>
      <author>Hinário Novo Cântico</author>
    </authors>
    <songbooks>
      <songbook name="Hinário Novo Cântico" entry="256"/>
    </songbooks>
  </properties>
  <lyrics>
    <verse name="v1">
      <lines>Visão de glória singular<br/>A igreja pôde contemplar<br/>Em Cristo, quando ascendeu<br/>Ao monte e ali resplandeceu.</lines>
    </verse>
    <verse name="v2">
      <lines>Com sua face a reluzir,<br/>Quis Ele a glória do porvir<br/>Aos escolhidos demonstrar,<br/>Que em luz e gozo hão de habitar.</lines>
    </verse>
    <verse name="v3">
      <lines>As almas crentes subirão!<br/>Mistérios dado na visão!<br/>Por isso, alegres, com louvor,<br/>Cantamos hinos ao Senhor.</lines>
    </verse>
    <verse name="v4">
      <lines>A Deus o Filho, a Deus o Pai<br/>E a Deus o Espírito entoai!<br/>O Deus que a graça nos quis dar<br/>De sua glória contemplar.<br/>Amém.</lines>
    </verse>
  </lyrics>
</song>
