<?xml version='1.0' encoding='utf-8'?>
<song xmlns="http://openlyrics.info/namespace/2009/song" version="0.8" createdIn="OpenLP 2.0.3" modifiedIn="OpenLP 2.0.3" modifiedDate="2013-09-21T14:49:02">
  <properties>
    <titles>
      <title>HNC 325 - Aspiração Feminina</title>
    </titles>
    <verseOrder>v1 c1 v2 c1 v3 c1 v4 c1</verseOrder>
    <authors>
      <author>Hinário Novo Cântico</author>
    </authors>
    <songbooks>
      <songbook name="Hinário Novo Cântico" entry="325"/>
    </songbooks>
  </properties>
  <format>
    <tags application="OpenLP">
      <tag name="it">
        <open>&lt;em&gt;</open>
        <close>&lt;/em&gt;</close>
      </tag>
    </tags>
  </format>
  <lyrics>
    <verse name="v1">
      <lines>A nós aqui reunidas,<br/>Senhor, envia luz.<br/>São Tuas nossas vidas,<br/>Ganhaste-as sobre a cruz.<br/>É vão qualquer trabalho<br/>Sem Tua aprovação!<br/>O nosso esforço é falho<br/>Se não nos dás a mão.</lines>
    </verse>
    <verse name="v2">
      <lines>Se a nossa fé se abala<br/>Em face às tentações,<br/>Levanta a voz e fala<br/>Aos nossos corações.<br/>A experiência viva<br/>Do Teu fiel amor<br/>O nosso ardor ativa<br/>E inspira em nós fervor.</lines>
    </verse>
    <verse name="v3">
      <lines>Esposas, mães piedosas,<br/>Queremos ser, Senhor,<br/>Fiéis e carinhosas,<br/>Enchendo o lar de amor.<br/>Que paz e harmonia<br/>Dominem nosso lar,<br/>E em Tua companhia<br/>Possamos sempre andar.</lines>
    </verse>
    <verse name="v4">
      <lines>Escola de piedade<br/>Que eleva a Igreja a Ti,<br/>Seja esta sociedade<br/>Ao Teu serviço aqui.<br/>E o mundo, despertado,<br/>Contemplará em nós<br/>Rebanho santo e amado,<br/>Atento à tua voz. Amém.</lines>
    </verse>
    <verse name="c1">
      <lines>
        <tag name="it">Nós crentes redimidas,<br/>Depomos nosso lar<br/>E as nossas próprias vidas<br/>Perante o Teu altar.</tag>
      </lines>
    </verse>
  </lyrics>
</song>
