<?xml version='1.0' encoding='utf-8'?>
<song xmlns="http://openlyrics.info/namespace/2009/song" version="0.8" createdIn="OpenLP 2.0.3" modifiedIn="OpenLP 2.0.3" modifiedDate="2013-09-21T14:48:57">
  <properties>
    <titles>
      <title>HNC 208 - Aproximação</title>
    </titles>
    <authors>
      <author>Hinário Novo Cântico</author>
    </authors>
    <songbooks>
      <songbook name="Hinário Novo Cântico" entry="208"/>
    </songbooks>
  </properties>
  <lyrics>
    <verse name="v1">
      <lines>Chegai-vos ao Senhor com puro coração<br/>Ouvi palavras de favor, a voz da salvação!<br/>É Deus quem fala aqui, na sua santa Lei;<br/>Humildes, pois, a Ele ouvi e sempre obedecei.</lines>
    </verse>
    <verse name="v2">
      <lines>Entendimento dá a quem com fé pedir.<br/>Com paciência guiará a todo que o seguir.<br/>As trevas dissipou, rasgou o escuro véu,<br/>A luz divina derramou, por ela vinde ao céu.</lines>
    </verse>
  </lyrics>
</song>
