<?xml version='1.0' encoding='utf-8'?>
<song xmlns="http://openlyrics.info/namespace/2009/song" version="0.8" createdIn="OpenLP 2.0.3" modifiedIn="OpenLP 2.0.3" modifiedDate="2013-09-21T14:48:49">
  <properties>
    <titles>
      <title>HNC 006 - Doxologia</title>
    </titles>
    <authors>
      <author>Hinário Novo Cântico</author>
    </authors>
  </properties>
  <lyrics>
    <verse name="v1">
      <lines>A Deus, supremo Benfeitor,<br/>Anjos e homens deem louvor;<br/>A Deus o Filho, a Deus o Pai,<br/>E a Deus Espírito, glória dai. Amém.</lines>
    </verse>
  </lyrics>
</song>
