<?xml version='1.0' encoding='utf-8'?>
<song xmlns="http://openlyrics.info/namespace/2009/song" version="0.8" createdIn="OpenLP 2.0.3" modifiedIn="OpenLP 2.0.3" modifiedDate="2013-09-21T14:49:03">
  <properties>
    <titles>
      <title>HNC 359 - Jesus me Quer Bem</title>
    </titles>
    <verseOrder>v1 c1 v2 c1</verseOrder>
    <authors>
      <author>Hinário Novo Cântico</author>
    </authors>
    <songbooks>
      <songbook name="Hinário Novo Cântico" entry="359"/>
    </songbooks>
  </properties>
  <format>
    <tags application="OpenLP">
      <tag name="it">
        <open>&lt;em&gt;</open>
        <close>&lt;/em&gt;</close>
      </tag>
    </tags>
  </format>
  <lyrics>
    <verse name="v1">
      <lines>Sei que Cristo me quer bem,<br/>Pois a Bíblia assim o diz.<br/>Frágil sou, mas força tem;<br/>Quer levar-me ao bom país.</lines>
    </verse>
    <verse name="v2">
      <lines>Tudo fez Jesus por mim,<br/>Só por ele eu vou viver.<br/>E porque me quer assim,<br/>Hei de amá-lo até morrer!</lines>
    </verse>
    <verse name="c1">
      <lines>
        <tag name="it">Sei que me quer bem,<br/>Quer ver-me feliz.<br/>Sei que me quer bem,<br/>A Bíblia assim o diz.</tag>
      </lines>
    </verse>
  </lyrics>
</song>
