<?xml version='1.0' encoding='utf-8'?>
<song xmlns="http://openlyrics.info/namespace/2009/song" version="0.8" createdIn="OpenLP 2.0.3" modifiedIn="OpenLP 2.0.3" modifiedDate="2013-09-21T14:49:03">
  <properties>
    <titles>
      <title>HNC 371 - A Bíblia</title>
    </titles>
    <authors>
      <author>Hinário Novo Cântico</author>
    </authors>
    <songbooks>
      <songbook name="Hinário Novo Cântico" entry="371"/>
    </songbooks>
  </properties>
  <lyrics>
    <verse name="v1">
      <lines>Da Bíblia a luz celeste<br/>Lampeje aqui, Senhor,<br/>A luz que vem de Cristo,<br/>O Mestre e Salvador.<br/>Tal como o sol no espaço<br/>Difunde a sua luz,<br/>Teu livro aqui resplenda<br/>A glória de Jesus.</lines>
    </verse>
    <verse name="v2">
      <lines>Senhor, que a tua Igreja<br/>Rebrilhe qual fanal,<br/>Da Bíblia refletindo<br/>A luz celestial.<br/>Num proceloso mundo<br/>Rumando à perdição,<br/>Que a Bíblia a todos mostre,<br/>Em Cristo, a salvação.</lines>
    </verse>
    <verse name="v3">
      <lines>Concede inteligência!<br/>Queremos perceber<br/>O que, Senhor, na Bíblia,<br/>Mandaste-nos dizer.<br/>Adestra-nos, ó Mestre,<br/>Com teu Verbo eficaz!<br/>Instrui e repreende,<br/>Destrói o que é falaz! Amém.</lines>
    </verse>
  </lyrics>
</song>
