<?xml version='1.0' encoding='utf-8'?>
<song xmlns="http://openlyrics.info/namespace/2009/song" version="0.8" createdIn="OpenLP 2.0.3" modifiedIn="OpenLP 2.0.3" modifiedDate="2013-09-21T14:48:52">
  <properties>
    <titles>
      <title>HNC 109 - O Bom Pastor</title>
    </titles>
    <verseOrder>v1 c1 v2 c1 v3 c1 v4 c1</verseOrder>
    <authors>
      <author>Hinário Novo Cântico</author>
    </authors>
    <songbooks>
      <songbook name="Hinário Novo Cântico" entry="109"/>
    </songbooks>
  </properties>
  <format>
    <tags application="OpenLP">
      <tag name="it">
        <open>&lt;em&gt;</open>
        <close>&lt;/em&gt;</close>
      </tag>
    </tags>
  </format>
  <lyrics>
    <verse name="v1">
      <lines>Quero o Salvador comigo,<br/>Ao seu lado sempre andar.<br/>Quero tê-lo muito perto,<br/>No seu braço descansar.</lines>
    </verse>
    <verse name="v2">
      <lines>Quero o Salvador comigo,<br/>Porque fraca é minha fé;<br/>Sua voz me dá conforto<br/>Quando me vacila o pé.</lines>
    </verse>
    <verse name="v3">
      <lines>Quero o Salvador comigo,<br/>Dia a dia, em meu viver;<br/>Através de luz ou sombras,<br/>No desgosto e no prazer.</lines>
    </verse>
    <verse name="v4">
      <lines>Quero o Salvador comigo,<br/>Sábio Guia e Bom Pastor,<br/>Nesta vida e além da morte,<br/>Longe de perigo e dor.</lines>
    </verse>
    <verse name="c1">
      <lines>
        <tag name="it">Confiando no Senhor,<br/>Protegido em seu amor,<br/>Seguirei o meu caminho<br/>Sem tristeza e sem temor.</tag>
      </lines>
    </verse>
  </lyrics>
</song>
