<?xml version='1.0' encoding='utf-8'?>
<song xmlns="http://openlyrics.info/namespace/2009/song" version="0.8" createdIn="OpenLP 2.0.3" modifiedIn="OpenLP 2.0.3" modifiedDate="2013-09-21T14:48:50">
  <properties>
    <titles>
      <title>HNC 046 - Altos Louvores</title>
    </titles>
    <authors>
      <author>Hinário Novo Cântico</author>
    </authors>
    <songbooks>
      <songbook name="Hinário Novo Cântico" entry="46"/>
    </songbooks>
  </properties>
  <lyrics>
    <verse name="v1">
      <lines>Altos louvores a quem triunfou!<br/>Jesus, padecendo, seu povo salvou.<br/>Morto na cruz pelos crimes do mundo,<br/>Dotou aos iníquos de vida e perdão.<br/>Quão grande esta graça! Favor tão profundo!<br/>Amor indizível! Real compaixão!<br/>Altos louvores a quem triunfou!<br/>Jesus, padecendo, seu povo salvou.</lines>
    </verse>
    <verse name="v2">
      <lines>Glória rendemos ao bom Salvador,<br/>Excelso em justiça, supremo em amor!<br/>Cristo quebrou as cadeias do forte,<br/>Seu cetro arrancando com régio poder.<br/>Agora, onde estão teus terrores, ó morte?<br/>Sepulcro! Teus presos irão reviver!<br/>Glória rendemos ao bom Salvador,<br/>Excelso em justiça, supremo em amor!</lines>
    </verse>
    <verse name="v3">
      <lines>Graças te damos, divino Senhor,<br/>Amparo constante, fiel protetor!<br/>Nunca nos deixas, Pastor incansável!<br/>Teu braço não falha, nem perde o poder.<br/>Conosco presente em bondade imutável,<br/>Teu povo diriges com alto saber.<br/>Graças te damos, divino Senhor,<br/>Amparo constante, fiel protetor!</lines>
    </verse>
    <verse name="v4">
      <lines>Vem, ó Jesus, majestoso reinar;<br/>Teu povo te espera, não queiras tardar!<br/>Vem em poder, apressando esse dia,<br/>Pois tua vontade será feita aqui.<br/>Oh! Volta na glória, trazendo alegria!<br/>A Igreja suspira, ansiosa, por ti!<br/>Vem, ó Jesus, majestoso reinar;<br/>Teu povo te espera, não queiras tardar!</lines>
    </verse>
  </lyrics>
</song>
