<?xml version='1.0' encoding='utf-8'?>
<song xmlns="http://openlyrics.info/namespace/2009/song" version="0.8" createdIn="OpenLP 2.0.3" modifiedIn="OpenLP 2.0.3" modifiedDate="2013-09-21T14:48:52">
  <properties>
    <titles>
      <title>HNC 091 - A Fé dos Antigos</title>
    </titles>
    <verseOrder>v1 c1 v2 c1 v3 c1</verseOrder>
    <authors>
      <author>Hinário Novo Cântico</author>
    </authors>
    <songbooks>
      <songbook name="Hinário Novo Cântico" entry="91"/>
    </songbooks>
  </properties>
  <format>
    <tags application="OpenLP">
      <tag name="it">
        <open>&lt;em&gt;</open>
        <close>&lt;/em&gt;</close>
      </tag>
    </tags>
  </format>
  <lyrics>
    <verse name="v1">
      <lines>Oh! Viva fé que nossos pais<br/>Honraram sempre com valor.<br/>Nós cantaremos mais e mais<br/>Teus grandes feitos com ardor!</lines>
    </verse>
    <verse name="v2">
      <lines>Bravos, quiseram nossos pais<br/>Por ti as chamas afrontar;<br/>E tal como esses ancestrais,<br/>Queremos nós também andar.</lines>
    </verse>
    <verse name="v3">
      <lines>Alto pendão, sublime fé!<br/>Por ti queremos pelejar!<br/>Tudo sofrendo, a morte até,<br/>E firmes sempre a ti honrar.</lines>
    </verse>
    <verse name="c1">
      <lines>
        <tag name="it">Sublime fé, clarão de luz,<br/>Inspiração que vem da cruz.</tag>
      </lines>
    </verse>
  </lyrics>
</song>
