<?xml version='1.0' encoding='utf-8'?>
<song xmlns="http://openlyrics.info/namespace/2009/song" version="0.8" createdIn="OpenLP 2.0.3" modifiedIn="OpenLP 2.0.3" modifiedDate="2013-09-21T14:48:52">
  <properties>
    <titles>
      <title>HNC 107 - Ao Pé da Cruz</title>
    </titles>
    <verseOrder>v1 c1 v2 c1 v3 c1 v4 c1</verseOrder>
    <authors>
      <author>Hinário Novo Cântico</author>
    </authors>
    <songbooks>
      <songbook name="Hinário Novo Cântico" entry="107"/>
    </songbooks>
  </properties>
  <format>
    <tags application="OpenLP">
      <tag name="it">
        <open>&lt;em&gt;</open>
        <close>&lt;/em&gt;</close>
      </tag>
    </tags>
  </format>
  <lyrics>
    <verse name="v1">
      <lines>Quero estar ao pé da cruz,<br/>Que tão rica fonte<br/>Corre franca, salutar,<br/>De Sião ao monte.</lines>
    </verse>
    <verse name="v2">
      <lines>A tremer, ao pé da cruz,<br/>Graça, amor achou-me;<br/>Matutina estrela, ali,<br/>Raios seus mandou-me.</lines>
    </verse>
    <verse name="v3">
      <lines>Desta cruz desejo aqui<br/>Sempre recordar-me;<br/>Dela à sombra, Salvador,<br/>Queiras abrigar-me!</lines>
    </verse>
    <verse name="v4">
      <lines>Junto à cruz, ardendo em fé,<br/>Sem temor vigio;<br/>Firme, até a Pátria ver,<br/>Santa, além do rio.</lines>
    </verse>
    <verse name="c1">
      <lines>
        <tag name="it">Sim, na cruz, sim, na cruz<br/>Sempre me glorio!<br/>E, por fim, descansarei<br/>Salvo, além do rio.</tag>
      </lines>
    </verse>
  </lyrics>
</song>
