<?xml version='1.0' encoding='utf-8'?>
<song xmlns="http://openlyrics.info/namespace/2009/song" version="0.8" createdIn="OpenLP 2.0.3" modifiedIn="OpenLP 2.0.3" modifiedDate="2013-09-21T14:48:56">
  <properties>
    <titles>
      <title>HNC 196 - Gozo, Esplendores, Venturas</title>
    </titles>
    <authors>
      <author>Hinário Novo Cântico</author>
    </authors>
    <songbooks>
      <songbook name="Hinário Novo Cântico" entry="196"/>
    </songbooks>
  </properties>
  <lyrics>
    <verse name="v1">
      <lines>Oh! Quanto gozo, esplendores, venturas,<br/>Hão de fruir as fiéis criaturas!<br/>Paz e descanso terão os cansados,<br/>Pelo Senhor serão galardoados!</lines>
    </verse>
    <verse name="v2">
      <lines>Jerusalém, oh! Celeste cidade,<br/>Pátria gloriosa de felicidade;<br/>Lar ideal, sem pecado, sem jaça,<br/>Sob o império inefável da Graça!</lines>
    </verse>
    <verse name="v3">
      <lines>Na mais completa e feliz harmonia,<br/>Regozijando em perene alegria,<br/>Nós cantaremos eternos louvores,<br/>Com gratidão ao Senhor dos senhores.</lines>
    </verse>
    <verse name="v4">
      <lines>De glória eterna, Senhor, te cobriste!<br/>Em ti, de ti e por ti tudo existe!<br/>Nós te adoramos na voz deste canto,<br/>Deus Pai, Deus Filho e Espírito Santo. Amém.</lines>
    </verse>
  </lyrics>
</song>
