<?xml version='1.0' encoding='utf-8'?>
<song xmlns="http://openlyrics.info/namespace/2009/song" version="0.8" createdIn="OpenLP 2.0.3" modifiedIn="OpenLP 2.0.3" modifiedDate="2013-09-21T14:48:55">
  <properties>
    <titles>
      <title>HNC 170 - Redentor Onipotente</title>
    </titles>
    <authors>
      <author>Hinário Novo Cântico</author>
    </authors>
    <songbooks>
      <songbook name="Hinário Novo Cântico" entry="170"/>
    </songbooks>
  </properties>
  <lyrics>
    <verse name="v1">
      <lines>Redentor onipotente,<br/>Poderoso Salvador,<br/>Advogado onisciente<br/>É Jesus, meu bom Senhor.<br/>Um abrigo sempre perto<br/>Para todo pecador!<br/>Um amigo inseparável<br/>É Jesus, meu Salvador!</lines>
    </verse>
    <verse name="v2">
      <lines>Água viva, Pão da vida,<br/>Doce sombra no calor,<br/>Que ao descanso nos convida<br/>É Jesus, meu Salvador!<br/>Sol que extingue densas trevas,<br/>Refulgindo em plena luz,<br/>Negra noite desfazendo,<br/>É meu bom Senhor, Jesus.</lines>
    </verse>
    <verse name="v3">
      <lines>Fundamento inabalável<br/>Em que posso confiar!<br/>Infalível, imutável,<br/>Rocha firme e secular!<br/>Porta aberta,sempre aberta,<br/>Conduzindo à salvação;<br/>Rica fonte donde emana<br/>Gozo, paz, consolação!</lines>
    </verse>
  </lyrics>
</song>
