<?xml version='1.0' encoding='utf-8'?>
<song xmlns="http://openlyrics.info/namespace/2009/song" version="0.8" createdIn="OpenLP 2.0.3" modifiedIn="OpenLP 2.0.3" modifiedDate="2013-09-21T14:49:01">
  <properties>
    <titles>
      <title>HNC 302 - Povoam as Cidades</title>
    </titles>
    <authors>
      <author>Hinário Novo Cântico</author>
    </authors>
    <songbooks>
      <songbook name="Hinário Novo Cântico" entry="302"/>
    </songbooks>
  </properties>
  <lyrics>
    <verse name="v1">
      <lines>Povoam as cidades inquietas multidões<br/>Que vivem na ganância e em vis degradações.<br/>Bem pouco ali ressoam as preces e o louvor<br/>Que as mal nutridas almas levantam ao Senhor.</lines>
    </verse>
    <verse name="v2">
      <lines>Há muitas cenas tristes, flagrantes erros há!<br/>Há lares sem carinho e o medo em tudo está.<br/>Nos centros e nos bairros, nas ruas, nas prisões<br/>As almas esquecidas perecem aos milhões!</lines>
    </verse>
    <verse name="v3">
      <lines>Contempla, ó Deus, Teu povo nas lutas do viver,<br/>E aos crentes das cidades concede Teu poder!<br/>Do sonho à realidade permite-nos sair,<br/>Oh! Faze a Igreja de hoje melhor a Ti servir. <br/>Amém.</lines>
    </verse>
  </lyrics>
</song>
