<?xml version='1.0' encoding='utf-8'?>
<song xmlns="http://openlyrics.info/namespace/2009/song" version="0.8" createdIn="OpenLP 2.0.3" modifiedIn="OpenLP 2.0.3" modifiedDate="2013-09-21T14:48:58">
  <properties>
    <titles>
      <title>HNC 243 - Noite de Paz</title>
    </titles>
    <authors>
      <author>Hinário Novo Cântico</author>
    </authors>
    <songbooks>
      <songbook name="Hinário Novo Cântico" entry="243"/>
    </songbooks>
  </properties>
  <lyrics>
    <verse name="v1">
      <lines>Noite de Paz! Noite de amor!<br/>Tudo dorme em derredor<br/>Entre os astros que espargem a luz<br/>Proclamando o Menino Jesus,<br/>Brilha a estrela da paz!<br/>Brilha a estrela da paz!</lines>
    </verse>
    <verse name="v2">
      <lines>Noite de paz! Noite de amor!<br/>Nas campinas ao pastor,<br/>Lindos anjos mandados por Deus<br/>Anunciam as novas dos céus<br/>Nasce o bom Salvador!<br/>Nasce o bom Salvador!</lines>
    </verse>
    <verse name="v3">
      <lines>Noite de paz! Noite de amor!<br/>Oh! Que belo resplendor<br/>Ilumina o Menino Jesus<br/>No presépio do mundo, eis a luz!<br/>Sol de eterno fulgor!<br/>Sol de eterno fulgor!</lines>
    </verse>
  </lyrics>
</song>
