<?xml version='1.0' encoding='utf-8'?>
<song xmlns="http://openlyrics.info/namespace/2009/song" version="0.8" createdIn="OpenLP 2.0.3" modifiedIn="OpenLP 2.0.3" modifiedDate="2013-09-21T14:49:00">
  <properties>
    <titles>
      <title>HNC 270 - Desafio</title>
    </titles>
    <verseOrder>v1 c1 v2 c1 v3 c1 v4 c1</verseOrder>
    <authors>
      <author>Hinário Novo Cântico</author>
    </authors>
    <songbooks>
      <songbook name="Hinário Novo Cântico" entry="270"/>
    </songbooks>
  </properties>
  <format>
    <tags application="OpenLP">
      <tag name="it">
        <open>&lt;em&gt;</open>
        <close>&lt;/em&gt;</close>
      </tag>
    </tags>
  </format>
  <lyrics>
    <verse name="v1">
      <lines>Morri na cruz por ti,<br/>Foi para te livrar.<br/>Meu sangue ali verti<br/>E posso te salvar.</lines>
    </verse>
    <verse name="v2">
      <lines>Vivi assim por ti,<br/>Sofrendo intensa dor!<br/>E tudo fiz aqui<br/>Por ser teu Salvador.</lines>
    </verse>
    <verse name="v3">
      <lines>Sofri na cruz por ti,<br/>A fim de te salvar.<br/>A vida consegui<br/>E agora ta vou dar.</lines>
    </verse>
    <verse name="v4">
      <lines>Eu trouxe a salvação,<br/>Dos altos céus favor.<br/>É livre o meu perdão,<br/>É grande o meu amor.</lines>
    </verse>
    <verse name="c1">
      <lines>
        <tag name="it">Morri, morri na cruz por ti,<br/>Que fazes tu por Mim?</tag>
      </lines>
    </verse>
  </lyrics>
</song>
