<?xml version='1.0' encoding='utf-8'?>
<song xmlns="http://openlyrics.info/namespace/2009/song" version="0.8" createdIn="OpenLP 2.0.3" modifiedIn="OpenLP 2.0.3" modifiedDate="2013-09-21T14:48:59">
  <properties>
    <titles>
      <title>HNC 264 - Fronte Ensanguentada</title>
    </titles>
    <authors>
      <author>Hinário Novo Cântico</author>
    </authors>
    <songbooks>
      <songbook name="Hinário Novo Cântico" entry="264"/>
    </songbooks>
  </properties>
  <lyrics>
    <verse name="v1">
      <lines>Oh! Fronte ensangüentada<br/>Em tanto opróbrio e dor,<br/>De espinhos coroada,<br/>Com ódio e com furor!<br/>Tão gloriosa, outrora,<br/>Tão bela e tão viril,<br/>Tão abatida, agora,<br/>De afronta e escárnio vil.</lines>
    </verse>
    <verse name="v2">
      <lines>Quão humilhada pende<br/>A face do Senhor!<br/>Não vive, não resplende,<br/>Já não tem luz nem cor!<br/>Oh! Crime inominável,<br/>Fazer anuviar<br/>O brilho inigualável<br/>De um tão piedoso olhar!</lines>
    </verse>
    <verse name="v3">
      <lines>Estás tão carregado,<br/>Mas todo fardo é meu!<br/>Eu só me fiz culpado,<br/>E o sofrimento é Teu.<br/>Venho aos Teus pés, tremente,<br/>Mereço a punição,<br/>Mas olhas-me clemente<br/>Com santa compaixão!</lines>
    </verse>
    <verse name="v4">
      <lines>Sê meu refúgio forte,<br/>Meu guia e vida e luz!<br/>Que eu sinta, vendo a morte,<br/>Conforto em Tua cruz!<br/>Na cruz com fé me abrigo<br/>E amparo Tu me dás!<br/>E unido assim contigo,<br/>Hei de dormir em paz!</lines>
    </verse>
  </lyrics>
</song>
