<?xml version='1.0' encoding='utf-8'?>
<song xmlns="http://openlyrics.info/namespace/2009/song" version="0.8" createdIn="OpenLP 2.0.3" modifiedIn="OpenLP 2.0.3" modifiedDate="2013-09-21T14:48:52">
  <properties>
    <titles>
      <title>HNC 092 - A Fé Contemplada</title>
    </titles>
    <verseOrder>v1 c1 v2 c1 v3 c1</verseOrder>
    <authors>
      <author>Hinário Novo Cântico</author>
    </authors>
    <songbooks>
      <songbook name="Hinário Novo Cântico" entry="92"/>
    </songbooks>
  </properties>
  <format>
    <tags application="OpenLP">
      <tag name="it">
        <open>&lt;em&gt;</open>
        <close>&lt;/em&gt;</close>
      </tag>
    </tags>
  </format>
  <lyrics>
    <verse name="v1">
      <lines>Deus promete grandes coisas conceder<br/>A qualquer que peça, crendo que há de obter,<br/>Esperando, sem na fé enfraquecer.<br/>O Senhor a fé contemplará!</lines>
    </verse>
    <verse name="v2">
      <lines>Quantas maravilhas Deus realizou<br/>Por alguém que firme nele confiou,<br/>E que da promessa em nada duvidou.<br/>O Senhor a fé contemplará!</lines>
    </verse>
    <verse name="v3">
      <lines>Sim, creiamos no que Deus nos prometeu,<br/>Pois jamais desonrará o Nome seu;<br/>Ele cumprirá promessas que nos deu.<br/>O Senhor a fé contemplará!</lines>
    </verse>
    <verse name="c1">
      <lines>
        <tag name="it">Tua fé Jesus contemplará,<br/>Sim, o que Jesus promete, dá.<br/>Ele vê o coração<br/>E responde a petição;<br/>Tua fé Jesus contemplará!</tag>
      </lines>
    </verse>
  </lyrics>
</song>
