<?xml version='1.0' encoding='utf-8'?>
<song xmlns="http://openlyrics.info/namespace/2009/song" version="0.8" createdIn="OpenLP 2.0.3" modifiedIn="OpenLP 2.0.3" modifiedDate="2013-09-21T14:48:49">
  <properties>
    <titles>
      <title>HNC 028 - Coroação</title>
    </titles>
    <authors>
      <author>Hinário Novo Cântico</author>
    </authors>
    <songbooks>
      <songbook name="Hinário Novo Cântico" entry="28"/>
    </songbooks>
  </properties>
  <lyrics>
    <verse name="v1">
      <lines>Tuas obras te coroam<br/>Como um halo de esplendor!<br/>Astros, anjos, céus entoam<br/>Hino eterno a ti, Senhor!<br/>Campos, matas, vales, montes,<br/>Verde outeiro e verde mar,<br/>Aves e sonoras fontes<br/>Formam coro singular!</lines>
    </verse>
    <verse name="v2">
      <lines>Nós, mortais, por ti remidos,<br/>Deus de glória, Deus de amor,<br/>Corações aos céus erguidos,<br/>Celebramos teu louvor!<br/>Revelaste amor profundo,<br/>Insondável, sem igual,<br/>Enviando Cristo ao mundo<br/>A vencer por nós o mal!</lines>
    </verse>
    <verse name="v3">
      <lines>Fonte és de alegria e vida,<br/>És do bem o Inspirador;<br/>Tua graça nos convida<br/>A viver em mútuo amor.<br/>Quais alegres peregrinos,<br/>Sempre em marcha triunfal,<br/>Cantaremos gratos hinos<br/>Na jornada até ao final!</lines>
    </verse>
  </lyrics>
</song>
