<?xml version='1.0' encoding='utf-8'?>
<song xmlns="http://openlyrics.info/namespace/2009/song" version="0.8" createdIn="OpenLP 2.0.3" modifiedIn="OpenLP 2.0.3" modifiedDate="2013-09-21T14:48:53">
  <properties>
    <titles>
      <title>HNC 123 - Grande Amor</title>
    </titles>
    <authors>
      <author>Hinário Novo Cântico</author>
    </authors>
    <songbooks>
      <songbook name="Hinário Novo Cântico" entry="123"/>
    </songbooks>
  </properties>
  <lyrics>
    <verse name="v1">
      <lines>Ó Senhor, que a tudo excedes,<br/>Dom celeste, amor sem par,<br/>Oh! Coroa de favores<br/>Nosso frágil caminhar.<br/>Grande amor, amor bendito,<br/>Ó divina compaixão,<br/>Vem socorre ao que padece,<br/>E estende-lhe a mão.</lines>
    </verse>
    <verse name="v2">
      <lines>Ó Senhor, a cada dia<br/>Dá-nos tua inspiração!<br/>Oh! Remove o mau desejo<br/>Que nos tenta o coração.<br/>Tu, somente, nos conheces<br/>E nos podes proteger.<br/>Dá-nos, pois, a tua graça,<br/>E com ela o teu poder.</lines>
    </verse>
    <verse name="v3">
      <lines>Ó Senhor, não te separes<br/>Do rebanho terreal!<br/>Une a Igreja, estreitamente,<br/>Dá-lhe vida fraternal.<br/>Abençoa todo crente,<br/>Ilumina-lhe o andar,<br/>E que todos se comprazam<br/>Em teu Nome proclamar. Amém.</lines>
    </verse>
  </lyrics>
</song>
