<?xml version='1.0' encoding='utf-8'?>
<song xmlns="http://openlyrics.info/namespace/2009/song" version="0.8" createdIn="OpenLP 2.0.3" modifiedIn="OpenLP 2.0.3" modifiedDate="2013-09-21T14:48:50">
  <properties>
    <titles>
      <title>HNC 056 - Ações de Graças e Súplica</title>
    </titles>
    <authors>
      <author>Hinário Novo Cântico</author>
    </authors>
    <songbooks>
      <songbook name="Hinário Novo Cântico" entry="56"/>
    </songbooks>
  </properties>
  <lyrics>
    <verse name="v1">
      <lines>Graças te rendemos, <br/>Deus de luz e amor,<br/>Pelo dom de Cristo, <br/>nosso Salvador;<br/>Pelo que nos deste <br/>com bondosa mão,<br/>Pelos dons da vida: <br/>Veste, abrigo e pão.</lines>
    </verse>
    <verse name="v2">
      <lines>Pelos bons amigos que, <br/>Senhor, te apraz<br/>Congregar conosco, <br/>nesta doce paz.<br/>Dá-nos sempre a graça <br/>de contigo estar,<br/>Dá-nos sempre o gozo <br/>de teu Nome honrar!  Amém.</lines>
    </verse>
  </lyrics>
</song>
