<?xml version='1.0' encoding='utf-8'?>
<song xmlns="http://openlyrics.info/namespace/2009/song" version="0.8" createdIn="OpenLP 2.0.3" modifiedIn="OpenLP 2.0.3" modifiedDate="2013-09-21T14:48:57">
  <properties>
    <titles>
      <title>HNC 217 - Desprendimento</title>
    </titles>
    <authors>
      <author>Hinário Novo Cântico</author>
    </authors>
    <songbooks>
      <songbook name="Hinário Novo Cântico" entry="217"/>
    </songbooks>
  </properties>
  <lyrics>
    <verse name="v1">
      <lines>Tal como estou, sem me esquivar,<br/>Me entrego a quem me quis salvar.<br/>Pois padeceste em meu lugar,<br/>Ó Salvador, eu venho a Ti.</lines>
    </verse>
    <verse name="v2">
      <lines>Tal como estou, sem esperar<br/>Das manchas todas livre estar,<br/>Pureza venho em Ti buscar,<br/>Ó Salvador, eu venho a Ti.</lines>
    </verse>
    <verse name="v3">
      <lines>Tal como estou, sem direção,<br/>Confuso, em grande comoção,<br/>Temendo, em luta e tentação;<br/>Ó Salvador, eu venho a Ti.</lines>
    </verse>
    <verse name="v4">
      <lines>Tal como estou, na escuridão,<br/>Me estendes Tua santa mão,<br/>E em Ti encontro a salvação; <br/>Ó Salvador, eu venho a Ti.</lines>
    </verse>
    <verse name="v5">
      <lines>Tal como estou me acolherás,<br/>Pureza e alívio me darás!<br/>Tu prometeste e cumprirás;<br/>Ó Salvador, eu venho a Ti.</lines>
    </verse>
    <verse name="v6">
      <lines>Tal como estou, por Teu amor<br/>Saí das garras do opressor!<br/>E Teu somente sou, Senhor;<br/>Ó Salvador, eu venho a Ti. Amém.</lines>
    </verse>
  </lyrics>
</song>
