<?xml version='1.0' encoding='utf-8'?>
<song xmlns="http://openlyrics.info/namespace/2009/song" version="0.8" createdIn="OpenLP 2.0.3" modifiedIn="OpenLP 2.0.3" modifiedDate="2013-09-21T14:49:02">
  <properties>
    <titles>
      <title>HNC 336 - Transformação</title>
    </titles>
    <verseOrder>v1 c1 v2 c1</verseOrder>
    <authors>
      <author>Hinário Novo Cântico</author>
    </authors>
    <songbooks>
      <songbook name="Hinário Novo Cântico" entry="336"/>
    </songbooks>
  </properties>
  <format>
    <tags application="OpenLP">
      <tag name="it">
        <open>&lt;em&gt;</open>
        <close>&lt;/em&gt;</close>
      </tag>
    </tags>
  </format>
  <lyrics>
    <verse name="v1">
      <lines>Eu, perdido pecador,<br/>Longe do meu Jesus,<br/>Me encontrava, sem vigor,<br/>A perecer  sem luz,<br/>Meu  estado Cristo viu,<br/>Dando-me sua mão,<br/>E salvar-me conseguiu<br/>Da perdição.</lines>
    </verse>
    <verse name="v2">
      <lines>Minha vida, todo o ser,<br/>Quero lhe consagrar!<br/>Ao seu lado vou viver,<br/>O seu amor cantar.<br/>A mensagem transmitir<br/>Aos que perdidos são!<br/>Venham todos já fruir<br/>A salvação!</lines>
    </verse>
    <verse name="c1">
      <lines>
        <tag name="it">Cristo me amou e me livrou!<br/>O seu imenso amor me transformou!<br/>Foi seu poder, o seu querer!<br/>Sim, Cristo, o Salvador, me transformou!</tag>
      </lines>
    </verse>
  </lyrics>
</song>
