<?xml version='1.0' encoding='utf-8'?>
<song xmlns="http://openlyrics.info/namespace/2009/song" version="0.8" createdIn="OpenLP 2.0.3" modifiedIn="OpenLP 2.0.3" modifiedDate="2013-09-21T14:48:54">
  <properties>
    <titles>
      <title>HNC 141 - Guia Divino</title>
    </titles>
    <authors>
      <author>Hinário Novo Cântico</author>
    </authors>
    <songbooks>
      <songbook name="Hinário Novo Cântico" entry="141"/>
    </songbooks>
  </properties>
  <lyrics>
    <verse name="v1">
      <lines>Guia Cristo minha nau<br/>Sobre o revoltoso mar<br/>Que, enfurecido e mau,<br/>Quer fazê-la naufragar.<br/>bom, Jesus, oh! Vem guiar,<br/>Minha nau vem pilotar!</lines>
    </verse>
    <verse name="v2">
      <lines>Como sabe serenar<br/>Boa mãe o filho seu,<br/>Oh! Acalma assim o mar<br/>Proceloso e mui rebel.<br/>Bom Jesus! Oh! Vem guiar,<br/>Minha nau vem pilotar!</lines>
    </verse>
    <verse name="v3">
      <lines>Se no porto, quando entrar,<br/>Mais o mar se enfurecer,<br/>Que me possa deleitar<br/>Em ouvir-te assim dizer:<br/>“Entra, pobre viajor,<br/>No descanso do Senhor”. Amém.</lines>
    </verse>
  </lyrics>
</song>
