<?xml version='1.0' encoding='utf-8'?>
<song xmlns="http://openlyrics.info/namespace/2009/song" version="0.8" createdIn="OpenLP 2.0.3" modifiedIn="OpenLP 2.0.3" modifiedDate="2013-12-24T20:15:29">
  <properties>
    <titles>
      <title>HNC 277 - Cristo Vive! Ressurgiu!</title>
    </titles>
    <authors>
      <author>Hinário Novo Cântico</author>
    </authors>
    <songbooks>
      <songbook name="Hinário Novo Cântico" entry="277"/>
    </songbooks>
  </properties>
  <lyrics>
    <verse name="v1">
      <lines>Cristo vive! Ressuscitou de entre os mortos (bis)<br/><br/>E foi feito, e foi feito as primícias dos que dormem.</lines>
    </verse>
    <verse name="o1">
      <lines>Glória e louvor sejam dadas com poder<br/>Ao Pai eterno que no trono assentado está<br/>E ao Cordeiro de Deus! Cristo vive! Ressurgiu<br/>E foi feito as primícias dos que dormem!<br/>Glória e louvor sejam dados com poder<br/>Ao Pai eterno que no trono assentado está<br/>E ao Cordeiro de Deus, por séculos e séculos,<br/>Amém!</lines>
    </verse>
  </lyrics>
</song>
