<?xml version='1.0' encoding='utf-8'?>
<song xmlns="http://openlyrics.info/namespace/2009/song" version="0.8" createdIn="OpenLP 2.0.3" modifiedIn="OpenLP 2.0.3" modifiedDate="2013-09-21T14:48:54">
  <properties>
    <titles>
      <title>HNC 148 - Oração Noturna</title>
    </titles>
    <authors>
      <author>Hinário Novo Cântico</author>
    </authors>
    <songbooks>
      <songbook name="Hinário Novo Cântico" entry="148"/>
    </songbooks>
  </properties>
  <lyrics>
    <verse name="v1">
      <lines>Finda-me este dia que meu Pai me deu,<br/>Sombras vespertinas cobrem já o céu.<br/>Ó Jesus bendito, se comigo estás,<br/>Eu não temo a noite, vou dormir em paz.</lines>
    </verse>
    <verse name="v2">
      <lines>Com pecados, hoje eu te entristeci,<br/>Mas perdão te peço por amor de ti.<br/>Sou pequeno e frágil, livra-me do mal!<br/>Que em ti eu tenha proteção final.</lines>
    </verse>
    <verse name="v3">
      <lines>Guarda o marinheiro no violento mar,<br/>E ao que sofre dores queiras confortar.<br/>Ao tentado estende tua mão, Senhor!<br/>Manda ao triste, aflito, o Consolador.</lines>
    </verse>
    <verse name="v4">
      <lines>Pelos pais e amigos, pela santa Lei,<br/>Pelo amor divino, graças te darei!<br/>Ó Jesus, aceita minha petição,<br/>E, seguro, durmo sem perturbação. Amém.</lines>
    </verse>
  </lyrics>
</song>
