<?xml version='1.0' encoding='utf-8'?>
<song xmlns="http://openlyrics.info/namespace/2009/song" version="0.8" createdIn="OpenLP 2.0.3" modifiedIn="OpenLP 2.0.3" modifiedDate="2013-12-24T18:39:30">
  <properties>
    <titles>
      <title>HNC 388 - Mocidade, Avante!</title>
    </titles>
    <verseOrder>v1 c1 v2 c1 v3 c1</verseOrder>
    <authors>
      <author>Hinário Novo Cântico</author>
    </authors>
    <songbooks>
      <songbook name="Hinário Novo Cântico" entry="388"/>
    </songbooks>
  </properties>
  <format>
    <tags application="OpenLP">
      <tag name="it">
        <open>&lt;em&gt;</open>
        <close>&lt;/em&gt;</close>
      </tag>
    </tags>
  </format>
  <lyrics>
    <verse name="v1">
      <lines>Mocidade cristã, eia, avante!<br/>Reuni vossas forças: Lutai!<br/>O inimigo potente se mostra,<br/>Mas com Cristo sois fortes: Marchai!</lines>
    </verse>
    <verse name="v2">
      <lines>Mocidade cristã, vede o abismo<br/>Onde muitos estão a cair<br/>Por faltar-lhes a luz do Evangelho<br/>E não virem a Cristo seguir.</lines>
    </verse>
    <verse name="v3">
      <lines>Eia, pois, mocidade pujante,<br/>Por Jesus, pela fé, avançai!<br/>Ide aos povos levar o Evangelho!<br/>Para a glória de Deus trabalhai!</lines>
    </verse>
    <verse name="c1">
      <lines>
        <tag name="it">Mocidade cristã, eia, avante!<br/>Contra o mal, contra o erro lutai!<br/>Tendo o santo Evangelho por arma,<br/>A verdade da Cruz proclamai!</tag>
      </lines>
    </verse>
  </lyrics>
</song>
