<?xml version='1.0' encoding='utf-8'?>
<song xmlns="http://openlyrics.info/namespace/2009/song" version="0.8" createdIn="OpenLP 2.0.3" modifiedIn="OpenLP 2.0.3" modifiedDate="2013-09-21T14:48:52">
  <properties>
    <titles>
      <title>HNC 110 - A Vida com Jesus</title>
    </titles>
    <verseOrder>v1 c1 v2 c1 v3 c1</verseOrder>
    <authors>
      <author>Hinário Novo Cântico</author>
    </authors>
    <songbooks>
      <songbook name="Hinário Novo Cântico" entry="110"/>
    </songbooks>
  </properties>
  <format>
    <tags application="OpenLP">
      <tag name="it">
        <open>&lt;em&gt;</open>
        <close>&lt;/em&gt;</close>
      </tag>
    </tags>
  </format>
  <lyrics>
    <verse name="v1">
      <lines>Um dia Cristo achou-me<br/>Mui longe do meu lar,<br/>Perdido, já no mundo,<br/>Sem mais poder voltar!<br/>Tomando-me em seus braços,<br/>Firmou-me nos meus passos,<br/>E agora andamos juntos,<br/>Voltando para o lar.</lines>
    </verse>
    <verse name="v2">
      <lines>Passamos pelo vale<br/>A fim de me provar,<br/>Em meio a densas trevas<br/>Que impedem-me o andar!<br/>Não há nenhum perigo,<br/>Pois já está comigo<br/>O excelso Companheiro,<br/>Voltando para o lar.</lines>
    </verse>
    <verse name="v3">
      <lines>Entramos na atmosfera<br/>Que envolve aquele lar,<br/>No qual meu Pai me aguarda<br/>E é onde vou morar!<br/>Não há no mundo inteiro<br/>Um outro Companheiro<br/>Que mostre tanto zelo,<br/>Voltando para o lar.</lines>
    </verse>
    <verse name="c1">
      <lines>
        <tag name="it">A presença de Jesus<br/>Enche o coração de luz!<br/>Mui preciosa fica,<br/>E também mais rica<br/>Esta vida com Jesus.</tag>
      </lines>
    </verse>
  </lyrics>
</song>
