<?xml version='1.0' encoding='utf-8'?>
<song xmlns="http://openlyrics.info/namespace/2009/song" version="0.8" createdIn="OpenLP 2.0.3" modifiedIn="OpenLP 2.0.3" modifiedDate="2013-09-21T14:48:59">
  <properties>
    <titles>
      <title>HNC 253 - Cristo, a Luz do Mundo</title>
    </titles>
    <authors>
      <author>Hinário Novo Cântico</author>
    </authors>
    <songbooks>
      <songbook name="Hinário Novo Cântico" entry="253"/>
    </songbooks>
  </properties>
  <lyrics>
    <verse name="v1">
      <lines>Luz do mundo, Jesus Cristo,<br/>Dissipaste as ilusões!<br/>Desvendaste os nossos olhos,<br/>Libertando os corações!<br/>Para ver-Te, para ver-Te,<br/>Ouve nossas orações!</lines>
    </verse>
    <verse name="v2">
      <lines>Neste mundo atribulado,<br/>Onde opera Satanás,<br/>Nós pregamos o Evangelho,<br/>Tua graça, amor e paz!<br/>Luz divina, Luz divina,<br/>Vence toda luz falaz.</lines>
    </verse>
    <verse name="v3">
      <lines>E onde as trevas do pecado<br/>Obscurecem Teu amor,<br/>Faze a luz do Teu ensino<br/>Dominar, ó Salvador!<br/>Manifesta, manifesta<br/>Tua glória, ó Redentor!</lines>
    </verse>
    <verse name="v4">
      <lines>Luz dos homens, Luz da vida,<br/>Brilha com poder nos Teus!<br/>Esclarece os incautos,<br/>Revelando o grande Deus!<br/>Luz do mundo, Luz do mundo,<br/>És o resplendor dos céus!<br/>Amém.</lines>
    </verse>
  </lyrics>
</song>
