<?xml version='1.0' encoding='utf-8'?>
<song xmlns="http://openlyrics.info/namespace/2009/song" version="0.8" createdIn="OpenLP 2.0.3" modifiedIn="OpenLP 2.0.3" modifiedDate="2013-12-24T14:11:09">
  <properties>
    <titles>
      <title>HNC 355 - Oração Infantil</title>
    </titles>
    <authors>
      <author>Hinário Novo Cântico</author>
    </authors>
    <songbooks>
      <songbook name="Hinário Novo Cântico" entry="355"/>
    </songbooks>
  </properties>
  <lyrics>
    <verse name="v1">
      <lines>Amigo dos meninos,<br/>Benigno Salvador!<br/>Conosco estás presente,<br/>Querido e Bom Pastor!<br/>Teus cordeirinhos guia<br/>Com tua compaixão<br/>E dá-nos para sempre<br/>Um reto coração.</lines>
    </verse>
    <verse name="v2">
      <lines>Teus santos mandamentos,<br/>Oh! Faze-nos amar!<br/>E tudo que é pecado<br/>De nós vem afastar.<br/>Concede, nos estudos<br/>Que temos hoje aqui,<br/>Sejamos instruídos,<br/>Ó grande Deus, por ti! Amém.</lines>
    </verse>
  </lyrics>
</song>
