<?xml version='1.0' encoding='utf-8'?>
<song xmlns="http://openlyrics.info/namespace/2009/song" version="0.8" createdIn="OpenLP 2.0.3" modifiedIn="OpenLP 2.0.3" modifiedDate="2013-09-21T14:49:03">
  <properties>
    <titles>
      <title>HNC 367 - Convite aos Meninos</title>
    </titles>
    <authors>
      <author>Hinário Novo Cântico</author>
    </authors>
    <songbooks>
      <songbook name="Hinário Novo Cântico" entry="367"/>
    </songbooks>
  </properties>
  <lyrics>
    <verse name="v1">
      <lines>Vinde meninos! Vinde a Jesus!<br/>Ele ganhou-nos bênçãos na cruz!<br/>Os pequeninos Ele conduz, <br/>Oh! Vinde ao Salvador!</lines>
    </verse>
    <verse name="v2">
      <lines>Que alegria, sem pecado ou mal,<br/>Reunir-nos todos, afinal,<br/>Na santa Pátria celestial,<br/>Com Cristo, o Salvador!</lines>
    </verse>
    <verse name="v3">
      <lines>Eis a chamada: “Vinde hoje a mim!”<br/>Não há no mundo quem ame assim!<br/>Seu grande amor por vós não tem fim,<br/>Oh! Vinde ao Salvador! </lines>
    </verse>
  </lyrics>
</song>
