<?xml version='1.0' encoding='utf-8'?>
<song xmlns="http://openlyrics.info/namespace/2009/song" version="0.8" createdIn="OpenLP 2.0.3" modifiedIn="OpenLP 2.0.3" modifiedDate="2013-09-21T14:48:49">
  <properties>
    <titles>
      <title>HNC 019 - Rei Sublime</title>
    </titles>
    <verseOrder>v1 c1 v2 c1 v3 c1</verseOrder>
    <authors>
      <author>Hinário Novo Cântico</author>
    </authors>
    <songbooks>
      <songbook name="Hinário Novo Cântico" entry="19"/>
    </songbooks>
  </properties>
  <format>
    <tags application="OpenLP">
      <tag name="it">
        <open>&lt;em&gt;</open>
        <close>&lt;/em&gt;</close>
      </tag>
    </tags>
  </format>
  <lyrics>
    <verse name="v1">
      <lines>Ó Rei sublime em majestade e glória,<br/>Sobre as milícias do celeste além,<br/>Ouve o louvor, os hinos de vitória,<br/>Dos que de ti recebem todo o bem!</lines>
    </verse>
    <verse name="v2">
      <lines>Dos altos céus louvor a Deus ressoam,<br/>De gratidão ao soberano amor!<br/>Os redimidos com fervor entoam<br/>O nome excelso de seu Benfeitor.</lines>
    </verse>
    <verse name="v3">
      <lines>Eterno Deus, teus filhos vês prostrados<br/>Perante o brilho da superna luz,<br/>Pois do pecado foram resgatados,<br/>E agora rendem glórias a Jesus!</lines>
    </verse>
    <verse name="c1">
      <lines>
        <tag name="it">Vinde, ó remidos, filhos de Deus!<br/>Cantai louvores que alcancem os céus!</tag>
      </lines>
    </verse>
  </lyrics>
</song>
