<?xml version='1.0' encoding='utf-8'?>
<song xmlns="http://openlyrics.info/namespace/2009/song" version="0.8" createdIn="OpenLP 2.0.3" modifiedIn="OpenLP 2.0.3" modifiedDate="2013-09-21T14:48:56">
  <properties>
    <titles>
      <title>HNC 187 - Cidade Celestial</title>
    </titles>
    <verseOrder>v1 c1 v2 c1 v3 c1 v4 c1</verseOrder>
    <authors>
      <author>Hinário Novo Cântico</author>
    </authors>
    <songbooks>
      <songbook name="Hinário Novo Cântico" entry="187"/>
    </songbooks>
  </properties>
  <format>
    <tags application="OpenLP">
      <tag name="it">
        <open>&lt;em&gt;</open>
        <close>&lt;/em&gt;</close>
      </tag>
    </tags>
  </format>
  <lyrics>
    <verse name="v1">
      <lines>Tenho lido da bela cidade,<br/>Situada no reino de Deus,<br/>Com seus muros de jaspe luzente,<br/>Juncada de áureos troféus!<br/>Lá no meio da praça está o rio<br/>Da vida e vigor eternal,<br/>Mas metade da glória celeste<br/>Jamais se contou ao mortal!</lines>
    </verse>
    <verse name="v2">
      <lines>Tenho lido dos belos palácios<br/>Que Jesus foi no céu preparar,<br/>Onde os crentes, fiéis, mui felizes,<br/>Irão para sempre habitar;<br/>Nem tristeza, nem dor, nem velhice<br/>Atingem a mansão eternal;<br/>Mas metade da glória celeste<br/>Jamais se contou ao mortal!</lines>
    </verse>
    <verse name="v3">
      <lines>Tenho lido das vestes brilhantes,<br/>Das coroas que os salvos terão,<br/>Quando o Pai os chamar, proclamando:<br/>“Tereis eternal galardão.”<br/>Tenho lido que os santos na glória<br/>Pisam ruas de ouro e cristal;<br/>Mas metade da glória celeste<br/>Jamais se contou ao mortal!</lines>
    </verse>
    <verse name="v4">
      <lines>Tenho lido da história bendita<br/>De Jesus, o fiel Redentor,<br/>Que por nós padeceu no Calvário<br/>E aceita o mais vil pecador.<br/>Tenho lido do sangue vertido<br/>Que a todos redime do mal;<br/>Mas metade da glória celeste<br/>Jamais se contou ao mortal!</lines>
    </verse>
    <verse name="c1">
      <lines>
        <tag name="it">Jamais se contou ao mortal,<br/>Jamais se contou ao mortal!<br/>Metade da glória celeste<br/>Jamais se contou ao mortal!</tag>
      </lines>
    </verse>
  </lyrics>
</song>
