<?xml version='1.0' encoding='utf-8'?>
<song xmlns="http://openlyrics.info/namespace/2009/song" version="0.8" createdIn="OpenLP 2.0.3" modifiedIn="OpenLP 2.0.3" modifiedDate="2013-09-21T14:48:56">
  <properties>
    <titles>
      <title>HNC 178 - A Excelência do Amor</title>
    </titles>
    <authors>
      <author>Hinário Novo Cântico</author>
    </authors>
    <songbooks>
      <songbook name="Hinário Novo Cântico" entry="178"/>
    </songbooks>
  </properties>
  <lyrics>
    <verse name="v1">
      <lines>Qual o adorno desta vida?<br/>É o amor, é o amor.<br/>Alegria é concedida<br/>Pelo amor, pelo amor.<br/>É benigno, é paciente,<br/>Não se torna maldizente<br/>Não se torna maldizente,<br/>Nem se ufana este amor.</lines>
    </verse>
    <verse name="v2">
      <lines>Com suspeitas não se alcança<br/>Vero amor, vero amor!<br/>Onde houver desconfiança,<br/>Ai do amor, ai do amor!<br/>Pois mostremos lealdade,<br/>Combatendo a falsidade,<br/>Combatendo a falsidade<br/>Que destrói este amor.</lines>
    </verse>
    <verse name="v3">
      <lines>Não te irrites, mas tolera<br/>Com amor, com amor!<br/>Tudo sofre, tudo espera<br/>Pelo amor, pelo amor.<br/>O caminho excelente<br/>Ao segui-lo vence o crente,<br/>Ao segui-lo vence o crente<br/>Numa vida de amor!</lines>
    </verse>
    <verse name="v4">
      <lines>Ó cristão, ao teu vizinho<br/>Mostra amor, mostra amor!<br/>O valor não é mesquinho<br/>Deste amor, deste amor.<br/>O supremo Deus nos ama;<br/>Cristo para o céu nos chama,<br/>Cristo para o céu nos chama,<br/>Onde reina este amor.</lines>
    </verse>
  </lyrics>
</song>
