<?xml version='1.0' encoding='utf-8'?>
<song xmlns="http://openlyrics.info/namespace/2009/song" version="0.8" createdIn="OpenLP 2.0.3" modifiedIn="OpenLP 2.0.3" modifiedDate="2013-09-21T14:48:49">
  <properties>
    <titles>
      <title>HNC 014 - Louvor</title>
    </titles>
    <verseOrder>v1 c1 v2 c1 v3 c1</verseOrder>
    <authors>
      <author>Hinário Novo Cântico</author>
    </authors>
    <songbooks>
      <songbook name="Hinário Novo Cântico"/>
    </songbooks>
  </properties>
  <format>
    <tags application="OpenLP">
      <tag name="it">
        <open>&lt;em&gt;</open>
        <close>&lt;/em&gt;</close>
      </tag>
    </tags>
  </format>
  <lyrics>
    <verse name="v1">
      <lines>Vamos nós louvar a Deus,<br/>Vamos! Vamos!<br/>Ao Senhor de toda luz,<br/>Santo! Santo!<br/>Cantem, louvem lá nos céus<br/>Nosso Deus e Rei Jesus!<br/>Exaltado seja Deus,<br/>Santo! Santo!</lines>
    </verse>
    <verse name="c1">
      <lines>
        <tag name="it">Exaltado seja nosso Deus e Pai!<br/>Exaltado! Para sempre o exaltai!<br/>Cantem, louvem lá nos céus<br/>Nosso Deus e Rei Jesus!<br/>Exaltado seja Deus,<br/>Santo! Santo!</tag>
      </lines>
    </verse>
    <verse name="v2">
      <lines>Nosso Deus, eterno Pai,<br/>Santo! Santo!<br/>Deu-nos bençãos por Jesus,<br/>Vede! Vede!<br/>Ao Senhor glorificai,<br/>Vós, os salvos pela cruz,<br/>Sim, conosco glória dai,<br/>Vinde! Vinde!</lines>
    </verse>
    <verse name="v3">
      <lines>Exaltemos nosso Deus,<br/>Santo! Santo!<br/>Exaltemos com fervor,<br/>Hoje! Hoje!<br/>Tributemos, todos nós,<br/>Hinos santos de louvor,<br/>Sim, louvor em alta voz,<br/>Hoje! Hoje!</lines>
    </verse>
  </lyrics>
</song>
