<?xml version='1.0' encoding='utf-8'?>
<song xmlns="http://openlyrics.info/namespace/2009/song" version="0.8" createdIn="OpenLP 2.0.3" modifiedIn="OpenLP 2.0.3" modifiedDate="2013-09-21T14:48:50">
  <properties>
    <titles>
      <title>HNC 040 - Cântico ao Salvador</title>
    </titles>
    <verseOrder>v1 c1 v2 c1 v3 c1</verseOrder>
    <authors>
      <author>Hinário Novo Cântico</author>
    </authors>
    <songbooks>
      <songbook name="Hinário Novo Cântico" entry="40"/>
    </songbooks>
  </properties>
  <format>
    <tags application="OpenLP">
      <tag name="it">
        <open>&lt;em&gt;</open>
        <close>&lt;/em&gt;</close>
      </tag>
    </tags>
  </format>
  <lyrics>
    <verse name="v1">
      <lines>Cantai a Cristo, o Salvador,<br/>Que tanto nos amou,<br/>E, para nossa Redenção,<br/>Seu sangue derramou!</lines>
    </verse>
    <verse name="v2">
      <lines>Cantai o amor celestial,<br/>Amor do grande Deus,<br/>Divina flama a consumir<br/>Os vis pecados meus!</lines>
    </verse>
    <verse name="v3">
      <lines>De Cristo, o excelso, infindo amor,<br/>Oh!Vinde, publicai!<br/>E dele a grande salvação<br/>A todos proclamai!</lines>
    </verse>
    <verse name="c1">
      <lines>
        <tag name="it">Salvação! Salvação!<br/>Alcançou-nos o Filho de Deus;<br/>Salvação! Salvação!<br/>Aleluia ao Filho de Deus!</tag>
      </lines>
    </verse>
  </lyrics>
</song>
