<?xml version='1.0' encoding='utf-8'?>
<song xmlns="http://openlyrics.info/namespace/2009/song" version="0.8" createdIn="OpenLP 2.0.3" modifiedIn="OpenLP 2.0.3" modifiedDate="2013-09-21T14:48:49">
  <properties>
    <titles>
      <title>HNC 007 - Glória à Trindade</title>
    </titles>
    <authors>
      <author>Hinário Novo Cântico</author>
    </authors>
    <songbooks>
      <songbook name="Hinário Novo Cântico"/>
    </songbooks>
  </properties>
  <lyrics>
    <verse name="v1">
      <lines>A ti, meu Criador,<br/>Dos altos céus Senhor,<br/>Eu quero honrar.<br/>Aceita a adoração<br/>Que a voz e o coração<br/>Te vêm, bondoso Pai,<br/>Aqui prestar.</lines>
    </verse>
    <verse name="v2">
      <lines>A ti, Emanuel,<br/>Por teu amor fiel<br/>Rendo eu louvor.<br/>Do céu trouxeste a luz,<br/>Por mim sofreste a cruz,<br/>Bendito sejas, pois,<br/>Meu Redentor.</lines>
    </verse>
    <verse name="v3">
      <lines>A ti, Consolador,<br/>Divino Preceptor.<br/>Eu louvarei.<br/>Com teu poder sem par,<br/>Ó! Vem me iluminar,<br/>E assim, ao teu fulgor,<br/>Eu brilharei. Amém.</lines>
    </verse>
  </lyrics>
</song>
