<?xml version='1.0' encoding='utf-8'?>
<song xmlns="http://openlyrics.info/namespace/2009/song" version="0.8" createdIn="OpenLP 2.0.3" modifiedIn="OpenLP 2.0.3" modifiedDate="2013-09-21T14:49:04">
  <properties>
    <titles>
      <title>HNC 400(A) - Ofertório</title>
    </titles>
    <authors>
      <author>Hinário Novo Cântico</author>
    </authors>
    <songbooks>
      <songbook name="Hinário Novo Cântico" entry="400-A"/>
    </songbooks>
  </properties>
  <lyrics>
    <verse name="v1">
      <lines>Tudo vem de ti Senhor<br/>E do que é teu, te damos. Amém.</lines>
    </verse>
  </lyrics>
</song>
