<?xml version='1.0' encoding='utf-8'?>
<song xmlns="http://openlyrics.info/namespace/2009/song" version="0.8" createdIn="OpenLP 2.0.3" modifiedIn="OpenLP 2.0.3" modifiedDate="2013-09-21T14:49:02">
  <properties>
    <titles>
      <title>HNC 332 - Batismo Infantil</title>
    </titles>
    <authors>
      <author>Hinário Novo Cântico</author>
    </authors>
    <songbooks>
      <songbook name="Hinário Novo Cântico" entry="332"/>
    </songbooks>
  </properties>
  <lyrics>
    <verse name="v1">
      <lines>Nossos filhos te pertencem,<br/>Ó eterno Deus de amor!<br/>São herdeiros da aliança<br/>Que proclama teu amor,<br/>E os trouxemos hoje aqui<br/>Para os dedicar a ti.</lines>
    </verse>
    <verse name="v2">
      <lines>Desde os dias mais remotos,<br/>Desde os tempos de Abraão,<br/>Do antigo testamento,<br/>Tempo da circuncisão,<br/>O que nasce nesta fé<br/>Do Senhor ovelha é.</lines>
    </verse>
    <verse name="v3">
      <lines>Ao trazê-los ao batismo,<br/>Eis-nos a testemunhar<br/>Que pertencem à Igreja,<br/>Onde os vimos alistar:<br/>Que pertencem ao Senhor<br/>Seu amigo, Salvador.</lines>
    </verse>
    <verse name="v4">
      <lines>Nesta hora tão solene,<br/>Quando a água batismal<br/>Se derrama nos infantes<br/>Com valor sacramental,<br/>Te pedimos, grande Deus,<br/>Abençoa-os lá dos céus. Amém.</lines>
    </verse>
  </lyrics>
</song>
