<?xml version='1.0' encoding='utf-8'?>
<song xmlns="http://openlyrics.info/namespace/2009/song" version="0.8" createdIn="OpenLP 2.0.3" modifiedIn="OpenLP 2.0.3" modifiedDate="2013-09-21T14:48:59">
  <properties>
    <titles>
      <title>HNC 267 - Precioso Sangue</title>
    </titles>
    <authors>
      <author>Hinário Novo Cântico</author>
    </authors>
    <songbooks>
      <songbook name="Hinário Novo Cântico" entry="267"/>
    </songbooks>
  </properties>
  <lyrics>
    <verse name="v1">
      <lines>Oh! Que precioso sangue<br/>O Senhor verteu,<br/>Quando, para resgatar-nos,<br/>Padeceu!</lines>
    </verse>
    <verse name="v2">
      <lines>Oh! Que precioso sangue,<br/>Sangue de Jesus,<br/>Que por nós foi derramado<br/>Sobre a cruz!</lines>
    </verse>
    <verse name="v3">
      <lines>Oh! Que precioso sangue!<br/>Nele temos paz.<br/>Tudo quanto a lei exige,<br/>Satisfaz!</lines>
    </verse>
    <verse name="v4">
      <lines>Oh! Que precioso sangue,<br/>Sangue remidor!<br/>Nele Cristo manifesta<br/>Seu amor!</lines>
    </verse>
  </lyrics>
</song>
