<?xml version='1.0' encoding='utf-8'?>
<song xmlns="http://openlyrics.info/namespace/2009/song" version="0.8" createdIn="OpenLP 2.0.3" modifiedIn="OpenLP 2.0.3" modifiedDate="2013-09-21T14:48:56">
  <properties>
    <titles>
      <title>HNC 192 - No Céu com Jesus</title>
    </titles>
    <authors>
      <author>Hinário Novo Cântico</author>
    </authors>
    <songbooks>
      <songbook name="Hinário Novo Cântico" entry="192"/>
    </songbooks>
  </properties>
  <lyrics>
    <verse name="v1">
      <lines>Junto ao trono de Deus, preparado,<br/>Há cristão um lugar para ti;<br/>Há alegria perene ao seu lado,<br/>Há profusas delícias ali;<br/>Sim ali, sim, ali,<br/>De seus anjos fiéis rodeado,<br/>Numa esfera de glória e de luz,<br/>Junto ao Pai nos espera Jesus!</lines>
    </verse>
    <verse name="v2">
      <lines>Os encantos da terra não podem<br/>Dar idéia do gozo dali!<br/>Se na terra os prazeres acodem,<br/>Tais prazeres se findam aqui.<br/>Mas li, mas ali<br/>As venturas eternas concorrem<br/>Com o brilho perpétuo da luz,<br/>A tornar-te feliz com Jesus.</lines>
    </verse>
    <verse name="v3">
      <lines>Conservemos em nossa lembrança<br/>As riquezas do lindo país,<br/>E guardemos conosco a esperança<br/>Duma vida melhor, mais feliz!<br/>Pois ali, pois ali<br/>O cristão, pela fé, sempre alcança<br/>As riquezas do Reino de luz,<br/>Prometidas por Cristo Jesus.</lines>
    </verse>
    <verse name="v4">
      <lines>Quem quiser desfrutar da ventura<br/>Que no belo País haverá,<br/>É somente pedir de alma pura,<br/>Que de graça Jesus lhe dará.<br/>Pois dali, pois dali,<br/>Todo cheio de amor, de ternura,<br/>Desse amor que mostrou lá na cruz,<br/>Nos atende, nos ouve Jesus.</lines>
    </verse>
  </lyrics>
</song>
