<?xml version='1.0' encoding='utf-8'?>
<song xmlns="http://openlyrics.info/namespace/2009/song" version="0.8" createdIn="OpenLP 2.0.3" modifiedIn="OpenLP 2.0.3" modifiedDate="2013-09-21T14:48:55">
  <properties>
    <titles>
      <title>HNC 165 - Cuidado Divino</title>
    </titles>
    <verseOrder>v1 c1 v2 c1 v3 c1 v4 c1</verseOrder>
    <authors>
      <author>Hinário Novo Cântico</author>
    </authors>
    <songbooks>
      <songbook name="Hinário Novo Cântico" entry="165"/>
    </songbooks>
  </properties>
  <format>
    <tags application="OpenLP">
      <tag name="it">
        <open>&lt;em&gt;</open>
        <close>&lt;/em&gt;</close>
      </tag>
    </tags>
  </format>
  <lyrics>
    <verse name="v1">
      <lines>Não desanimes! Deus proverá!<br/>Deus velará por ti!<br/>Com suas asas te cobrirá,<br/>Deus velará por ti.</lines>
    </verse>
    <verse name="v2">
      <lines>Se no teu peito vibrar a dor,<br/>Deus velará por ti.<br/>Tu já provaste seu grande amor,<br/>Deus velará por ti.</lines>
    </verse>
    <verse name="v3">
      <lines>Nos desalentos, nas provações,<br/>Deus velará por ti.<br/>Nas desventuras, nas tentações,<br/>Deus velará por ti.</lines>
    </verse>
    <verse name="v4">
      <lines>Como estiveres, não temas, vem!<br/>Deus velará por ti.<br/>Teu Pai bondoso te espera além,<br/>Deus velará por ti.</lines>
    </verse>
    <verse name="c1">
      <lines>
        <tag name="it">Deus cuidará de ti,<br/>Na tua dor,<br/>Com todo amor,<br/>Jamais te deixará!<br/>Deus cuidará de ti!</tag>
      </lines>
    </verse>
  </lyrics>
</song>
