<?xml version='1.0' encoding='utf-8'?>
<song xmlns="http://openlyrics.info/namespace/2009/song" version="0.8" createdIn="OpenLP 2.0.3" modifiedIn="OpenLP 2.0.3" modifiedDate="2013-09-21T14:48:59">
  <properties>
    <titles>
      <title>HNC 249 - Na Manjedoura</title>
    </titles>
    <authors>
      <author>Hinário Novo Cântico</author>
    </authors>
    <songbooks>
      <songbook name="Hinário Novo Cântico" entry="249"/>
    </songbooks>
  </properties>
  <lyrics>
    <verse name="v1">
      <lines>Num berço de palhas dormia Jesus,<br/>O meigo Menino que ali veio à luz.<br/>Num rude presépio, de noite, em Belém,<br/>Enquanto as estrelas brilhavam além.</lines>
    </verse>
    <verse name="v2">
      <lines>O gado inquieto, se põe a mugir,<br/>Mas Ele não teme e desperta a sorrir!<br/>Eu Te amo, Jesus! Vem meu sono velar,<br/>Até quando o sol no horizonte raiar.</lines>
    </verse>
    <verse name="v3">
      <lines>Tu foste criança, nasceste em Belém!<br/>Por isso às crianças atendes também.<br/>Desejo ter sempre ao meu lado, Senhor,<br/>A tua presença tão cheia de amor.<br/>Amém.</lines>
    </verse>
  </lyrics>
</song>
