<?xml version='1.0' encoding='utf-8'?>
<song xmlns="http://openlyrics.info/namespace/2009/song" version="0.8" createdIn="OpenLP 2.0.3" modifiedIn="OpenLP 2.0.3" modifiedDate="2013-09-21T14:49:00">
  <properties>
    <titles>
      <title>HNC 281 - Jesus Triunfante</title>
    </titles>
    <authors>
      <author>Hinário Novo Cântico</author>
    </authors>
    <songbooks>
      <songbook name="Hinário Novo Cântico" entry="281"/>
    </songbooks>
  </properties>
  <lyrics>
    <verse name="v1">
      <lines>Aleluia! Triunfante,<br/>Para o céu Jesus subiu.<br/>As prisões quebrou da morte,<br/>Pecadores redimiu.<br/>Com poder em majestade,<br/>Vive e reina lá no céu;<br/>Mas um dia, triunfante,<br/>Voltará ao povo seu!</lines>
    </verse>
    <verse name="v2">
      <lines>Aleluia! O Cristo amado<br/>Sobre a morte triunfou!<br/>E por nós, quebrando os laços,<br/>A vitória conquistou!<br/>Seu triunfo é nossa glória,<br/>Seu sofrer é nossa paz.<br/>Salvação o Cristo amado<br/>Com poder e graça traz.</lines>
    </verse>
    <verse name="v3">
      <lines>Aleluia! Ressurreto,<br/>Fiador por nós se fez!<br/>Conseguiu, por sua morte,<br/>Redimir-nos de uma vez.<br/>Ei-lo agora, junto ao trono,<br/>Pelos Seus a interceder.<br/>Aleluia! Ressurreto,<br/>Cristo reina com poder!</lines>
    </verse>
  </lyrics>
</song>
