<?xml version='1.0' encoding='utf-8'?>
<song xmlns="http://openlyrics.info/namespace/2009/song" version="0.8" createdIn="OpenLP 2.0.3" modifiedIn="OpenLP 2.0.3" modifiedDate="2013-09-21T14:48:57">
  <properties>
    <titles>
      <title>HNC 198 - Salvação Graciosa</title>
    </titles>
    <verseOrder>v1 c1 v2 c1 v3 c1 v4 c1</verseOrder>
    <authors>
      <author>Hinário Novo Cântico</author>
    </authors>
    <songbooks>
      <songbook name="Hinário Novo Cântico" entry="198"/>
    </songbooks>
  </properties>
  <format>
    <tags application="OpenLP">
      <tag name="it">
        <open>&lt;em&gt;</open>
        <close>&lt;/em&gt;</close>
      </tag>
    </tags>
  </format>
  <lyrics>
    <verse name="v1">
      <lines>Eis mensagem do Senhor, Aleluia!<br/>Palavras do bom Deus de amor!<br/>Cristo salva o pecador, Aleluia!<br/>Salva até por meio de um olhar!</lines>
    </verse>
    <verse name="v2">
      <lines>Vossa dívida pagou, Aleluia!<br/>Jesus a satisfez na cruz.<br/>Sua vida ele entregou, Aleluia!<br/>Para vos apresentar a Deus.</lines>
    </verse>
    <verse name="v3">
      <lines>Esta oferta Cristo faz, Aleluia!<br/>Eterna vida lá nos céus.<br/>Redenção aqui vos traz, Aleluia!<br/>Convertei-vos já ao Salvador!</lines>
    </verse>
    <verse name="v4">
      <lines>Aceita a salvação, Aleluia!<br/>Segui os passos do Senhor!<br/>Anunciai o seu perdão, Aleluia!<br/>Proclamai a grande Redenção!</lines>
    </verse>
    <verse name="c1">
      <lines>
        <tag name="it">Oh! Olhai, com fé, olhai!<br/>Sim, olhai só a Jesus!<br/>Ele salva o pecador, Aleluia!<br/>Sim, salva a quem confiante olhar!</tag>
      </lines>
    </verse>
  </lyrics>
</song>
