<?xml version='1.0' encoding='utf-8'?>
<song xmlns="http://openlyrics.info/namespace/2009/song" version="0.8" createdIn="OpenLP 2.0.3" modifiedIn="OpenLP 2.0.3" modifiedDate="2013-09-21T14:48:51">
  <properties>
    <titles>
      <title>HNC 086 - Espírito do Eterno Deus</title>
    </titles>
    <authors>
      <author>Hinário Novo Cântico</author>
    </authors>
    <songbooks>
      <songbook name="Hinário Novo Cântico" entry="86"/>
    </songbooks>
  </properties>
  <lyrics>
    <verse name="v1">
      <lines>Espírito de Trino Deus,<br/>Opera em nós.<br/>Espírito do Trino Deus,<br/>Opera em nós.<br/>Quebranta-nos, consola-nos,<br/>Transforma-nos, transborda-nos!<br/>Espírito do Trino Deus,<br/>Opera em nós.<br/>Amém.</lines>
    </verse>
  </lyrics>
</song>
