<?xml version='1.0' encoding='utf-8'?>
<song xmlns="http://openlyrics.info/namespace/2009/song" version="0.8" createdIn="OpenLP 2.0.3" modifiedIn="OpenLP 2.0.3" modifiedDate="2013-09-21T14:49:02">
  <properties>
    <titles>
      <title>HNC 326 - Homens Presbiterianos</title>
    </titles>
    <verseOrder>v1 c1 v2 c1 v3 c1</verseOrder>
    <authors>
      <author>Hinário Novo Cântico</author>
    </authors>
    <songbooks>
      <songbook name="Hinário Novo Cântico" entry="326"/>
    </songbooks>
  </properties>
  <format>
    <tags application="OpenLP">
      <tag name="st">
        <open>&lt;strong&gt;</open>
        <close>&lt;/strong&gt;</close>
      </tag>
      <tag name="it">
        <open>&lt;em&gt;</open>
        <close>&lt;/em&gt;</close>
      </tag>
    </tags>
  </format>
  <lyrics>
    <verse name="v1">
      <lines><tag name="st">Fé</tag><br/>Homens presbiterianos do Brasil,<br/>Testemunhas de Jesus, o Salvador!<br/>Levantemo-nos, com fé e mui vigor,<br/>Com mensagem varonil!<br/>O Senhor nos manda a todos proclamar<br/>O valor do sangue que por nós verteu<br/>Lá na cruz onde, bondoso, padeceu<br/>Para a Glória nos legar!</lines>
    </verse>
    <verse name="v2">
      <lines><tag name="st">Oração</tag><br/>Homens presbiterianos do Brasil,<br/>Na oração teremos perenal poder!<br/>E faremos sempre a Bíblia resplandecer<br/>Nesta Pátria senhoril!<br/>Com Jesus, o nosso grande e bom país<br/>Viverá em paz e, olhando o seu porvir,<br/>Terá bênção copiosa a espargir,<br/>E o Brasil será feliz!</lines>
    </verse>
    <verse name="v3">
      <lines><tag name="st">Trabalho</tag><br/>Homens presbiterianos do Brasil,<br/>Que integramos vasta Confederação,<br/>Com valor e piedosa vocação<br/>Trabalhemos, um por mil,<br/>Na grandiosa obra de Jesus, Senhor,<br/>Poderosa, forte, bela e triunfal,<br/>Arvorando, com amor, pendão real,<br/>Exaltando Seu labor!</lines>
    </verse>
    <verse name="c1">
      <lines>
        <tag name="it">Sim, lutemos por Cristo Jesus,<br/>Apontando aos descrentes ateus<br/>O caminho repleto de luz,<br/>Ó varões santos, filhos de Deus.</tag>
      </lines>
    </verse>
  </lyrics>
</song>
