<?xml version='1.0' encoding='utf-8'?>
<song xmlns="http://openlyrics.info/namespace/2009/song" version="0.8" createdIn="OpenLP 2.0.3" modifiedIn="OpenLP 2.0.3" modifiedDate="2013-12-24T14:07:02">
  <properties>
    <titles>
      <title>HNC 353 - Ao Fim dos Estudos</title>
    </titles>
    <authors>
      <author>Hinário Novo Cântico</author>
    </authors>
    <songbooks>
      <songbook name="Hinário Novo Cântico" entry="353"/>
    </songbooks>
  </properties>
  <format>
    <tags application="OpenLP">
      <tag name="it">
        <open>&lt;em&gt;</open>
        <close>&lt;/em&gt;</close>
      </tag>
    </tags>
  </format>
  <lyrics>
    <verse name="v1">
      <lines>Findo o tempo dos estudos,<br/>Eis-nos, grande Instruidor!<br/>Levantamos nossas vozes,<br/>Tributamos-te louvor.<br/><tag name="it">E pedimos, e pedimos<br/>Bênçãos de celeste amor.</tag></lines>
    </verse>
    <verse name="v2">
      <lines>Oh! Concede o crescimento<br/>Na ciência e no vigor!<br/>Imprimindo na memória<br/>Teus preceitos, ó Senhor.<br/><tag name="it">Este ensino, este ensino<br/>É de mui real valor.</tag></lines>
    </verse>
    <verse name="v3">
      <lines>Ó Senhor, em nossos lares<br/>Manifesta o teu poder.<br/>E que o teu divino Livro<br/>Mais possamos conhecer!<br/><tag name="it">Desejamos, desejamos<br/>Sempre em tua luz viver. Amém.</tag></lines>
    </verse>
  </lyrics>
</song>
