<?xml version='1.0' encoding='utf-8'?>
<song xmlns="http://openlyrics.info/namespace/2009/song" version="0.8" createdIn="OpenLP 2.0.3" modifiedIn="OpenLP 2.0.3" modifiedDate="2013-12-24T18:48:59">
  <properties>
    <titles>
      <title>HNC 391 - Mocidade Fiel</title>
    </titles>
    <verseOrder>v1 c1 v2 c1 v3 c1</verseOrder>
    <authors>
      <author>Hinário Novo Cântico</author>
    </authors>
    <songbooks>
      <songbook name="Hinário Novo Cântico" entry="391"/>
    </songbooks>
  </properties>
  <format>
    <tags application="OpenLP">
      <tag name="it">
        <open>&lt;em&gt;</open>
        <close>&lt;/em&gt;</close>
      </tag>
    </tags>
  </format>
  <lyrics>
    <verse name="v1">
      <lines>Mocidade fiel, redimida,<br/>Mocidade que Cristo salvou,<br/>Inflamada de amor, vossa vida<br/>Consagrai a quem vos libertou! (bis)</lines>
    </verse>
    <verse name="v2">
      <lines>Aos que vivem na sombra da morte,<br/>Na miséria, doença e aflição,<br/>Proclamai bem vibrante, bem forte,<br/>Proclamai em Jesus salvação! (bis)</lines>
    </verse>
    <verse name="v3">
      <lines>Eis a luta! Marchando altaneira,<br/>Tendo o peito escudado na fé,<br/>Por Jesus, pela sua bandeira,<br/>Mocidade valente, de pé! (bis)</lines>
    </verse>
    <verse name="c1">
      <lines>
        <tag name="it">Mocidade! Mocidade!<br/>Escutai o convite do Rei!<br/>Ele é a Vida, o Caminho,<br/>A Verdade! Mocidade!<br/>Mocidade valente, atendei!</tag>
      </lines>
    </verse>
  </lyrics>
</song>
