<?xml version='1.0' encoding='utf-8'?>
<song xmlns="http://openlyrics.info/namespace/2009/song" version="0.8" createdIn="OpenLP 2.0.3" modifiedIn="OpenLP 2.0.3" modifiedDate="2013-09-21T14:48:55">
  <properties>
    <titles>
      <title>HNC 174 - Poderoso Salvador</title>
    </titles>
    <authors>
      <author>Hinário Novo Cântico</author>
    </authors>
    <songbooks>
      <songbook name="Hinário Novo Cântico" entry="174"/>
    </songbooks>
  </properties>
  <lyrics>
    <verse name="v1">
      <lines>Confio em ti, meu Senhor,<br/>Contigo seguro eu estou.<br/>Os ímpios vieste buscar!<br/>Tu és poderoso, Tu és poderoso<br/>E podes salvar!</lines>
    </verse>
    <verse name="v2">
      <lines>Oh! Livra minha alma, Senhor,<br/>Das malhas do vil tentador!<br/>Seus laços vêm despedaçar!<br/>Tu és poderoso, Tu és poderoso<br/>E podes livrar!</lines>
    </verse>
    <verse name="v3">
      <lines>No mundo sofreste, ó Jesus,<br/>Por mim padeceste na cruz!<br/>Teu sangue me pode lavar!<br/>Tu é poderoso, Tu és poderoso<br/>E podes guardar! Amém.</lines>
    </verse>
  </lyrics>
</song>
