<?xml version='1.0' encoding='utf-8'?>
<song xmlns="http://openlyrics.info/namespace/2009/song" version="0.8" createdIn="OpenLP 2.0.3" modifiedIn="OpenLP 2.0.3" modifiedDate="2013-09-21T14:49:01">
  <properties>
    <titles>
      <title>HNC 308 - Escuridão e Luz</title>
    </titles>
    <verseOrder>v1 c1 v2 c1 v3 c1 v4 c1 v5 c1</verseOrder>
    <authors>
      <author>Hinário Novo Cântico</author>
    </authors>
    <songbooks>
      <songbook name="Hinário Novo Cântico" entry="308"/>
    </songbooks>
  </properties>
  <format>
    <tags application="OpenLP">
      <tag name="it">
        <open>&lt;em&gt;</open>
        <close>&lt;/em&gt;</close>
      </tag>
    </tags>
  </format>
  <lyrics>
    <verse name="v1">
      <lines>Nas tormentas desta vida,<br/>Perto está a perdição.<br/>Aos incautos navegantes,<br/>Quem trará a salvação?</lines>
    </verse>
    <verse name="v2">
      <lines>Brilha sempre, em graça imensa,<br/>Rico amor do eterno Deus.<br/>Cumpre a nós mostrar o rumo<br/>Do caminho para os céus.</lines>
    </verse>
    <verse name="v3">
      <lines>Nuvens de paixão mundana<br/>Não os deixam ver o sol.<br/>Oh! Mostremos o perigo<br/>Com as luzes do farol.</lines>
    </verse>
    <verse name="v4">
      <lines>Aos errantes, insensatos,<br/>Guia ao porto divinal!<br/>Em Jesus há vero abrigo<br/>Do furor do temporal!</lines>
    </verse>
    <verse name="v5">
      <lines>Noite eterna se aproxima,<br/>Tenebrosa em seu horror!<br/>Clama, avisa aos infelizes,<br/>Insta-os para o Salvador!</lines>
    </verse>
    <verse name="c1">
      <lines>
        <tag name="it">Resplandeçam nossas luzes<br/>Através do escuro mar,<br/>Pois nas trevas do pecado<br/>Almas podem naufragar!</tag>
      </lines>
    </verse>
  </lyrics>
</song>
