<?xml version='1.0' encoding='utf-8'?>
<song xmlns="http://openlyrics.info/namespace/2009/song" version="0.8" createdIn="OpenLP 2.0.3" modifiedIn="OpenLP 2.0.3" modifiedDate="2013-09-21T14:49:01">
  <properties>
    <titles>
      <title>HNC 297 - A Chamada Final</title>
    </titles>
    <verseOrder>v1 c1 v2 c1 v3 c1</verseOrder>
    <authors>
      <author>Hinário Novo Cântico</author>
    </authors>
    <songbooks>
      <songbook name="Hinário Novo Cântico" entry="297"/>
    </songbooks>
  </properties>
  <format>
    <tags application="OpenLP">
      <tag name="it">
        <open>&lt;em&gt;</open>
        <close>&lt;/em&gt;</close>
      </tag>
    </tags>
  </format>
  <lyrics>
    <verse name="v1">
      <lines>Quando lá do céu descendo<br/>Para os seus Jesus voltar,<br/>E o clarim de deus a todos proclamar<br/>Que chegou o grande dia<br/>Da vitória do meu Rei,<br/>Eu, por sua imensa graça, lá estarei!</lines>
    </verse>
    <verse name="v2">
      <lines>Nesse dia, quando os mortos<br/>Hão de a voz de Cristo ouvir,<br/>E dos seus sepulcros hão de ressurgir,<br/>Os remidos, transformados,<br/>Logo aclamarão seu rei,<br/>E por sua imensa graça lá estarei!</lines>
    </verse>
    <verse name="v3">
      <lines>Pelo mundo rejeitado<br/>Foi Jesus, meu Salvador!<br/>Desprezaram, insultaram meu Senhor!<br/>Mas glorioso vem o dia<br/>Da vitória do meu Rei,<br/>E por sua imensa graça, lá estarei!</lines>
    </verse>
    <verse name="c1">
      <lines>
        <tag name="it">Quando enfim chegar o dia<br/>Da vitória do meu rei,<br/>Quando enfiam chegar o dia,<br/>Pela graça de Jesus eu lá estarei!</tag>
      </lines>
    </verse>
  </lyrics>
</song>
