<?xml version='1.0' encoding='utf-8'?>
<song xmlns="http://openlyrics.info/namespace/2009/song" version="0.8" createdIn="OpenLP 2.0.3" modifiedIn="OpenLP 2.0.3" modifiedDate="2013-09-21T14:49:01">
  <properties>
    <titles>
      <title>HNC 317 - Chamada</title>
    </titles>
    <verseOrder>v1 o1 v2 o2</verseOrder>
    <authors>
      <author>Hinário Novo Cântico</author>
    </authors>
    <songbooks>
      <songbook name="Hinário Novo Cântico" entry="317"/>
    </songbooks>
  </properties>
  <lyrics>
    <verse name="v1">
      <lines>Eia, crentes destemidos,<br/>Da verdade convencidos,<br/>Para a luta apercebidos,<br/>No combate entrai!<br/>Eis que surgem, aleivosos,<br/>Erros grandes, perniciosos,<br/>Nestes tempos perigosos,<br/>Vossa fé mostrai!</lines>
    </verse>
    <verse name="o1">
      <lines>O dever vos chama.<br/>Vosso Deus proclama<br/>A santa Lei do eterno Rei,<br/>Que vosso ardor reclama.<br/>Confessai, pois, resolutos,<br/>Fervorosos, incorruptos,<br/>E com lábios impolutos:<br/>Deus, Verdade e Fé!</lines>
    </verse>
    <verse name="v2">
      <lines>Vós, por Cristo libertados,<br/>Não sejais escravizados!<br/>Os direitos alcançados<br/>Firmes sustentai!<br/>Salvação por homens dada,<br/>Paz fingida, paz comprada,<br/>Lei de Deus falsificada,<br/>Tudo rejeitai!</lines>
    </verse>
    <verse name="o2">
      <lines>Vosso Deus não muda.<br/>O Senhor ajuda<br/>A quem cumprir, sem desistir,<br/>E seus fiéis escuda.<br/>Avançai, pois, exultando,<br/>Sempre em Cristo, confiando,<br/>Vosso testemunho dando:<br/>Deus, Verdade e Fé!</lines>
    </verse>
  </lyrics>
</song>
