<?xml version='1.0' encoding='utf-8'?>
<song xmlns="http://openlyrics.info/namespace/2009/song" version="0.8" createdIn="OpenLP 2.0.3" modifiedIn="OpenLP 2.0.3" modifiedDate="2013-09-21T14:48:50">
  <properties>
    <titles>
      <title>HNC 050 - Sangue Precioso</title>
    </titles>
    <verseOrder>v1 c1 v2 c1 v3 c1</verseOrder>
    <authors>
      <author>Hinário Novo Cântico</author>
    </authors>
    <songbooks>
      <songbook name="Hinário Novo Cântico" entry="50"/>
    </songbooks>
  </properties>
  <format>
    <tags application="OpenLP">
      <tag name="it">
        <open>&lt;em&gt;</open>
        <close>&lt;/em&gt;</close>
      </tag>
    </tags>
  </format>
  <lyrics>
    <verse name="v1">
      <lines>Cantarei a Cristo e seu excelso amor;<br/>Por nós baixou à terra o grande Salvador.</lines>
    </verse>
    <verse name="v2">
      <lines>Cantarei a Cristo! Por nós morreu na cruz.<br/>Aos pobres pecadores quem salva é só Jesus!</lines>
    </verse>
    <verse name="v3">
      <lines>Cantarei a Cristo! Por nós cumpriu a Lei!<br/>Seu manto de Justiça, alegre, vestirei.</lines>
    </verse>
    <verse name="c1">
      <lines>
        <tag name="it">O sangue precioso<br/>De Cristo tem valor:<br/>Das pernas da justiça<br/>Liberta o pecador.</tag>
      </lines>
    </verse>
  </lyrics>
</song>
