<?xml version='1.0' encoding='utf-8'?>
<song xmlns="http://openlyrics.info/namespace/2009/song" version="0.8" createdIn="OpenLP 2.0.3" modifiedIn="OpenLP 2.0.3" modifiedDate="2013-09-21T14:48:50">
  <properties>
    <titles>
      <title>HNC 038 - Louvores sem Fim</title>
    </titles>
    <verseOrder>v1 c1 v2 c1 v3 c1</verseOrder>
    <authors>
      <author>Hinário Novo Cântico</author>
    </authors>
    <songbooks>
      <songbook name="Hinário Novo Cântico" entry="38"/>
    </songbooks>
  </properties>
  <format>
    <tags application="OpenLP">
      <tag name="it">
        <open>&lt;em&gt;</open>
        <close>&lt;/em&gt;</close>
      </tag>
    </tags>
  </format>
  <lyrics>
    <verse name="v1">
      <lines>Mil vezes mil louvores rendamos a Jesus,<br/>Que da mais alta glória desceu até a cruz!<br/>Por sua imensa graça, <br/>Por seu insigne amor,<br/>Por todos seja sempre <br/>Louvado o Salvador.</lines>
    </verse>
    <verse name="c1">
      <lines>
        <tag name="it">Mil vezes, sim, mil vezes, sim,<br/>Louvores ao Senhor<br/>Que nos amou e nos salvou,<br/>Bendito Salvador!</tag>
      </lines>
    </verse>
    <verse name="v2">
      <lines>Eis ao redor do trono do redentor Jesus,<br/>Milhares de milhares em refulgente luz!<br/>Com reverência adoram<br/>O grande Salvador,<br/>E ao bom Cordeiro rendem <br/>A honra e o louvor.</lines>
    </verse>
    <verse name="v3">
      <lines>Oh! Vinde agora, todos, <br/>Também a celebrar<br/>As glórias sempiternas <br/>Do Redentor sem par!<br/>Com vozes de vitória <br/>Seu Nome proclamai!<br/>Mil vezes mil louvores a Cristo tributai!</lines>
    </verse>
  </lyrics>
</song>
