<?xml version='1.0' encoding='utf-8'?>
<song xmlns="http://openlyrics.info/namespace/2009/song" version="0.8" createdIn="OpenLP 2.0.3" modifiedIn="OpenLP 2.0.3" modifiedDate="2013-09-21T14:48:57">
  <properties>
    <titles>
      <title>HNC 201 - Manso e Suave</title>
    </titles>
    <verseOrder>v1 c1 v2 c1 v3 c1 v4 c1</verseOrder>
    <authors>
      <author>Hinário Novo Cântico</author>
    </authors>
    <songbooks>
      <songbook name="Hinário Novo Cântico" entry="201"/>
    </songbooks>
  </properties>
  <format>
    <tags application="OpenLP">
      <tag name="it">
        <open>&lt;em&gt;</open>
        <close>&lt;/em&gt;</close>
      </tag>
    </tags>
  </format>
  <lyrics>
    <verse name="v1">
      <lines>Manso e Suave! Eis Jesus nos chamando;<br/>Chama por ti e por mim,<br/>Eis que ele às portas espera velando:<br/>Vela por ti e por mim!</lines>
    </verse>
    <verse name="v2">
      <lines>Com paciência, ele está esperando<br/>Hoje por ti e por mim.<br/>Oh! Não desprezes a quem, convidando,<br/>Convida a ti e a mim!</lines>
    </verse>
    <verse name="v3">
      <lines>O tempo corre! As horas, passando,<br/>Passam por ti e por mim!<br/>Transes de morte, por fim, vão chegando,<br/>Chegam a ti e a mim!</lines>
    </verse>
    <verse name="v4">
      <lines>Oh! Quanto amor que Jesus nos tem dado:<br/>Dado a ti e a mim!<br/>Eis que foi morto, foi crucificado:<br/>Morto por ti e por mim!</lines>
    </verse>
    <verse name="c1">
      <lines>
        <tag name="it">Vem já! Vem já! Alma cansada vem já!<br/>Manso e suave, Jesus convidando,<br/>Chama: “Ó pecador vem!”</tag>
      </lines>
    </verse>
  </lyrics>
</song>
