<?xml version='1.0' encoding='utf-8'?>
<song xmlns="http://openlyrics.info/namespace/2009/song" version="0.8" createdIn="OpenLP 2.0.3" modifiedIn="OpenLP 2.0.3" modifiedDate="2013-09-21T14:48:55">
  <properties>
    <titles>
      <title>HNC 164 - Nome Precioso</title>
    </titles>
    <verseOrder>v1 c1 v2 c1 v3 c1</verseOrder>
    <authors>
      <author>Hinário Novo Cântico</author>
    </authors>
    <songbooks>
      <songbook name="Hinário Novo Cântico" entry="164"/>
    </songbooks>
  </properties>
  <format>
    <tags application="OpenLP">
      <tag name="it">
        <open>&lt;em&gt;</open>
        <close>&lt;/em&gt;</close>
      </tag>
    </tags>
  </format>
  <lyrics>
    <verse name="v1">
      <lines>Santo nome, incomparável,<br/>Te Jesus, o amado teu!<br/>Rei do reis, Senhor eterno,<br/>Deus na terra, Deus nos céus.</lines>
    </verse>
    <verse name="v2">
      <lines>Leva tu contigo o Nome<br/>De Jesus, o Salvador!<br/>Este Nome dá conforto<br/>Hoje, sempre e onde for.</lines>
    </verse>
    <verse name="v3">
      <lines>Este Nome leva sempre<br/>Para bem te defender!<br/>Ele é arma ao teu alcance,<br/>Quando o mal te aparecer.</lines>
    </verse>
    <verse name="c1">
      <lines>
        <tag name="it">Nome bom, doce à fé,<br/>A esperança do porvir.<br/>Nome bom, doce à fé,<br/>A esperança do porvir.</tag>
      </lines>
    </verse>
  </lyrics>
</song>
