<?xml version='1.0' encoding='utf-8'?>
<song xmlns="http://openlyrics.info/namespace/2009/song" version="0.8" createdIn="OpenLP 2.0.3" modifiedIn="OpenLP 2.0.3" modifiedDate="2013-09-21T14:48:59">
  <properties>
    <titles>
      <title>HNC 245 - Homens Sábios e de Bem</title>
    </titles>
    <verseOrder>v1 c1 v2 c1 v3 c1 v4 c1</verseOrder>
    <authors>
      <author>Hinário Novo Cântico</author>
    </authors>
    <songbooks>
      <songbook name="Hinário Novo Cântico" entry="245"/>
    </songbooks>
  </properties>
  <format>
    <tags application="OpenLP">
      <tag name="it">
        <open>&lt;em&gt;</open>
        <close>&lt;/em&gt;</close>
      </tag>
    </tags>
  </format>
  <lyrics>
    <verse name="v1">
      <lines>Vós, homens sábios e de bem,<br/>E vós que estais em dor,<br/>Lembrai-vos todos, afinal:<br/>Nasceu o Salvador,<br/>Trazendo a todos salvação, <br/>A todos paz e amor!</lines>
    </verse>
    <verse name="v2">
      <lines>De Deus o nosso Pai,<br/>Do céu um anjo apareceu,<br/>E boas-novas de louvor<br/>Aos bons pastores deu:<br/>Que lá na vila de Belém <br/>O Cristo lhes nasceu.</lines>
    </verse>
    <verse name="v3">
      <lines>Oh! Não temais,<br/>Pois vim trazer mensagem singular:<br/>Nasceu o vosso Redentor,<br/>Que aos homens quer salvar!<br/>Libertará de todo mal a quem não duvidar.</lines>
    </verse>
    <verse name="v4">
      <lines>Ao nosso Deus e Salvador<br/>Louvores entoai,<br/>Com verdadeira gratidão<br/>As novas proclamai,<br/>E neste dia de Natal ao Salvador louvai!</lines>
    </verse>
    <verse name="c1">
      <lines>
        <tag name="it">Oh! Louvai o bom Deus com fervor;<br/>Com fervor!<br/>Oh! Louvai o bom Deus com fervor!</tag>
      </lines>
    </verse>
  </lyrics>
</song>
