<?xml version='1.0' encoding='utf-8'?>
<song xmlns="http://openlyrics.info/namespace/2009/song" version="0.8" createdIn="OpenLP 2.0.3" modifiedIn="OpenLP 2.0.3" modifiedDate="2013-09-21T14:49:00">
  <properties>
    <titles>
      <title>HNC 279 - O Dia Triunfal Raiou</title>
    </titles>
    <authors>
      <author>Hinário Novo Cântico</author>
    </authors>
    <songbooks>
      <songbook name="Hinário Novo Cântico" entry="279"/>
    </songbooks>
  </properties>
  <lyrics>
    <verse name="v1">
      <lines>O dia triunfal raiou,<br/>Trazendo o sol de alegre luz;<br/>Pois ressurgiu e nos livrou<br/>Da morte o nosso Rei Jesus.<br/>Aleluia!</lines>
    </verse>
    <verse name="v2">
      <lines>Rejubilando sem cessar,<br/>Com aleluias de louvor em coro<br/>Vamos proclamar:<br/>“Ressuscitou o Salvador!”<br/>Aleluia!</lines>
    </verse>
    <verse name="v3">
      <lines>Com alegria e com louvor<br/>A Páscoa vamos celebrar,<br/>Pois Cristo, o grande Vencedor,<br/>De Deus o amor nos vem mostrar!<br/>Aleluia!</lines>
    </verse>
  </lyrics>
</song>
