<?xml version='1.0' encoding='utf-8'?>
<song xmlns="http://openlyrics.info/namespace/2009/song" version="0.8" createdIn="OpenLP 2.0.3" modifiedIn="OpenLP 2.0.3" modifiedDate="2013-12-24T17:34:07">
  <properties>
    <titles>
      <title>HNC 370 - Proclamação</title>
    </titles>
    <authors>
      <author>Hinário Novo Cântico</author>
    </authors>
    <songbooks>
      <songbook name="Hinário Novo Cântico" entry="370"/>
    </songbooks>
  </properties>
  <lyrics>
    <verse name="v1">
      <lines>A Lei de Deus aos homens vamos dar.<br/>A cada povo, a todo coração<br/>Pregai a Cristo, seu divino amor,<br/>Verdade eterna, paz e retidão.</lines>
    </verse>
    <verse name="v2">
      <lines>Queremos tua Lei, Senhor, levar<br/>Aos que sem ti estão a perecer!<br/>Teu Livro eterno o tempo atravessou<br/>E o mundo inteiro hoje o pode ler!</lines>
    </verse>
    <verse name="v3">
      <lines>Na voz de muitos mensageiros teus,<br/>No Livro impresso em muitas edições,<br/>A divinal Palavra faz-se ouvir<br/>Aos frios, desolados corações!</lines>
    </verse>
    <verse name="v4">
      <lines>O mundo a voz de Deus escutará<br/>Se, com esforço e com dedicação,<br/>Nos empenharmos todos no ideal<br/>De anunciar a Luz da salvação!</lines>
    </verse>
  </lyrics>
</song>
