<?xml version='1.0' encoding='utf-8'?>
<song xmlns="http://openlyrics.info/namespace/2009/song" version="0.8" createdIn="OpenLP 2.0.3" modifiedIn="OpenLP 2.0.3" modifiedDate="2013-09-21T14:48:59">
  <properties>
    <titles>
      <title>HNC 251 - O Pão da Vida</title>
    </titles>
    <authors>
      <author>Hinário Novo Cântico</author>
    </authors>
    <songbooks>
      <songbook name="Hinário Novo Cântico" entry="251"/>
    </songbooks>
  </properties>
  <lyrics>
    <verse name="v1">
      <lines>Ó Cristo, Pão da Vida,<br/>Descido lá do céu,<br/>O pão de nossas almas<br/>Que o Pai de amor nos deu!<br/>Em Ti nos alegramos,<br/>Provando, mesmo aqui,<br/>Do alento e da bondade<br/>Que achamos sempre em Ti.</lines>
    </verse>
    <verse name="v2">
      <lines>Da eterna e santa vida,<br/>Da qual Tu és o Autor,<br/>Sustento e fortaleza<br/>És Tu, também, Senhor!<br/>Sem Ti não nos assistem<br/>Nem forças nem poder;<br/>De Ti, nosso alimento,<br/>Queremos nós viver.</lines>
    </verse>
    <verse name="v3">
      <lines>Ó Cristo, Pão da Vida,<br/>A Ti louvamos nós!<br/>E ao Pai também erguemos<br/>A nossa alegre voz.<br/>Agradecemos sempre<br/>O amor que aqui nos deu<br/>Sustento verdadeiro,<br/>No santo Pão do céu.</lines>
    </verse>
  </lyrics>
</song>
