<?xml version='1.0' encoding='utf-8'?>
<song xmlns="http://openlyrics.info/namespace/2009/song" version="0.8" createdIn="OpenLP 2.0.3" modifiedIn="OpenLP 2.0.3" modifiedDate="2013-09-21T14:48:57">
  <properties>
    <titles>
      <title>HNC 207 - Convite ao Pecador</title>
    </titles>
    <authors>
      <author>Hinário Novo Cântico</author>
    </authors>
    <songbooks>
      <songbook name="Hinário Novo Cântico" entry="207"/>
    </songbooks>
  </properties>
  <lyrics>
    <verse name="v1">
      <lines>Vem a Cristo, mesmo agora,<br/>Vem assim como estás!<br/>Que Dele, sem demora,<br/>O perdão obterás.</lines>
    </verse>
    <verse name="v2">
      <lines>Crê em Cristo, sem detença,<br/>Foi por nós que morreu!<br/>E só por esta crença<br/>Tens entrada no céu.</lines>
    </verse>
    <verse name="v3">
      <lines>Ele almeja receber-te,<br/>Tua vida salvar,<br/>Pois quer consigo ver-te<br/>E contigo habitar.</lines>
    </verse>
  </lyrics>
</song>
