<?xml version='1.0' encoding='utf-8'?>
<song xmlns="http://openlyrics.info/namespace/2009/song" version="0.8" createdIn="OpenLP 2.0.3" modifiedIn="OpenLP 2.0.3" modifiedDate="2013-12-24T18:53:46">
  <properties>
    <titles>
      <title>HNC 394 - Perfeito Amor</title>
    </titles>
    <authors>
      <author>Hinário Novo Cântico</author>
    </authors>
    <songbooks>
      <songbook name="Hinário Novo Cântico" entry="394"/>
    </songbooks>
  </properties>
  <lyrics>
    <verse name="v1">
      <lines>Perfeito amor, além do entendimento,<br/>Com devoção buscamos teu favor.<br/>Faze perfeito, pois, o casamento<br/>Dos filhos teus que se unem pelo amor.</lines>
    </verse>
    <verse name="v2">
      <lines>Dá-lhes, Senhor, a mútua confiança<br/>E a fé constante em Cristo, o Salvador.<br/>As suas almas nutre na esperança<br/>De conservarem o mais puro amor.</lines>
    </verse>
    <verse name="v3">
      <lines>Dá que eles tenham forças e alegria<br/>Nos dissabores, lutas, provações!<br/>Que assim conservem juntos a harmonia,<br/>Perfeitos tendo sempre os corações. Amém.</lines>
    </verse>
  </lyrics>
</song>
