<?xml version='1.0' encoding='utf-8'?>
<song xmlns="http://openlyrics.info/namespace/2009/song" version="0.8" createdIn="OpenLP 2.0.3" modifiedIn="OpenLP 2.0.3" modifiedDate="2013-12-24T17:22:27">
  <properties>
    <titles>
      <title>HNC 361 - Brilhando com Jesus</title>
    </titles>
    <authors>
      <author>Hinário Novo Cântico</author>
    </authors>
    <songbooks>
      <songbook name="Hinário Novo Cântico" entry="361"/>
    </songbooks>
  </properties>
  <lyrics>
    <verse name="v1">
      <lines>Manda-nos luzir o Senhor Jesus,<br/>Como a vela acesa dá de noite a luz!<br/>Quer que nós brilhemos como a luz do céu:<br/>Tu no teu cantinho e eu no meu!</lines>
    </verse>
    <verse name="v2">
      <lines>Cristo sempre a luz para si requer,<br/>Percebendo logo se ela enfraquecer.<br/>Sempre a luz mostremos, que Jesus nos deu:<br/>Tu no teu cantinho e eu no meu!</lines>
    </verse>
    <verse name="v3">
      <lines>Ao redor, então, manda a luz brilhar<br/>Para as densas trevas hoje dissipar.<br/>Com Jesus brilhemos, pois nos escolheu:<br/>Tu no teu cantinho e eu no meu!</lines>
    </verse>
  </lyrics>
</song>
