<?xml version='1.0' encoding='utf-8'?>
<song xmlns="http://openlyrics.info/namespace/2009/song" version="0.8" createdIn="OpenLP 2.0.3" modifiedIn="OpenLP 2.0.3" modifiedDate="2013-09-21T14:48:52">
  <properties>
    <titles>
      <title>HNC 105 - A Certeza do Crente</title>
    </titles>
    <verseOrder>v1 c1 v2 c1 v3 c1 v4 c1</verseOrder>
    <authors>
      <author>Hinário Novo Cântico</author>
    </authors>
    <songbooks>
      <songbook name="Hinário Novo Cântico" entry="105"/>
    </songbooks>
  </properties>
  <format>
    <tags application="OpenLP">
      <tag name="it">
        <open>&lt;em&gt;</open>
        <close>&lt;/em&gt;</close>
      </tag>
    </tags>
  </format>
  <lyrics>
    <verse name="v1">
      <lines>Não sei porque de Deus o amor<br/>A mim se revelou,<br/>Porque Jesus, meu Salvador,<br/>Na cruz me resgatou.</lines>
    </verse>
    <verse name="v2">
      <lines>Não sei o modo como agiu<br/>O Espírito eternal<br/>Que, um dia, a Cristo me atraiu<br/>Em convicção real.</lines>
    </verse>
    <verse name="v3">
      <lines>Não sei o que de mal ou bem<br/>É destinado a mim;<br/>Se maus ou áureos dias vêm,<br/>Até da vida o fim.</lines>
    </verse>
    <verse name="v4">
      <lines>Não sei se ainda longe está,<br/>Ou muito perto vem<br/>A hora em que Jesus virá<br/>Na glória que ele tem.</lines>
    </verse>
    <verse name="c1">
      <lines>
        <tag name="it">Mas eu sei em quem tenho crido<br/>E estou bem certo que é poderoso!<br/>Guardará o meu tesouro<br/>Até ao dia final.</tag>
      </lines>
    </verse>
  </lyrics>
</song>
