<?xml version='1.0' encoding='utf-8'?>
<song xmlns="http://openlyrics.info/namespace/2009/song" version="0.8" createdIn="OpenLP 2.0.3" modifiedIn="OpenLP 2.0.3" modifiedDate="2013-09-21T14:48:58">
  <properties>
    <titles>
      <title>HNC 242 - Os Anjos e o Natal</title>
    </titles>
    <authors>
      <author>Hinário Novo Cântico</author>
    </authors>
    <songbooks>
      <songbook name="Hinário Novo Cântico" entry="242"/>
    </songbooks>
  </properties>
  <lyrics>
    <verse name="v1">
      <lines>Anjos das mansões da glória,<br/>Sobre a terra já voai,<br/>Conhecei do mundo a história,<br/>O Natal hoje anunciai:<br/>Adoremos, adoremos,<br/>Cristo é o nosso grande Rei!</lines>
    </verse>
    <verse name="v2">
      <lines>O rebanho aqui dormita,<br/>Vós, pastores, acordai.<br/>Entre os homens Deus habita,<br/>Sua estrela contemplai!<br/>Adoremos, adoremos,<br/>Cristo é o nosso grande Rei!</lines>
    </verse>
    <verse name="v3">
      <lines>As visões deixai de lado,<br/>Vinde, ó magos, e achareis<br/>Das nações o Desejado,<br/>Sua estrela conheceis!<br/>Adoremos, adoremos,<br/>Cristo é o nosso grande Rei!</lines>
    </verse>
    <verse name="v4">
      <lines>Vós, seus santos que, prostrados,<br/>Esperáveis sem cansar,<br/>Recebei o Cristo Amado,<br/>Que conosco vem morar.<br/>Adoremos, adoremos,<br/>Cristo é o nosso grande Rei!</lines>
    </verse>
  </lyrics>
</song>
