<?xml version='1.0' encoding='utf-8'?>
<song xmlns="http://openlyrics.info/namespace/2009/song" version="0.8" createdIn="OpenLP 2.0.3" modifiedIn="OpenLP 2.0.3" modifiedDate="2013-09-21T14:48:59">
  <properties>
    <titles>
      <title>HNC 262 - Contemplação da Cruz</title>
    </titles>
    <authors>
      <author>Hinário Novo Cântico</author>
    </authors>
    <songbooks>
      <songbook name="Hinário Novo Cântico" entry="262"/>
    </songbooks>
  </properties>
  <lyrics>
    <verse name="v1">
      <lines>Ao contemplar Tua cruz<br/>E o que sofreste ali, Senhor,<br/>Sei que não há, o meu Jesus,<br/>Um bem maior que o Teu amor.</lines>
    </verse>
    <verse name="v2">
      <lines>Quero somente me gloriar<br/>Na Tua cruz, meu Salvador,<br/>Pois quem morreste em meu lugar!<br/>Teu, sempre Teu serei, Senhor.</lines>
    </verse>
    <verse name="v3">
      <lines>De Tua fronte, mãos e pés,<br/>De Teu ferido coração,<br/>Teu sangue em dores tão cruéis<br/>Deste por minha redenção.</lines>
    </verse>
    <verse name="v4">
      <lines>Ao contemplar Tua cruz,<br/>O teu sofrer, o Teu penar,<br/>Quão leve sinto, ó meu Jesus,<br/>A que me deste a carregar.</lines>
    </verse>
    <verse name="v5">
      <lines>Tudo o que eu possa consagrar<br/>Ao Teu serviço, ao Teu louvor,<br/>Em nada poderei pagar<br/>Ao que me dás em Teu amor!<br/>Amém.</lines>
    </verse>
  </lyrics>
</song>
