<?xml version='1.0' encoding='utf-8'?>
<song xmlns="http://openlyrics.info/namespace/2009/song" version="0.8" createdIn="OpenLP 2.0.3" modifiedIn="OpenLP 2.0.3" modifiedDate="2013-09-21T14:48:51">
  <properties>
    <titles>
      <title>HNC 083 - Divino Instruidor</title>
    </titles>
    <authors>
      <author>Hinário Novo Cântico</author>
    </authors>
    <songbooks>
      <songbook name="Hinário Novo Cântico" entry="83"/>
    </songbooks>
  </properties>
  <lyrics>
    <verse name="v1">
      <lines>Ó divinal Instruidor<br/>Que nos mostraste o bom Senhor,<br/>Com tua luz e poder<br/>Reveste sempre o nosso ser.</lines>
    </verse>
    <verse name="v2">
      <lines>Ó inefável Preceptor,<br/>Por tua graça e teu favor<br/>Inflama o nosso coração<br/>Na vera e santa adoração.</lines>
    </verse>
    <verse name="v3">
      <lines>Consolador, Senhor e Deus,<br/>Dom inefável lá dos céus.<br/>Revela ao mundo a tua luz,<br/>A Redenção que vem da cruz. Amém.</lines>
    </verse>
  </lyrics>
</song>
