<?xml version='1.0' encoding='utf-8'?>
<song xmlns="http://openlyrics.info/namespace/2009/song" version="0.8" createdIn="OpenLP 2.0.3" modifiedIn="OpenLP 2.0.3" modifiedDate="2013-09-21T14:49:02">
  <properties>
    <titles>
      <title>HNC 329 - Instalação de Pastor</title>
    </titles>
    <authors>
      <author>Hinário Novo Cântico</author>
    </authors>
    <songbooks>
      <songbook name="Hinário Novo Cântico"/>
    </songbooks>
  </properties>
  <lyrics>
    <verse name="v1">
      <lines>Senhor da Igreja, <br/>Atende a nossa petição!<br/>Que o teu trabalho siga <br/>Com grande animação.<br/>Os campos já branquejam, <br/>Convidam a ceifar,<br/>E os preciosos frutos, <br/>Na Igreja a arrecadar.</lines>
    </verse>
    <verse name="v2">
      <lines>A ti, Senhor, compete<br/>Ceifeiros escolher.<br/>Que tudo realizem<br/>Conforme o teu querer.<br/>Os ânimos prepara,<br/>Inflama os corações<br/>E manda os bons obreiros<br/>Em grandes multidões.</lines>
    </verse>
    <verse name="v3">
      <lines>Se aquele que escolhemos<br/>Mandado por ti,<br/>Seu santo ministério<br/>Conduze sempre aqui.<br/>Confirma o pastorado<br/>Com bênçãos especiais,<br/>E dá-lhe, em ricos frutos,<br/>Divinas credenciais.</lines>
    </verse>
    <verse name="v4">
      <lines>Alenta-lhe a esperança,<br/>Aumenta nele a fé.<br/>Na lida, não permitas<br/>Que lhe vacile o pé,<br/>E cada vez mais forte,<br/>Mais cheio de fervor,<br/>A todos manifeste<br/>A graça do Senhor. Amém.</lines>
    </verse>
  </lyrics>
</song>
