<?xml version='1.0' encoding='utf-8'?>
<song xmlns="http://openlyrics.info/namespace/2009/song" version="0.8" createdIn="OpenLP 2.0.3" modifiedIn="OpenLP 2.0.3" modifiedDate="2013-09-21T14:48:55">
  <properties>
    <titles>
      <title>HNC 159 - Bondoso Amigo</title>
    </titles>
    <authors>
      <author>Hinário Novo Cântico</author>
    </authors>
    <songbooks>
      <songbook name="Hinário Novo Cântico" entry="159"/>
    </songbooks>
  </properties>
  <lyrics>
    <verse name="v1">
      <lines>Quão bondoso Amigo é Cristo,<br/>Revelou-nos seu amor,<br/>E nos diz que lhe entreguemos<br/>Os cuidados, sem temor.<br/>Falta ao coração dorido<br/>Gozo, paz, consolação?<br/>É porque nós não levamos<br/>Tudo a ele, em oração.</lines>
    </verse>
    <verse name="v2">
      <lines>Andas triste e carregado<br/>De pesares e de dor?<br/>A Jesus, eterno abrigo,<br/>Vai, com fé, teu mal expor.<br/>Teus amigos te desprezam?<br/>Conta-lhe isso em oração,<br/>E, por seu amor eterno,<br/>Paz terás no coração.</lines>
    </verse>
    <verse name="v3">
      <lines>Cristo é verdadeiro Amigo!<br/>Disto prova nos mostrou,<br/>Quando, para resgatar-nos,<br/>Ele, humilde, se encarnou.<br/>Derramou precioso sangue<br/>Para nos purificar!<br/>Gozo, em vida e no futuro,<br/>Já podemos alcançar!</lines>
    </verse>
  </lyrics>
</song>
