<?xml version='1.0' encoding='utf-8'?>
<song xmlns="http://openlyrics.info/namespace/2009/song" version="0.8" createdIn="OpenLP 2.0.3" modifiedIn="OpenLP 2.0.3" modifiedDate="2013-09-21T14:48:49">
  <properties>
    <titles>
      <title>HNC 023 - Adoração ao Criador</title>
    </titles>
    <authors>
      <author>Hinário Novo Cântico</author>
    </authors>
    <songbooks>
      <songbook name="Hinário Novo Cântico" entry="23"/>
    </songbooks>
  </properties>
  <lyrics>
    <verse name="v1">
      <lines>Oh! Vinde adorar ao Deus Criador,<br/>Da terra e dos céus eterno Senhor.<br/>Ao Deus que, habitando no reino da luz,<br/>A nós se revela por Cristo Jesus.</lines>
    </verse>
    <verse name="v2">
      <lines>Seu grande poder deveis contemplar<br/>No céu estrelado, no amplo mar.<br/>A gota de orvalho, a mínima flor,<br/>Proclamam, constantes, ser Deus seu Autor.</lines>
    </verse>
    <verse name="v3">
      <lines>Oh! Vide adorar ao Deus Salvador,<br/>Que em Cristo Jesus, nos mostra favor.<br/>Ao Deus que, benigno, com graça e perdão,<br/>Pecados cobrindo nos dá redenção.</lines>
    </verse>
  </lyrics>
</song>
