<?xml version='1.0' encoding='utf-8'?>
<song xmlns="http://openlyrics.info/namespace/2009/song" version="0.8" createdIn="OpenLP 2.0.3" modifiedIn="OpenLP 2.0.3" modifiedDate="2013-09-21T14:49:01">
  <properties>
    <titles>
      <title>HNC 300 - Igreja Militante</title>
    </titles>
    <verseOrder>v1 c1 v2 c1 v3 c1 v4 c2</verseOrder>
    <authors>
      <author>Hinário Novo Cântico</author>
    </authors>
    <songbooks>
      <songbook name="Hinário Novo Cântico" entry="300"/>
    </songbooks>
  </properties>
  <format>
    <tags application="OpenLP">
      <tag name="it">
        <open>&lt;em&gt;</open>
        <close>&lt;/em&gt;</close>
      </tag>
    </tags>
  </format>
  <lyrics>
    <verse name="v1">
      <lines>Para resgatar a Igreja,<br/>Grande preço Cristo deu.<br/>Não foi ouro, nem foi prata:<br/>Foi seu sangue que verteu.</lines>
    </verse>
    <verse name="v2">
      <lines>Pois agora que sou Tua,<br/>Não Te quero mais perder.<br/>E com gratidão servindo,<br/>Quero só por Ti viver.</lines>
    </verse>
    <verse name="v3">
      <lines>Quero receber Teu jugo<br/>E em Teus passos caminhar!<br/>Se por Ti eu sofro tudo,<br/>Vou contigo em paz reinar.</lines>
    </verse>
    <verse name="v4">
      <lines>Eis que estou aqui na terra<br/>Esperando o teu voltar.<br/>Vem buscar a Tua Igreja,<br/>Vem, Senhor, e sem tardar!</lines>
    </verse>
    <verse name="c1">
      <lines>
        <tag name="it">Grande foi o Teu amor<br/>Que na cruz assim mostraste!<br/>Para meus grilhões partires,<br/>Tua vida não poupaste!</tag>
      </lines>
    </verse>
    <verse name="c2">
      <lines>
        <tag name="it">Grande foi o Teu amor<br/>Que na cruz assim mostraste!<br/>Para meus grilhões partires,<br/>Tua vida não poupaste! Amém.</tag>
      </lines>
    </verse>
  </lyrics>
</song>
