<?xml version='1.0' encoding='utf-8'?>
<song xmlns="http://openlyrics.info/namespace/2009/song" version="0.8" createdIn="OpenLP 2.0.3" modifiedIn="OpenLP 2.0.3" modifiedDate="2013-09-21T14:48:59">
  <properties>
    <titles>
      <title>HNC 248 - No Humilde Presépio</title>
    </titles>
    <authors>
      <author>Hinário Novo Cântico</author>
    </authors>
    <songbooks>
      <songbook name="Hinário Novo Cântico" entry="248"/>
    </songbooks>
  </properties>
  <lyrics>
    <verse name="v1">
      <lines>No humilde presépio, sem ter nada seu,<br/>Jesus, pobrezinho, sem teto nasceu!<br/>Os céus estrelados, fulgentes de luz,<br/>Abrigam o meigo e divino Jesus.</lines>
    </verse>
    <verse name="v2">
      <lines>Desejo a Teu lado viver, meu Senhor;<br/>Amar-te e servir-te, Jesus Salvador.<br/>Aos teus pequeninos pedimos guardar<br/>Até que possamos contigo morar.<br/>Amém.</lines>
    </verse>
  </lyrics>
</song>
