<?xml version='1.0' encoding='utf-8'?>
<song xmlns="http://openlyrics.info/namespace/2009/song" version="0.8" createdIn="OpenLP 2.0.3" modifiedIn="OpenLP 2.0.3" modifiedDate="2013-09-21T14:49:03">
  <properties>
    <titles>
      <title>HNC 368 - Despedida</title>
    </titles>
    <verseOrder>v1 c1 v2 c1 v3 c1</verseOrder>
    <authors>
      <author>Hinário Novo Cântico</author>
    </authors>
    <songbooks>
      <songbook name="Hinário Novo Cântico" entry="368"/>
    </songbooks>
  </properties>
  <format>
    <tags application="OpenLP">
      <tag name="it">
        <open>&lt;em&gt;</open>
        <close>&lt;/em&gt;</close>
      </tag>
    </tags>
  </format>
  <lyrics>
    <verse name="v1">
      <lines>Deus vos guarde pelo seu poder,<br/>Permaneça ao vosso lado,<br/>Vos dispense o seu cuidado,<br/>Deus vos guarde pelo seu poder!</lines>
    </verse>
    <verse name="v2">
      <lines>Deus vos guarde para o seu louvor,<br/>Consolados e contentes,<br/>Achegados sempre aos crentes,<br/>Deus vos guarde para o seu louvor!</lines>
    </verse>
    <verse name="v3">
      <lines>Deus vos guarde bem no seu amor.<br/>No trabalho glorioso,<br/>Para o dia venturoso,<br/>Deus vos guarde bem no seu amor!</lines>
    </verse>
    <verse name="c1">
      <lines>
        <tag name="it">Pelo seu poder e no seu amor,<br/>Estaremos todos com Jesus!<br/>Pelo seu poder e no seu amor,<br/>Oh! Que Deus vos guarde em sua luz!</tag>
      </lines>
    </verse>
  </lyrics>
</song>
