<?xml version='1.0' encoding='utf-8'?>
<song xmlns="http://openlyrics.info/namespace/2009/song" version="0.8" createdIn="OpenLP 2.0.3" modifiedIn="OpenLP 2.0.3" modifiedDate="2013-09-21T14:48:54">
  <properties>
    <titles>
      <title>HNC 136 - Rocha Eterna</title>
    </titles>
    <authors>
      <author>Hinário Novo Cântico</author>
    </authors>
    <songbooks>
      <songbook name="Hinário Novo Cântico" entry="136"/>
    </songbooks>
  </properties>
  <lyrics>
    <verse name="v1">
      <lines>Rocha eterna, meu Jesus,<br/>Quero em ti me refugiar!<br/>O teu sangue lá na cruz,<br/>Derramado em meu lugar,<br/>Traz as bênçãos do perdão:<br/>Gozo, paz e salvação.</lines>
    </verse>
    <verse name="v2">
      <lines>Não por obras nem penar,<br/>Plena paz terei aqui<br/>Só Tu podes consolar,<br/>Há perdão somente em ti.<br/>Rocha eterna, só na cruz<br/>Eu confio, ó meu Jesus!</lines>
    </verse>
    <verse name="v3">
      <lines>Quando o derradeiro olhar<br/>A este mundo aqui volver,<br/>E no Trono eu te encontrar,<br/>Teu chamado a responder;<br/>Rocha eterna, espero ali<br/>Abrigar-me, salvo, em ti! Amém.</lines>
    </verse>
  </lyrics>
</song>
