<?xml version='1.0' encoding='utf-8'?>
<song xmlns="http://openlyrics.info/namespace/2009/song" version="0.8" createdIn="OpenLP 2.0.3" modifiedIn="OpenLP 2.0.3" modifiedDate="2013-09-21T14:48:49">
  <properties>
    <titles>
      <title>HNC 036 - Exaltação</title>
    </titles>
    <verseOrder>v1 c1 v2 c1</verseOrder>
    <authors>
      <author>Hinário Novo Cântico</author>
    </authors>
    <songbooks>
      <songbook name="Hinário Novo Cântico" entry="36"/>
    </songbooks>
  </properties>
  <format>
    <tags application="OpenLP">
      <tag name="it">
        <open>&lt;em&gt;</open>
        <close>&lt;/em&gt;</close>
      </tag>
    </tags>
  </format>
  <lyrics>
    <verse name="v1">
      <lines>De toda terra e das nações,<br/>Louvor a Cristo entoai!<br/>Em alta voz, dos corações,<br/>O Nome de Jesus cantai</lines>
    </verse>
    <verse name="v2">
      <lines>Em toda língua bendizei<br/>A Deus, Autor da Criação!<br/>Em toda terra engrandecei<br/>Jesus que trouxe a redenção!</lines>
    </verse>
    <verse name="c1">
      <lines>
        <tag name="it">O dom supremo, divinal,<br/>Justiça eterna e santo amor,<br/>De litoral em litoral<br/>Serão cantados ao Senhor</tag>
      </lines>
    </verse>
  </lyrics>
</song>
