<?xml version='1.0' encoding='utf-8'?>
<song xmlns="http://openlyrics.info/namespace/2009/song" version="0.8" createdIn="OpenLP 2.0.3" modifiedIn="OpenLP 2.0.3" modifiedDate="2013-12-24T17:31:46">
  <properties>
    <titles>
      <title>HNC 369 - A Bíblia para Todos</title>
    </titles>
    <verseOrder>v1 c1 v2 c1 v3 c1</verseOrder>
    <authors>
      <author>Hinário Novo Cântico</author>
    </authors>
    <songbooks>
      <songbook name="Hinário Novo Cântico" entry="369"/>
    </songbooks>
  </properties>
  <format>
    <tags application="OpenLP">
      <tag name="it">
        <open>&lt;em&gt;</open>
        <close>&lt;/em&gt;</close>
      </tag>
    </tags>
  </format>
  <lyrics>
    <verse name="v1">
      <lines>Eis a Bíblia, a Palavra<br/>Que de Deus provém!<br/>Quem com ela vive e lavra,<br/>Vive para o bem!</lines>
    </verse>
    <verse name="v2">
      <lines>Dessa Bíblia, a semente<br/>Ide semear<br/>Anunciando a toda gente<br/>Que Deus quer salvar!</lines>
    </verse>
    <verse name="v3">
      <lines>Mocidade, homens, velhos,<br/>Ponde-vos de pé<br/>E as lições dos Evangelhos<br/>Propagai com fé!</lines>
    </verse>
    <verse name="c1">
      <lines>
        <tag name="it">Anunciai a Bíblia aos povos,<br/>Ela é vida e luz!<br/>Seus ensinos, sempre novos,<br/>Falam de Jesus!</tag>
      </lines>
    </verse>
  </lyrics>
</song>
