<?xml version='1.0' encoding='utf-8'?>
<song xmlns="http://openlyrics.info/namespace/2009/song" version="0.8" createdIn="OpenLP 2.0.3" modifiedIn="OpenLP 2.0.3" modifiedDate="2013-09-21T14:48:57">
  <properties>
    <titles>
      <title>HNC 206 - Convite de Jesus</title>
    </titles>
    <authors>
      <author>Hinário Novo Cântico</author>
    </authors>
    <songbooks>
      <songbook name="Hinário Novo Cântico" entry="206"/>
    </songbooks>
  </properties>
  <lyrics>
    <verse name="v1">
      <lines>Triste estás, cansado, aflito,<br/>Sem vigor, sem luz?<br/>“Vem a mim!” Eis o convite de Jesus!</lines>
    </verse>
    <verse name="v2">
      <lines>“Quais as marcas que me apontam<br/>Seu real perdão?”<br/>Nos seus pés, nas mãos, no lado se acharão!</lines>
    </verse>
    <verse name="v3">
      <lines>“Traz coroa de monarca?<br/>Vestes de esplendor?”<br/>Tem coroa, sim, de espinhos, sangue e dor.</lines>
    </verse>
    <verse name="v4">
      <lines>“Quando o vir e então segui-lo,<br/>Recompensará?”<br/>Lutas, prantos e trabalhos te dará.</lines>
    </verse>
    <verse name="v5">
      <lines>“Se lhe peço que me aceite,<br/>Pode recusar?”<br/>Não! Jamais a infinda graça vai falhar!</lines>
    </verse>
    <verse name="v6">
      <lines>“Se constante o obedeço,<br/>Galardão terei?”<br/>Sim, terás, e boas-vindas do teu Rei!</lines>
    </verse>
    <verse name="v7">
      <lines>“Se confio na Palavra,<br/>Salvará, por fim?”<br/>Anjos, santos e o universo bradam: “Sim.”</lines>
    </verse>
  </lyrics>
</song>
