<?xml version='1.0' encoding='utf-8'?>
<song xmlns="http://openlyrics.info/namespace/2009/song" version="0.8" createdIn="OpenLP 2.0.3" modifiedIn="OpenLP 2.0.3" modifiedDate="2013-09-21T14:49:03">
  <properties>
    <titles>
      <title>HNC 362 - Brilhando por Jesus</title>
    </titles>
    <verseOrder>v1 c1 v2 c1 v3 c1 v4 c1</verseOrder>
    <authors>
      <author>Hinário Novo Cântico</author>
    </authors>
    <songbooks>
      <songbook name="Hinário Novo Cântico" entry="362"/>
    </songbooks>
  </properties>
  <format>
    <tags application="OpenLP">
      <tag name="it">
        <open>&lt;em&gt;</open>
        <close>&lt;/em&gt;</close>
      </tag>
    </tags>
  </format>
  <lyrics>
    <verse name="v1">
      <lines>Vejo no céu, esplendente,<br/>Do sol a clara luz!<br/>Quero viver tão-somente<br/>Brilhando por Jesus.</lines>
    </verse>
    <verse name="v2">
      <lines>Quero na vida exaltá-lo<br/>Na escola e no estudar.<br/>Quero também imitá-lo<br/>Em casa e no brincar</lines>
    </verse>
    <verse name="v3">
      <lines>Amável com toda gente,<br/>Assim me quer Jesus!<br/>De rosto alegre e contente<br/>Brilhando como a luz.</lines>
    </verse>
    <verse name="v4">
      <lines>O feio e triste pecado<br/>Ajuda-me a vencer!<br/>Tendo Jesus ao meu lado,<br/>Eu quero aqui viver.</lines>
    </verse>
    <verse name="c1">
      <lines>
        <tag name="it">Brilhando, brilhando,<br/>Brilhando qual doce luz!<br/>Brilhando, brilhando,<br/>Brilhando por meu Jesus!</tag>
      </lines>
    </verse>
  </lyrics>
</song>
