<?xml version='1.0' encoding='utf-8'?>
<song xmlns="http://openlyrics.info/namespace/2009/song" version="0.8" createdIn="OpenLP 2.0.3" modifiedIn="OpenLP 2.0.3" modifiedDate="2013-09-21T14:48:57">
  <properties>
    <titles>
      <title>HNC 212 - Apelo</title>
    </titles>
    <authors>
      <author>Hinário Novo Cântico</author>
    </authors>
    <songbooks>
      <songbook name="Hinário Novo Cântico" entry="212"/>
    </songbooks>
  </properties>
  <lyrics>
    <verse name="v1">
      <lines>Alma, escuta o bom Senhor,<br/>A Jesus, o Salvador.<br/>Ele diz com terno amor:<br/>“Tu me amas, pecador?”<br/>Das prisões te soltarei,<br/>As feridas curarei!<br/>Vim do céu por teu amor:<br/>“Tu me amas, pecador?”</lines>
    </verse>
    <verse name="v2">
      <lines>“Minha glória tu verás,<br/>Minha graça gozarás”<br/>Vida eterna te darei,<br/>Não te desampararei!”<br/>Ajudar-me vem, Senhor,<br/>A entregar-te o meu amor!<br/>Faze, ó bom Jesus, que assim<br/>Sejas Tu quem viva em mim. Amém.</lines>
    </verse>
  </lyrics>
</song>
