<?xml version='1.0' encoding='utf-8'?>
<song xmlns="http://openlyrics.info/namespace/2009/song" version="0.8" createdIn="OpenLP 2.0.3" modifiedIn="OpenLP 2.0.3" modifiedDate="2013-09-21T14:49:02">
  <properties>
    <titles>
      <title>HNC 346 - A Ceia do Senhor</title>
    </titles>
    <authors>
      <author>Hinário Novo Cântico</author>
    </authors>
    <songbooks>
      <songbook name="Hinário Novo Cântico" entry="346"/>
    </songbooks>
  </properties>
  <lyrics>
    <verse name="v1">
      <lines>Não nas mãos, mas em minha alma,<br/>Tomo o corpo de Jesus,<br/>E, em figura, bebo o sangue<br/>Derramo sobre a cruz.</lines>
    </verse>
    <verse name="v2">
      <lines>Do Senhor, o excelso Mestre,<br/>Comemoro o grande amor,<br/>Proclamo a Sua morte<br/>Pelo pobre pecador.</lines>
    </verse>
    <verse name="v3">
      <lines>Vem Jesus, Senhor bondoso,<br/>Meu espírito instruir,<br/>Para que, nos dois emblemas,<br/>Eu te possa discernir.</lines>
    </verse>
    <verse name="v4">
      <lines>E permite que hoje tenha,<br/>No fruir da salvação<br/>Com os crentes e Contigo<br/>Verdadeira comunhão. Amém.</lines>
    </verse>
  </lyrics>
</song>
