<?xml version='1.0' encoding='utf-8'?>
<song xmlns="http://openlyrics.info/namespace/2009/song" version="0.8" createdIn="OpenLP 2.0.3" modifiedIn="OpenLP 2.0.3" modifiedDate="2013-09-21T14:48:57">
  <properties>
    <titles>
      <title>HNC 205 - O Amor que Chama</title>
    </titles>
    <verseOrder>v1 c1 v2 c1 v3 c1</verseOrder>
    <authors>
      <author>Hinário Novo Cântico</author>
    </authors>
    <songbooks>
      <songbook name="Hinário Novo Cântico" entry="205"/>
    </songbooks>
  </properties>
  <format>
    <tags application="OpenLP">
      <tag name="it">
        <open>&lt;em&gt;</open>
        <close>&lt;/em&gt;</close>
      </tag>
    </tags>
  </format>
  <lyrics>
    <verse name="v1">
      <lines>Não vos demoreis, Jesus vos chama,<br/>Ele chama com amor.<br/>Não vos demoreis, Jesus vos ama,<br/>Ele acalma a vossa dor.</lines>
    </verse>
    <verse name="v2">
      <lines>Não vos demoreis, perdão alcança<br/>Quem confia no Senhor.<br/>Não vos demoreis, e, sem tardança,<br/>Recebei o Redentor.</lines>
    </verse>
    <verse name="v3">
      <lines>Não vos demoreis, Jesus foi morto<br/>Em lugar do pecador,<br/>Não vos demoreis, real conforto<br/>Quer vos dar o Salvador.</lines>
    </verse>
    <verse name="c1">
      <lines>
        <tag name="it">Não vos demoreis!<br/>Não vos demoreis!<br/>Vinde sem temor!<br/>Quem vos chama é Jesus,<br/>Que morreu por nós na cruz.</tag>
      </lines>
    </verse>
  </lyrics>
</song>
