<?xml version='1.0' encoding='utf-8'?>
<song xmlns="http://openlyrics.info/namespace/2009/song" version="0.8" createdIn="OpenLP 2.0.3" modifiedIn="OpenLP 2.0.3" modifiedDate="2013-09-21T14:49:01">
  <properties>
    <titles>
      <title>HNC 294 - O Senhor Voltará</title>
    </titles>
    <authors>
      <author>Hinário Novo Cântico</author>
    </authors>
    <songbooks>
      <songbook name="Hinário Novo Cântico" entry="294"/>
    </songbooks>
  </properties>
  <lyrics>
    <verse name="v1">
      <lines>Breve o Senhor, em esplendor,<br/>Aqui há de descer.<br/>O mundo inteiro, com temor,<br/>Justiça, então vai ter.</lines>
    </verse>
    <verse name="v2">
      <lines>Eis a verdade a despontar,<br/>Qual planta a reflorir;<br/>Eis a justiça a iluminar<br/>O mundo que há de vir!</lines>
    </verse>
    <verse name="v3">
      <lines>Os povos todos, ó Senhor,<br/>Submissos estarão.<br/>De régio sólio em derredor<br/>Teu nome bendirão.</lines>
    </verse>
    <verse name="v4">
      <lines>Faze o milagre, ó Grande Deus:<br/>Que vença, enfim, o Bem,<br/>Com o poder dos altos céus,<br/>Aqui no mundo. Amém.</lines>
    </verse>
  </lyrics>
</song>
