<?xml version='1.0' encoding='utf-8'?>
<song xmlns="http://openlyrics.info/namespace/2009/song" version="0.8" createdIn="OpenLP 2.0.3" modifiedIn="OpenLP 2.0.3" modifiedDate="2013-09-21T14:48:49">
  <properties>
    <titles>
      <title>HNC 013 - Contemplação</title>
    </titles>
    <authors>
      <author>Hinário Novo Cântico</author>
    </authors>
    <songbooks>
      <songbook name="Hinário Novo Cântico"/>
    </songbooks>
  </properties>
  <lyrics>
    <verse name="v1">
      <lines>Se nos cega o sol ardente<br/>Quando visto em seu fulgor,<br/>Quem contemplará Aquele<br/>Que do sol é Criador?<br/>Patriarcas não puderam<br/>O Seu rosto contemplar,<br/>Nem Adão chegou a vê-lo<br/>Antes mesmo de pecar!</lines>
    </verse>
    <verse name="v2">
      <lines>Luz perante a qual é trevas<br/>Mesmo o sol a fulgurar!<br/>Nossos olhos pecadores<br/>Não te podem contemplar!<br/>Fogo em cima da arca santa,<br/>Sarça ardente do Sinai<br/>São figuras dessa glória<br/>Do Senhor e Eterno Pai.</lines>
    </verse>
    <verse name="v3">
      <lines>Para termos nós com Ele<br/>Franca e doce comunhão,<br/>Cristo, o Filho, fez-se carne,<br/>Fez-se nossa Redenção!<br/>Para que na glória eterna<br/>O vejamos já sem véu,<br/>Cristo padeceu a morte,<br/>O caminho abrindo ao Céu.</lines>
    </verse>
  </lyrics>
</song>
