<?xml version='1.0' encoding='utf-8'?>
<song xmlns="http://openlyrics.info/namespace/2009/song" version="0.8" createdIn="OpenLP 2.0.4" modifiedIn="OpenLP 2.0.4" modifiedDate="2014-05-17T15:27:02">
  <properties>
    <titles>
      <title>HNC 108 - Aflição e Paz</title>
      <title>SOU FELIZ COM JESUS</title>
    </titles>
    <verseOrder>v1 c1 v2 c1 v3 c1 v4 c1</verseOrder>
    <authors>
      <author>Hinário Novo Cântico</author>
    </authors>
    <songbooks>
      <songbook name="Hinário Novo Cântico" entry="108"/>
    </songbooks>
  </properties>
  <format>
    <tags application="OpenLP">
      <tag name="it">
        <open>&lt;em&gt;</open>
        <close>&lt;/em&gt;</close>
      </tag>
    </tags>
  </format>
  <lyrics>
    <verse name="o1">
      <lines>HNC 108 - Aflição e Paz<br/>SOU FELIZ COM JESUS<br/>Philip P. Bliss<br/>Letra: Horatio Gates Spafford<br/>Trad.: William Edwin Entzminger<br/>Adaptação: Aldi de Sousa</lines>
    </verse>
    <verse name="v1">
      <lines>Se paz a mais doce me deres gozar,<br/>Se dor a mais forte sofrer,<br/>Oh! Seja o que for, Tu me fazes saber<br/>Que feliz com Jesus sempre sou!</lines>
    </verse>
    <verse name="v2">
      <lines>Embora me assalte o cruel Satanás,<br/>E ataque com vis tentações;<br/>Oh! Certo eu estou, apesar de aflições,<br/>Que feliz eu serei com Jesus!</lines>
    </verse>
    <verse name="v3">
      <lines>Meu triste pecado, por meu Salvador<br/>Foi pago de um modo cabal!<br/>Valeu-me o Senhor! Oh! Mercê sem igual!<br/>Sou feliz, graças dou a Jesus!</lines>
    </verse>
    <verse name="v4">
      <lines>A vinda eu anseio do meu Salvador,<br/>Em breve virá me levar<br/>Ao céu, onde eu vou para sempre morar<br/>Com remidos na luz do Senhor!</lines>
    </verse>
    <verse name="c1">
      <lines>
        <tag name="it">Sou feliz com Jesus,<br/>Sou feliz com Jesus, meu Senhor!</tag>
      </lines>
    </verse>
  </lyrics>
</song>
