<?xml version='1.0' encoding='utf-8'?>
<song xmlns="http://openlyrics.info/namespace/2009/song" version="0.8" createdIn="OpenLP 2.0.3" modifiedIn="OpenLP 2.0.3" modifiedDate="2013-09-21T14:49:00">
  <properties>
    <titles>
      <title>HNC 285 - A Salvação do Brasil</title>
    </titles>
    <authors>
      <author>Hinário Novo Cântico</author>
    </authors>
    <songbooks>
      <songbook name="Hinário Novo Cântico" entry="285"/>
    </songbooks>
  </properties>
  <lyrics>
    <verse name="v1">
      <lines>Do vasto Mato Grosso<br/>Até ao Ceará,<br/>Por vilas e cidades<br/>Do sul ao Grão Pará,<br/>Deste evangelho santo<br/>Que nos legou Jesus,<br/>Ao povo brasileiro<br/>Levemos nós a luz!</lines>
    </verse>
    <verse name="v2">
      <lines>Do Sul ao Amazonas,<br/>Do Oeste até ao mar,<br/>Já corre a doce nova<br/>Do amor que não tem par.<br/>Já muitos foram salvos<br/>Da morte e perdição;<br/>No sangue do Cordeiro<br/>Acharam salvação!</lines>
    </verse>
    <verse name="v3">
      <lines>Contudo, ainda muitos,<br/>Bem longe de cristãos,<br/>Adoram deuses feitos<br/>Por suas próprias mãos.<br/>De tão fatal pecado,<br/>Da idolatria vil,<br/>Unidos no Evangelho,<br/>Salvemos o Brasil.</lines>
    </verse>
  </lyrics>
</song>
