<?xml version='1.0' encoding='utf-8'?>
<song xmlns="http://openlyrics.info/namespace/2009/song" version="0.8" createdIn="OpenLP 2.0.3" modifiedIn="OpenLP 2.0.3" modifiedDate="2013-09-21T14:48:54">
  <properties>
    <titles>
      <title>HNC 147 - Vencendo Vem Jesus</title>
    </titles>
    <verseOrder>v1 c1 v2 c1 v3 c1</verseOrder>
    <authors>
      <author>Hinário Novo Cântico</author>
    </authors>
    <songbooks>
      <songbook name="Hinário Novo Cântico" entry="147"/>
    </songbooks>
  </properties>
  <format>
    <tags application="OpenLP">
      <tag name="it">
        <open>&lt;em&gt;</open>
        <close>&lt;/em&gt;</close>
      </tag>
    </tags>
  </format>
  <lyrics>
    <verse name="v1">
      <lines>Quando à alma sequiosa<br/>Chega a voz do Salvador,<br/>Eis que logo reconhece<br/>Ser Jesus o seu Senhor!<br/>Mas se o “eu” quer levantar-se<br/>E mostrar algum valor,<br/>Vencendo vem Jesus!</lines>
    </verse>
    <verse name="v2">
      <lines>Neste mundo havemos, crentes,<br/>De ter sempre, algum pesar!<br/>Mesmos lutas, dissabores,<br/>Nossa paz vêm perturbar.<br/>Mas se o mal nos ameaça<br/>De a alegria nos roubar,<br/>Vencendo vem Jesus!</lines>
    </verse>
    <verse name="v3">
      <lines>Da vaidade, fiéis servos<br/>Lutam por fazer-nos seus!<br/>Muitas vezes nos assaltam<br/>Os modernos fariseus.<br/>Mas se alguém procura ver-nos<br/>Sem a graça do bom Deus,<br/>Vencendo vem Jesus!</lines>
    </verse>
    <verse name="c1">
      <lines>
        <tag name="it">Glória, glória, aleluia!<br/>Glória, glória, aleluia!<br/>Glória, glória, aleluia!<br/>Vencendo vem Jesus!</tag>
      </lines>
    </verse>
  </lyrics>
</song>
