<?xml version='1.0' encoding='utf-8'?>
<song xmlns="http://openlyrics.info/namespace/2009/song" version="0.8" createdIn="OpenLP 2.0.3" modifiedIn="OpenLP 2.0.3" modifiedDate="2013-09-21T14:48:55">
  <properties>
    <titles>
      <title>HNC 168 - Jesus Amado</title>
    </titles>
    <authors>
      <author>Hinário Novo Cântico</author>
    </authors>
    <songbooks>
      <songbook name="Hinário Novo Cântico" entry="168"/>
    </songbooks>
  </properties>
  <lyrics>
    <verse name="v1">
      <lines>Quão doce fala ao coração<br/>Do pobre pecador<br/>O Nome que lhe traz perdão:<br/>Jesus, o Redentor!</lines>
    </verse>
    <verse name="v2">
      <lines>Bendito sejas, ó Jesus!<br/>Em ti confiarei.<br/>Por mim morreste sobre a cruz,<br/>Jamais te deixarei!</lines>
    </verse>
    <verse name="v3">
      <lines>Jesus, eu quero em ti pensar,<br/>Pois teu amor me apraz.<br/>E ajoelhando-me a orar,<br/>Eu sinto a tua paz!</lines>
    </verse>
    <verse name="v4">
      <lines>Jesus, meu Rei, meu Salvador,<br/>Teu Nome quero ter<br/>Não só nos meus lábios, com fervor,<br/>Mas sempre no viver! Amém.</lines>
    </verse>
  </lyrics>
</song>
