<?xml version='1.0' encoding='utf-8'?>
<song xmlns="http://openlyrics.info/namespace/2009/song" version="0.8" createdIn="OpenLP 2.0.3" modifiedIn="OpenLP 2.0.3" modifiedDate="2013-09-21T14:48:57">
  <properties>
    <titles>
      <title>HNC 204 - Cristo à Porta</title>
    </titles>
    <verseOrder>v1 c1 v2 c1 v3 c1</verseOrder>
    <authors>
      <author>Hinário Novo Cântico</author>
    </authors>
    <songbooks>
      <songbook name="Hinário Novo Cântico" entry="204"/>
    </songbooks>
  </properties>
  <format>
    <tags application="OpenLP">
      <tag name="it">
        <open>&lt;em&gt;</open>
        <close>&lt;/em&gt;</close>
      </tag>
    </tags>
  </format>
  <lyrics>
    <verse name="v1">
      <lines>À porta estou, ó alma triste,<br/>Ansioso por te consolar;<br/>A minha voz, enfim, ouviste,<br/>Eu vou entrar, eu vou entrar!</lines>
    </verse>
    <verse name="v2">
      <lines>Por ti foi grande o meu castigo,<br/>Sofri na cruz sem murmurar!<br/>Só para teres paz comigo,<br/>Eu vou entrar, eu vou entrar!</lines>
    </verse>
    <verse name="v3">
      <lines>A minha graça poderosa<br/>O teu pecado vem lavar!<br/>Ó alma impura, pesarosa<br/>Eu vou entrar, eu vou entrar!</lines>
    </verse>
    <verse name="c1">
      <lines>
        <tag name="it">À porta, por amor levado,<br/>Procuro já tem mal sanar;<br/>Ó pecador desalentado,<br/>Eu vou entrar, eu vou entrar!</tag>
      </lines>
    </verse>
  </lyrics>
</song>
