<?xml version='1.0' encoding='utf-8'?>
<song xmlns="http://openlyrics.info/namespace/2009/song" version="0.8" createdIn="OpenLP 2.0.3" modifiedIn="OpenLP 2.0.3" modifiedDate="2013-09-21T14:49:01">
  <properties>
    <titles>
      <title>HNC 311 - Avante, ó Crentes</title>
    </titles>
    <authors>
      <author>Hinário Novo Cântico</author>
    </authors>
    <songbooks>
      <songbook name="Hinário Novo Cântico" entry="311"/>
    </songbooks>
  </properties>
  <lyrics>
    <verse name="v1">
      <lines>Avante, avante, ó crentes,<br/>Soldados de Jesus!<br/>Erguei seu estandarte,<br/>Lutai por sua cruz!<br/>E contra os inimigos<br/>Em grandes multidões,<br/>O Excelso Comandante<br/>Dirige os batalhões.</lines>
    </verse>
    <verse name="v2">
      <lines>Avante, avante, ó crentes<br/>Por Cristo pelejai!<br/>Vesti sua armadura,<br/>Em seu poder marchai!<br/>No posto sempre achados,<br/>Velando em oração,<br/>Em meio dos perigos<br/>Seguindo o capitão!</lines>
    </verse>
    <verse name="v3">
      <lines>Avante, avante, ó crentes<br/>A passo triunfal!<br/>Após combate horrendo,<br/>Virá a paz final!<br/>Então, eternamente,<br/>Será o vencedor<br/>No céu glorificado<br/>Com Cristo, o Salvador!</lines>
    </verse>
  </lyrics>
</song>
