<?xml version='1.0' encoding='utf-8'?>
<song xmlns="http://openlyrics.info/namespace/2009/song" version="0.8" createdIn="OpenLP 2.0.3" modifiedIn="OpenLP 2.0.3" modifiedDate="2013-09-21T14:48:53">
  <properties>
    <titles>
      <title>HNC 131 - Vida Santificada</title>
    </titles>
    <authors>
      <author>Hinário Novo Cântico</author>
    </authors>
    <songbooks>
      <songbook name="Hinário Novo Cântico" entry="131"/>
    </songbooks>
  </properties>
  <lyrics>
    <verse name="v1">
      <lines>Para seres santo, tempo hás de tomar;<br/>Com o grande Mestre, seu Livro estudar;<br/>Hás de sempre amá-lo, aos fiéis valer,<br/>E as bênçãos celestes de Deus receber.</lines>
    </verse>
    <verse name="v2">
      <lines>Para seres puro, tempo hás de encontrar;<br/>A sós com teu Mestre mui freqüente estar.<br/>Teu olhar bem fito nele sempre ter,<br/>Teus atos provando seu grande poder.</lines>
    </verse>
    <verse name="v3">
      <lines>Para seres forte, tempo hás de buscar;<br/>Ao Mestre seguindo por onde guiar;<br/>No gozo ou tristeza, sempre obedecer,<br/>Ao seu bom conselho com fé recorrer.</lines>
    </verse>
    <verse name="v4">
      <lines>Para seres útil, tempo hás de guardar!<br/>Ser calmo e paciente, em todo lugar.<br/>Ter a sua graça, e mostrar amor,<br/>Contente e submisso aos pés do Senhor.</lines>
    </verse>
  </lyrics>
</song>
