<?xml version='1.0' encoding='utf-8'?>
<song xmlns="http://openlyrics.info/namespace/2009/song" version="0.8" createdIn="OpenLP 2.0.3" modifiedIn="OpenLP 2.0.3" modifiedDate="2013-09-21T14:48:58">
  <properties>
    <titles>
      <title>HNC 230 - Adoração</title>
    </titles>
    <verseOrder>v1 c1 v2 c1 v3 c1 v4 c1</verseOrder>
    <authors>
      <author>Hinário Novo Cântico</author>
    </authors>
    <songbooks>
      <songbook name="Hinário Novo Cântico" entry="230"/>
    </songbooks>
  </properties>
  <format>
    <tags application="OpenLP">
      <tag name="it">
        <open>&lt;em&gt;</open>
        <close>&lt;/em&gt;</close>
      </tag>
    </tags>
  </format>
  <lyrics>
    <verse name="v1">
      <lines>Oh! Vinde fiéis, triunfantes e alegres,<br/>Sim, vinde a Belém, já movidos de amor!<br/>Nasceu vosso Rei, o Messias prometido,</lines>
    </verse>
    <verse name="v2">
      <lines>Olhai, admirados, a sua humildade,<br/>Os anjos o louvam com grande fervor!<br/>Pois veio conosco habitar, encarnado,</lines>
    </verse>
    <verse name="v3">
      <lines>Por nós, das alturas celestes baixando,<br/>Em forma de servo se fez, por amor!<br/>E em glórias a vida nos dá, sempiterna,</lines>
    </verse>
    <verse name="v4">
      <lines>Nos céus adorai-o, vós anjos, em coro,<br/>E todos na terra lhe rendam louvor!<br/>A Deus honra e glória contentes rendamos,</lines>
    </verse>
    <verse name="c1">
      <lines>
        <tag name="it">Oh! Vinde, adoremos! <br/>Oh! Vinde, adoremos!<br/>Oh! Vinde, adoremos ao nosso Senhor!</tag>
      </lines>
    </verse>
  </lyrics>
</song>
