<?xml version='1.0' encoding='utf-8'?>
<song xmlns="http://openlyrics.info/namespace/2009/song" version="0.8" createdIn="OpenLP 2.0.3" modifiedIn="OpenLP 2.0.3" modifiedDate="2013-09-21T14:48:58">
  <properties>
    <titles>
      <title>HNC 225 - Dedicação Pessoal</title>
    </titles>
    <authors>
      <author>Hinário Novo Cântico</author>
    </authors>
    <songbooks>
      <songbook name="Hinário Novo Cântico" entry="225"/>
    </songbooks>
  </properties>
  <lyrics>
    <verse name="v1">
      <lines>Eis-me, ó Salvador aqui!<br/>Corpo e alma oferto a ti!<br/>Servo inútil, sem valor,<br/>Mas pertenço a meu Senhor! </lines>
    </verse>
    <verse name="v2">
      <lines>Fraco em obra e no pensar;<br/>Mui propenso a tropeçar;<br/>Salvo estou por teu amor<br/>E me voto a ti, Senhor!</lines>
    </verse>
    <verse name="v3">
      <lines>Subjugado em todo o ser,<br/>Me submeto ao teu poder!<br/>Grande o preço do perdão,<br/>Dá-me igual consagração</lines>
    </verse>
    <verse name="v4">
      <lines>Eu, remido pecador,<br/>Me dedico ao Redentor.<br/>Teu é este coração,<br/>Teu em plena sujeição! Amém.</lines>
    </verse>
  </lyrics>
</song>
