<?xml version='1.0' encoding='utf-8'?>
<song xmlns="http://openlyrics.info/namespace/2009/song" version="0.8" createdIn="OpenLP 2.0.3" modifiedIn="OpenLP 2.0.3" modifiedDate="2013-09-21T14:49:03">
  <properties>
    <titles>
      <title>HNC 373 - Ano Novo</title>
    </titles>
    <verseOrder>v1 c1 v2 c1 v3 c1</verseOrder>
    <authors>
      <author>Hinário Novo Cântico</author>
    </authors>
    <songbooks>
      <songbook name="Hinário Novo Cântico" entry="373"/>
    </songbooks>
  </properties>
  <format>
    <tags application="OpenLP">
      <tag name="it">
        <open>&lt;em&gt;</open>
        <close>&lt;/em&gt;</close>
      </tag>
    </tags>
  </format>
  <lyrics>
    <verse name="v1">
      <lines>Rompe a aurora! Vai-se embora<br/>Mais um ano e outro vem!<br/>Não temamos: Prossigamos,<br/>Caminhando em todo o bem.</lines>
    </verse>
    <verse name="v2">
      <lines>Raia o dia! Que alegria!<br/>Novo ano eis a surgir!<br/>Bem guiados e amparados,<br/>Cristo vai nos conduzir.</lines>
    </verse>
    <verse name="v3">
      <lines>Os talentos, nos momentos<br/>Deste ano a começar,<br/>Consagremos e usemos<br/>Para a Deus glorificar.</lines>
    </verse>
    <verse name="c1">
      <lines>
        <tag name="it">Ano findo nunca mais veremos!<br/>Ano Novo hoje recebemos!<br/>Vê, vê o belo dom que Deus nos dá!</tag>
      </lines>
    </verse>
  </lyrics>
</song>
