<?xml version='1.0' encoding='utf-8'?>
<song xmlns="http://openlyrics.info/namespace/2009/song" version="0.8" createdIn="OpenLP 2.0.3" modifiedIn="OpenLP 2.0.3" modifiedDate="2013-09-21T14:48:53">
  <properties>
    <titles>
      <title>HNC 134 - Riquezas do Céu</title>
    </titles>
    <authors>
      <author>Hinário Novo Cântico</author>
    </authors>
    <songbooks>
      <songbook name="Hinário Novo Cântico" entry="134"/>
    </songbooks>
  </properties>
  <lyrics>
    <verse name="v1">
      <lines>Oh! Buscai, não as riquezas<br/>Deste mundo de incertezas!<br/>As do céu não têm tristezas:<br/>Oh! Buscai-as! Sim, buscai!</lines>
    </verse>
    <verse name="v2">
      <lines>Oh! Buscai,não as loucuras<br/>Que só trazem amarguras,<br/>Mas delícias santas, puras:<br/>Oh! Buscai-as! Sim, buscai!</lines>
    </verse>
    <verse name="v3">
      <lines>A Jesus buscai primeiro,<br/>Ao real, fiel Cordeiro,<br/>Ao Amigo verdadeiro:<br/>Oh! Buscai-o! Sim, buscai!</lines>
    </verse>
    <verse name="v4">
      <lines>Sim, buscai o Deus bendito,<br/>Cujo amor é inaudito,<br/>Inefável, infinito:<br/>Oh! Buscai-o! Sim, buscai!</lines>
    </verse>
  </lyrics>
</song>
