<?xml version='1.0' encoding='utf-8'?>
<song xmlns="http://openlyrics.info/namespace/2009/song" version="0.8" createdIn="OpenLP 2.0.3" modifiedIn="OpenLP 2.0.3" modifiedDate="2013-09-21T14:49:01">
  <properties>
    <titles>
      <title>HNC 309 - Proclamação</title>
    </titles>
    <verseOrder>v1 c1 v2 c1 v3 c1</verseOrder>
    <authors>
      <author>Hinário Novo Cântico</author>
    </authors>
    <songbooks>
      <songbook name="Hinário Novo Cântico" entry="309"/>
    </songbooks>
  </properties>
  <format>
    <tags application="OpenLP">
      <tag name="it">
        <open>&lt;em&gt;</open>
        <close>&lt;/em&gt;</close>
      </tag>
    </tags>
  </format>
  <lyrics>
    <verse name="v1">
      <lines>Proclamai que Jesus Cristo é Senhor e Rei,<br/>Proclamai! Proclamai!<br/>Que nos livra da cruel condenação da Lei,<br/>Proclamai! Proclamai!<br/>Contai que lá dos altos céus desceu Jesus,<br/>Por nós sofrendo a morte da nefanda cruz!<br/>Agora, ressurreto, sobre o trono está,<br/>E é Deus de toda a graça, que de graça tudo dá!</lines>
    </verse>
    <verse name="v2">
      <lines>Proclamai que reina em graça Cristo Salvador,<br/>Proclamai! Proclamai!<br/>Que por cetro de seu reino Ele tem o amor,<br/>Proclamai! Proclamai!<br/>Contai aos tristes que a alegria Ele tem.<br/>E é Dele que aos cansados o descanso vem!<br/>Dizei aos pecadores que Ele os quer salvar,<br/>E a todos os cativos que Ele os pode libertar!</lines>
    </verse>
    <verse name="v3">
      <lines>Proclamai que em grande glória Cristo voltará,<br/>Proclamai! Proclamai!<br/>E com todos os remidos Ele reinará,<br/>Proclamai! Proclamai!<br/>Dizei que, sem demora, todos devem crer<br/>E a Cristo agora mesmo o coração render!<br/>Que estejam preparados quando aqui voltar,<br/>A fim de, redimidos, com louvores o aclamar.</lines>
    </verse>
    <verse name="c1">
      <lines>
        <tag name="it">Proclamai que Jesus Cristo é Senhor e Rei,<br/>Proclamai! Proclamai!<br/>Que nos livra da cruel condenação da Lei,<br/>Proclamai! Proclamai!</tag>
      </lines>
    </verse>
  </lyrics>
</song>
