<?xml version='1.0' encoding='utf-8'?>
<song xmlns="http://openlyrics.info/namespace/2009/song" version="0.8" createdIn="OpenLP 2.0.3" modifiedIn="OpenLP 2.0.3" modifiedDate="2013-09-21T14:49:04">
  <properties>
    <titles>
      <title>HNC 400 - Oração por Proteção</title>
    </titles>
    <authors>
      <author>Hinário Novo Cântico</author>
    </authors>
    <songbooks>
      <songbook name="Hinário Novo Cântico" entry="400"/>
    </songbooks>
  </properties>
  <format>
    <tags application="OpenLP">
      <tag name="it">
        <open>&lt;em&gt;</open>
        <close>&lt;/em&gt;</close>
      </tag>
    </tags>
  </format>
  <lyrics>
    <verse name="v1">
      <lines>Grande Deus! Em paz, agora,<br/>Despedimo-nos, Senhor.<br/>Certo de fruir as bençãos<br/>Que provêm do teu amor.<br/><tag name="it">Dá-nos forças, dá-nos forças,<br/>Neste mundo de amargor.</tag></lines>
    </verse>
    <verse name="v2">
      <lines>Graças, graças nós rendemos<br/>Pela sua Redenção.<br/>E teremos, jubilosos,<br/>Tua santa proteção.<br/><tag name="it">Deus eterno, Deus eterno,<br/>Reina em cada coração. <br/>Amém.</tag></lines>
    </verse>
  </lyrics>
</song>
