<?xml version='1.0' encoding='utf-8'?>
<song xmlns="http://openlyrics.info/namespace/2009/song" version="0.8" createdIn="OpenLP 2.0.3" modifiedIn="OpenLP 2.0.3" modifiedDate="2013-09-21T14:48:58">
  <properties>
    <titles>
      <title>HNC 238 - Novas de Amor</title>
    </titles>
    <authors>
      <author>Hinário Novo Cântico</author>
    </authors>
    <songbooks>
      <songbook name="Hinário Novo Cântico" entry="238"/>
    </songbooks>
  </properties>
  <lyrics>
    <verse name="v1">
      <lines>Harmonias pelo ar,<br/>Uma estrela no céu,<br/>Uma prece de mãe,<br/>Um infante a chorar,<br/>São começos da história<br/>Que muito nos diz:<br/>Rude berço em Belém,<br/>Mas de glória sem par.</lines>
    </verse>
    <verse name="v2">
      <lines>Toda gente já ouviu<br/>Dessa nova de amor,<br/>Pois o brilho da estrela<br/>É de luz sem igual...<br/>Há louvores de gozo,<br/>Há promessas de paz.<br/>Pois no berço, em Belém,<br/>Dorme um Rei divinal.</lines>
    </verse>
    <verse name="v3">
      <lines>Nos fulgores da estrela<br/>Há mensagens dos céus<br/>Que nos homens despertam<br/>Imenso prazer;<br/>Cada lar se bendiz<br/>E proclama esse bem,<br/>Anunciando às nações<br/>O divino querer!</lines>
    </verse>
    <verse name="v4">
      <lines>Hoje o mundo já pode<br/>Esse dom repetir,<br/>Com mil graças a Deus<br/>Pelo santo Natal.<br/>Pois no berço, em Belém,<br/>Manjedoura de luz,<br/>Eis o Deus Salvador,<br/>Esse Humano imortal!</lines>
    </verse>
  </lyrics>
</song>
