<?xml version='1.0' encoding='utf-8'?>
<song xmlns="http://openlyrics.info/namespace/2009/song" version="0.8" createdIn="OpenLP 2.0.3" modifiedIn="OpenLP 2.0.3" modifiedDate="2013-09-21T14:48:49">
  <properties>
    <titles>
      <title>HNC 011 - Trindade Santíssima</title>
    </titles>
    <authors>
      <author>Hinário Novo Cântico</author>
    </authors>
    <songbooks>
      <songbook name="Hinário Novo Cântico" entry="11"/>
    </songbooks>
  </properties>
  <lyrics>
    <verse name="v1">
      <lines>Santo! Santo! Santo! Deus Onipotente!<br/>Louvam nossas vozes teu nome com fervor!<br/>Santo! Santo! Santo! Justo e compassivo!<br/>És Deus Triúno, Excelso Criador!</lines>
    </verse>
    <verse name="v2">
      <lines>Santo! Santo! Santo! Nós, os pecadores,<br/>Não podemos ver tua glória sem temor.<br/>Tu somente és Santo! Só Tu és perfeito,<br/>Deus Soberano, imenso em teu amor.</lines>
    </verse>
    <verse name="v3">
      <lines>Santo! Santo! Santo! Todos os remidos,<br/>Juntos com os anjos, proclamam teu louvor!<br/>Antes de formar-se o firmamento e a terra<br/>Eras, e sempre és, e hás de ser, Senhor!</lines>
    </verse>
    <verse name="v4">
      <lines>Santo! Santo! Santo! Deus Onipotente!<br/>Tuas obras louvam teu nome com fervor.<br/>Santo! Santo! Santo! Justo e compassivo!<br/>Deus soberano, Excelso Criador! Amém.</lines>
    </verse>
  </lyrics>
</song>
