<?xml version='1.0' encoding='utf-8'?>
<song xmlns="http://openlyrics.info/namespace/2009/song" version="0.8" createdIn="OpenLP 2.0.3" modifiedIn="OpenLP 2.0.3" modifiedDate="2013-09-21T14:48:59">
  <properties>
    <titles>
      <title>HNC 257 - Hosana ao Grande Rei</title>
    </titles>
    <authors>
      <author>Hinário Novo Cântico</author>
    </authors>
    <songbooks>
      <songbook name="Hinário Novo Cântico" entry="257"/>
    </songbooks>
  </properties>
  <lyrics>
    <verse name="v1">
      <lines>Hosana! Hosana! Hosana!<br/>Hosana ao Filho de Davi!<br/>Hosana ao grande Rei,<br/>Ao Salvador, o Bom Pastor<br/>Que resgatou sua grei!<br/>Dos altos céus, de Deus o Pai,</lines>
    </verse>
    <verse name="o1">
      <lines>Do trono celestial<br/>Desceu Jesus, trazendo luz<br/>A vida eternal.<br/>Hosana ao Filho de Davi!<br/>Hosana nas alturas!</lines>
    </verse>
    <verse name="v2">
      <lines>Hosana! Hosana! Hosana!<br/>Hosana ao Filho de Davi!<br/>Hosana ao Redentor!<br/>Com gratidão, meu coração<br/>Entoa o seu louvor.<br/>Messias, Príncipe da Paz,</lines>
    </verse>
    <verse name="o2">
      <lines>Invicto General,<br/>Meu Deus, meu Rei, serei aqui<br/>Um servo Teu leal.<br/>Hosana ao Filho de Davi,<br/>Hosana nas alturas!</lines>
    </verse>
  </lyrics>
</song>
