<?xml version='1.0' encoding='utf-8'?>
<song xmlns="http://openlyrics.info/namespace/2009/song" version="0.8" createdIn="OpenLP 2.0.3" modifiedIn="OpenLP 2.0.3" modifiedDate="2013-12-24T13:26:27">
  <properties>
    <titles>
      <title>HNC 335 - Júbilo no Céu</title>
    </titles>
    <verseOrder>v1 c1 v2 c1 v3 c1</verseOrder>
    <authors>
      <author>Hinário Novo Cântico</author>
    </authors>
    <songbooks>
      <songbook name="Hinário Novo Cântico" entry="335"/>
    </songbooks>
  </properties>
  <format>
    <tags application="OpenLP">
      <tag name="it">
        <open>&lt;em&gt;</open>
        <close>&lt;/em&gt;</close>
      </tag>
    </tags>
  </format>
  <lyrics>
    <verse name="v1">
      <lines>Oh! Que belos hinos cantam lá no céu,<br/>Pois do mundo o filho mau voltou!<br/>Vede o Pai celeste prestes a abraçar<br/>Esse filho que ele tanto amou!</lines>
    </verse>
    <verse name="v2">
      <lines>Oh! Que belos hinos cantam lá no céu!<br/>É que já se reconciliou<br/>A rebelde alma que, rendida a Deus,<br/>Renascida, para lá voltou!</lines>
    </verse>
    <verse name="v3">
      <lines>Este arrependido vamos festejar,<br/>Como os anjos fazem com fervor.<br/>E anunciemos, com real prazer,<br/>Que se resgatou um pecador.</lines>
    </verse>
    <verse name="c1">
      <lines>
        <tag name="it">Glória! Glória! Os anjos cantam lá!<br/>Glória! Glória! As harpas tocam já!<br/>É o santo coro dando glória a Deus<br/>Por mais um remido entrar nos céus!</tag>
      </lines>
    </verse>
  </lyrics>
</song>
