<?xml version='1.0' encoding='utf-8'?>
<song xmlns="http://openlyrics.info/namespace/2009/song" version="0.8" createdIn="OpenLP 2.0.3" modifiedIn="OpenLP 2.0.3" modifiedDate="2013-12-24T18:51:32">
  <properties>
    <titles>
      <title>HNC 393 - União Vital</title>
    </titles>
    <verseOrder>v1 c1 v2 c1 v3 c1</verseOrder>
    <authors>
      <author>Hinário Novo Cântico</author>
    </authors>
    <songbooks>
      <songbook name="Hinário Novo Cântico" entry="393"/>
    </songbooks>
  </properties>
  <format>
    <tags application="OpenLP">
      <tag name="it">
        <open>&lt;em&gt;</open>
        <close>&lt;/em&gt;</close>
      </tag>
    </tags>
  </format>
  <lyrics>
    <verse name="v1">
      <lines>Duas vidas, Senhor, se unem num só ser;<br/>Duas almas e dois nobres corações.<br/>Pelo amor e afeição querem já viver<br/>Sempre juntos na paz ou nas aflições.</lines>
    </verse>
    <verse name="v2">
      <lines>Mais um lar que se faz cheio de vigor<br/>Do caráter cristão, base principal.<br/>Dá-lhe vida feliz numa união de amor,<br/>O mais forte, o maior laço conjugal.</lines>
    </verse>
    <verse name="v3">
      <lines>Tu criaste, Senhor, para o nosso bem,<br/>A união que adorna esta vida aqui.<br/>De uma união mui feliz quantas bênçãos vêm<br/>À família dos teus filhos, glória a ti! Amém.</lines>
    </verse>
    <verse name="c1">
      <lines>
        <tag name="it">Abençoa, Senhor, esta santa união!<br/>Dando graça e favor, faze-a prosperar<br/>Na alegria, na fé, na consagração;<br/>E este amor verdadeiro vem confirmar.</tag>
      </lines>
    </verse>
  </lyrics>
</song>
