<?xml version='1.0' encoding='utf-8'?>
<song xmlns="http://openlyrics.info/namespace/2009/song" version="0.8" createdIn="OpenLP 2.0.3" modifiedIn="OpenLP 2.0.3" modifiedDate="2013-09-21T14:49:01">
  <properties>
    <titles>
      <title>HNC 306 - Fidelidade na Luta</title>
    </titles>
    <verseOrder>v1 c1 v2 c1 v3 c1</verseOrder>
    <authors>
      <author>Hinário Novo Cântico</author>
    </authors>
    <songbooks>
      <songbook name="Hinário Novo Cântico" entry="306"/>
    </songbooks>
  </properties>
  <format>
    <tags application="OpenLP">
      <tag name="it">
        <open>&lt;em&gt;</open>
        <close>&lt;/em&gt;</close>
      </tag>
    </tags>
  </format>
  <lyrics>
    <verse name="v1">
      <lines>Erguei-vos cristãos! Cristo quer vos de pé!<br/>Na luta do bem, revelai vossa fé!<br/>Cingindo a armadura, hoje a Cristo exultai,<br/>À sombra da cruz, corajosos lutai!</lines>
    </verse>
    <verse name="v2">
      <lines>Jesus vos remiu, afastai o temor.<br/>Confiantes, segui vosso bom Salvador!<br/>Na causa de Cristo fervor demonstrai!<br/>À sombra da cruz, corajosos lutai!</lines>
    </verse>
    <verse name="v3">
      <lines>As hostes do mal deveis hoje enfrentar,<br/>Das suas prisões pecadores livrar.<br/>De Cristo bem alto o pendão levantai!<br/>À sombra da cruz, corajosos lutai!</lines>
    </verse>
    <verse name="c1">
      <lines>
        <tag name="it">Sede fiéis, sede fiéis,<br/>Sede fiéis e por Cristo lutai!</tag>
      </lines>
    </verse>
  </lyrics>
</song>
