<?xml version='1.0' encoding='utf-8'?>
<song xmlns="http://openlyrics.info/namespace/2009/song" version="0.8" createdIn="OpenLP 2.0.3" modifiedIn="OpenLP 2.0.3" modifiedDate="2013-09-21T14:48:49">
  <properties>
    <titles>
      <title>HNC 035 - Adoração e Súplica</title>
    </titles>
    <authors>
      <author>Hinário Novo Cântico</author>
    </authors>
    <songbooks>
      <songbook name="Hinário Novo Cântico" entry="35"/>
    </songbooks>
  </properties>
  <lyrics>
    <verse name="v1">
      <lines>Atende nossas petições,<br/>Ó poderoso Deus!<br/>Concede aos nossos corações<br/>Antegozar os céus.Amém</lines>
    </verse>
    <verse name="v2">
      <lines>À nossa vera adoração<br/>Presente estás,Senhor<br/>Fazendo o nosso coração<br/>Sentir teu grande amor</lines>
    </verse>
    <verse name="v3">
      <lines>Atende nossas petições,<br/>Ó poderoso Deus!<br/>Concede aos nossos corações<br/>Antegozar os céus. Amém</lines>
    </verse>
  </lyrics>
</song>
