<?xml version='1.0' encoding='utf-8'?>
<song xmlns="http://openlyrics.info/namespace/2009/song" version="0.8" createdIn="OpenLP 2.0.3" modifiedIn="OpenLP 2.0.3" modifiedDate="2013-09-21T14:48:58">
  <properties>
    <titles>
      <title>HNC 229 - Boas Novas</title>
    </titles>
    <authors>
      <author>Hinário Novo Cântico</author>
    </authors>
    <songbooks>
      <songbook name="Hinário Novo Cântico" entry="229"/>
    </songbooks>
  </properties>
  <lyrics>
    <verse name="v1">
      <lines>Eu venho a vós, dos altos céus,<br/>Com boas-novas do meu Rei,<br/>Maravilhoso e grande Deus!<br/>Ouvi-me: A história contarei.</lines>
    </verse>
    <verse name="v2">
      <lines>Um pequenino vos nasceu<br/>Da virgem mãe, há tempo atrás.<br/>Com Ele Deus ao mundo deu<br/>Amor e vida, gozo e paz.</lines>
    </verse>
    <verse name="v3">
      <lines>Comigo vem, meu bom Jesus.<br/>Escolhe, como berço Teu,<br/>Meu coração, e em Tua luz<br/>Por certo alcançarei o céu.</lines>
    </verse>
    <verse name="v4">
      <lines>Eterna glória ao nosso Deus,<br/>Que veio em Cristo nos salvar.<br/>Alegres anjos vêm dos céus<br/>Um novo dia anunciar!</lines>
    </verse>
  </lyrics>
</song>
