<?xml version='1.0' encoding='utf-8'?>
<song xmlns="http://openlyrics.info/namespace/2009/song" version="0.8" createdIn="OpenLP 2.0.3" modifiedIn="OpenLP 2.0.3" modifiedDate="2013-09-21T14:48:58">
  <properties>
    <titles>
      <title>HNC 224 - Consagração</title>
    </titles>
    <authors>
      <author>Hinário Novo Cântico</author>
    </authors>
    <songbooks>
      <songbook name="Hinário Novo Cântico" entry="224"/>
    </songbooks>
  </properties>
  <lyrics>
    <verse name="v1">
      <lines>A Ti seja consagrada<br/>Minha vida, ó meu Senhor!<br/>Meus momentos e meus dias<br/>Sejam só em Teu louvor.</lines>
    </verse>
    <verse name="v2">
      <lines>Sempre minhas mãos se movam<br/>Com presteza e com amor!<br/>E meus pés velozes corram<br/>Ao serviço do Senhor.</lines>
    </verse>
    <verse name="v3">
      <lines>Minha voz, Jesus, aceita,<br/>Para o Teu louvor cantar!<br/>Faze que meus lábios possam<br/>A mensagem proclamar.</lines>
    </verse>
    <verse name="v4">
      <lines>Os meus bens quero ofertar-te,<br/>Nada quero Te esconder;<br/>Minha inteligência guia<br/>Sob a luz do Teu saber.</lines>
    </verse>
    <verse name="v5">
      <lines>A vontade minha toma,<br/>Sujeitando-a a Ti, Senhor!<br/>Do meu coração fazendo<br/>O Teu trono, ó Salvador!</lines>
    </verse>
    <verse name="v6">
      <lines>Meu anelo, meu desejo,<br/>Sejam só Teu nome honrar!<br/>Que meu ser completo eu possa,<br/>Ó Jesus, te consagrar! Amém.</lines>
    </verse>
  </lyrics>
</song>
