<?xml version='1.0' encoding='utf-8'?>
<song xmlns="http://openlyrics.info/namespace/2009/song" version="0.8" createdIn="OpenLP 2.0.3" modifiedIn="OpenLP 2.0.3" modifiedDate="2013-09-21T14:48:49">
  <properties>
    <titles>
      <title>HNC 033 - Maravilhas Divinas</title>
    </titles>
    <verseOrder>v1 c1 v2 c1 v3 c1 v4 c1</verseOrder>
    <authors>
      <author>Hinário Novo Cântico</author>
    </authors>
    <songbooks>
      <songbook name="Hinário Novo Cântico" entry="33"/>
    </songbooks>
  </properties>
  <format>
    <tags application="OpenLP">
      <tag name="it">
        <open>&lt;em&gt;</open>
        <close>&lt;/em&gt;</close>
      </tag>
    </tags>
  </format>
  <lyrics>
    <verse name="v1">
      <lines>Ao Deus de amor e de imensa bondade,<br/>Com voz de júbilo, vinde e aclamai!<br/>Com coração transbordante de graças,<br/>Seu grande amor, todos, vinde e louvai!</lines>
    </verse>
    <verse name="v2">
      <lines>Já nossos pais nos contaram a história<br/>De Deus, falando com muito prazer.<br/>Que nas tristezas, nos grandes perigos,<br/>Ele os salvou por Seu grande poder.</lines>
    </verse>
    <verse name="v3">
      <lines>Hoje, também, nós bem alto, cantamos<br/>Que as orações Ele nos atendeu;<br/>Seu forte braço, que é tão compassivo,<br/>Em nosso auxílio Ele sempre estendeu.</lines>
    </verse>
    <verse name="v4">
      <lines>Como até hoje, e daqui para frente,<br/>Ele será nosso eterno poder,<br/>Nosso castelo, bem forte e seguro,<br/>E nossa fonte de excelso prazer.</lines>
    </verse>
    <verse name="c1">
      <lines>
        <tag name="it">No céu, na terra, que maravilhas<br/>Vai operando o poder do Senhor!<br/>Mas Seu amor aos homens perdidos,<br/>Das maravilhas é sempre a maior.</tag>
      </lines>
    </verse>
  </lyrics>
</song>
