<?xml version='1.0' encoding='utf-8'?>
<song xmlns="http://openlyrics.info/namespace/2009/song" version="0.8" createdIn="OpenLP 2.0.3" modifiedIn="OpenLP 2.0.3" modifiedDate="2013-09-21T14:48:51">
  <properties>
    <titles>
      <title>HNC 071 - Perdão</title>
    </titles>
    <authors>
      <author>Hinário Novo Cântico</author>
    </authors>
    <songbooks>
      <songbook name="Hinário Novo Cântico" entry="71"/>
    </songbooks>
  </properties>
  <lyrics>
    <verse name="v1">
      <lines>Sim, sofrimento te causei, ó Deus!<br/>E ao meu exemplo o fraco tropeçou,<br/>E eu não andei nos bons caminhos Teus:<br/>Perdão, Senhor!</lines>
    </verse>
    <verse name="v2">
      <lines>Sim, vão e fútil foi o meu falar,<br/>E amor a meu irmão não demonstrei;<br/>Ao sofredor eu não quis ajudar:<br/>Perdão, Senhor!</lines>
    </verse>
    <verse name="v3">
      <lines>Sim, negligente foi o meu viver,<br/>Sem me dispor a pelejar por Ti,<br/>E firme em Teu trabalho eu não quis ser:<br/>Perdão, Senhor!</lines>
    </verse>
    <verse name="v4">
      <lines>Escuta, ó Deus, a minha oração<br/>E vem livrar-me do pecado vil.<br/>Renova este pobre coração!<br/>Amém, Senhor!</lines>
    </verse>
  </lyrics>
</song>
