<?xml version='1.0' encoding='utf-8'?>
<song xmlns="http://openlyrics.info/namespace/2009/song" version="0.8" createdIn="OpenLP 2.0.3" modifiedIn="OpenLP 2.0.3" modifiedDate="2013-09-21T14:48:56">
  <properties>
    <titles>
      <title>HNC 188 - Clara Luz</title>
    </titles>
    <authors>
      <author>Hinário Novo Cântico</author>
    </authors>
    <songbooks>
      <songbook name="Hinário Novo Cântico" entry="188"/>
    </songbooks>
  </properties>
  <lyrics>
    <verse name="v1">
      <lines>Quanta dor, quanta amargura<br/>Vem meu peito retalhar!<br/>Não importa, se diviso<br/>Clara luz além brilhar!<br/>Nela, cheio de esperança,<br/>Cravo os olhos tristes meus:<br/>Ela é selo e garantia<br/>Do supremo amor de Deus.</lines>
    </verse>
    <verse name="v2">
      <lines>Deus predestinou-me e fala:<br/>“Tens em Cristo a Redenção;<br/>Sou a luz dos pecadores,<br/>Dissipando a escuridão”.<br/>Vamos, vamos, companheiros,<br/>Caminhemos nessa luz,<br/>Que através da escura noite<br/>Resplandece sobre a cruz.</lines>
    </verse>
    <verse name="v3">
      <lines>Eia, avante, a passos largos,<br/>Vamos, vamos sem parar!<br/>Ficará em densas trevas<br/>Quem na luz não caminhar!<br/>Pois nos mostra a bela terra<br/>Donde mana leite e mel;<br/>Essa luz jamais se apaga,<br/>Pois provém do Deus fiel.</lines>
    </verse>
  </lyrics>
</song>
