<?xml version='1.0' encoding='utf-8'?>
<song xmlns="http://openlyrics.info/namespace/2009/song" version="0.8" createdIn="OpenLP 2.0.3" modifiedIn="OpenLP 2.0.3" modifiedDate="2013-09-21T14:48:50">
  <properties>
    <titles>
      <title>HNC 049 - Sempre Vencendo</title>
    </titles>
    <verseOrder>v1 c1 v2 c1 v3 c1</verseOrder>
    <authors>
      <author>Hinário Novo Cântico</author>
    </authors>
    <songbooks>
      <songbook name="Hinário Novo Cântico" entry="49"/>
    </songbooks>
  </properties>
  <format>
    <tags application="OpenLP">
      <tag name="it">
        <open>&lt;em&gt;</open>
        <close>&lt;/em&gt;</close>
      </tag>
    </tags>
  </format>
  <lyrics>
    <verse name="v1">
      <lines>Sempre vencendo, mui vitorioso,<br/>Cristo Jesus, o Senhor !<br/>É Soberano, chefe bendito,<br/>Em tudo ele é vencedor !<br/>Ei-lo supremo, guiando,<br/>Com seu imenso poder !<br/>Todos avante, pois, crentes,<br/>Todos lutar e vencer.</lines>
    </verse>
    <verse name="v2">
      <lines>Sempre vencendo, mui vitorioso,<br/>Cristo Jesus, o Senhor !<br/>Eis suas hostes inumeráveis,<br/>Seu grande império e fulgor;<br/>Em seu governo demonstra<br/>Cuidado e amor sem igual;<br/>Sempre nos ama e protege<br/>Com seu poder eternal.</lines>
    </verse>
    <verse name="v3">
      <lines>Sempre vencendo, mui vitorioso,<br/>Cristo Jesus, o Senhor !<br/>Reis e vassalos, servos e chefes<br/>Querem também seu favor.<br/>Senhor desejo e te imploro<br/>Que me permitas lutar<br/>Sempre ao teu lado, invencível,<br/>Até meus dias findar !</lines>
    </verse>
    <verse name="c1">
      <lines>
        <tag name="it">Não é dos fortes a vitória, <br/>Nem dos correm melhor.<br/>Mas dos fiéis e sinceros<br/>Que seguem junto ao Senhor !</tag>
      </lines>
    </verse>
  </lyrics>
</song>
