<?xml version='1.0' encoding='utf-8'?>
<song xmlns="http://openlyrics.info/namespace/2009/song" version="0.8" createdIn="OpenLP 2.0.3" modifiedIn="OpenLP 2.0.3" modifiedDate="2013-09-21T14:48:56">
  <properties>
    <titles>
      <title>HNC 185 - Glória Vindoura</title>
    </titles>
    <verseOrder>v1 c1 v2 c1 v3 c1</verseOrder>
    <authors>
      <author>Hinário Novo Cântico</author>
    </authors>
    <songbooks>
      <songbook name="Hinário Novo Cântico" entry="185"/>
    </songbooks>
  </properties>
  <format>
    <tags application="OpenLP">
      <tag name="it">
        <open>&lt;em&gt;</open>
        <close>&lt;/em&gt;</close>
      </tag>
    </tags>
  </format>
  <lyrics>
    <verse name="v1">
      <lines>No tempo em que meu trabalho acabar<br/>E enfim de Deus a presença gozar,<br/>E quando a Cristo eu puder contemplar,<br/>Oh! Quanta glória haverá com Jesus!</lines>
    </verse>
    <verse name="v2">
      <lines>No tempo em que Cristo, o meu Redentor,<br/>Tiver de dar-me o seu “vinde!” de amor,<br/>Transposto, enfim, o meu vale de dor,<br/>Oh! Quanta glória haverá com Jesus!</lines>
    </verse>
    <verse name="v3">
      <lines>No tempo em que meus irmãos for rever<br/>Lá nos fulgores do céu – que prazer!<br/>Sim, quando junto a Jesus for viver,<br/>Oh! Quanta glória haverá com Jesus!</lines>
    </verse>
    <verse name="c1">
      <lines>
        <tag name="it">Sim, haverá glória sem par,<br/>Junto a Jesus, glória sem fim!<br/>Oh! Quando a Cristo eu puder contemplar,<br/>Glória,sim, glória haverá com Jesus!</tag>
      </lines>
    </verse>
  </lyrics>
</song>
