<?xml version='1.0' encoding='utf-8'?>
<song xmlns="http://openlyrics.info/namespace/2009/song" version="0.8" createdIn="OpenLP 2.0.3" modifiedIn="OpenLP 2.0.3" modifiedDate="2013-09-21T14:48:57">
  <properties>
    <titles>
      <title>HNC 209 - Encorajamento</title>
    </titles>
    <verseOrder>v1 c1 v2 c1 v3 c1</verseOrder>
    <authors>
      <author>Hinário Novo Cântico</author>
    </authors>
    <songbooks>
      <songbook name="Hinário Novo Cântico" entry="209"/>
    </songbooks>
  </properties>
  <format>
    <tags application="OpenLP">
      <tag name="it">
        <open>&lt;em&gt;</open>
        <close>&lt;/em&gt;</close>
      </tag>
    </tags>
  </format>
  <lyrics>
    <verse name="v1">
      <lines>Medo tens que o adversário vá vencer?<br/>Luz te falta e onde estás não podes ver?<br/>Abre o coração, que Cristo vai entrar,<br/>E o sol em ti raiar.</lines>
    </verse>
    <verse name="v2">
      <lines>Tu não tens ainda fé no Salvador?<br/>Deus não houve tuas preces com favor?<br/>Abre o coração, que Cristo vai entrar,<br/>E o sol em ti raiar.</lines>
    </verse>
    <verse name="v3">
      <lines>Queres ir andando alegre para o céu,<br/>Ignorando todo o negro e denso véu?<br/>Abre o coração, que Cristo vai entrar,<br/>E o sol em ti raiar.</lines>
    </verse>
    <verse name="c1">
      <lines>
        <tag name="it">Deixa a luz do céu entrar,<br/>Deixa o sol em ti nascer<br/>Abre o coração, que Cristo vai entrar,<br/>E o sol em ti nascer.</tag>
      </lines>
    </verse>
  </lyrics>
</song>
