<?xml version='1.0' encoding='utf-8'?>
<song xmlns="http://openlyrics.info/namespace/2009/song" version="0.8" createdIn="OpenLP 2.0.3" modifiedIn="OpenLP 2.0.3" modifiedDate="2013-09-21T14:48:51">
  <properties>
    <titles>
      <title>HNC 081 - Súplica ao Espírito Santo</title>
    </titles>
    <authors>
      <author>Hinário Novo Cântico</author>
    </authors>
    <songbooks>
      <songbook name="Hinário Novo Cântico" entry="81"/>
    </songbooks>
  </properties>
  <lyrics>
    <verse name="v1">
      <lines>Espírito de Deus convém<br/>Ao teu auxílio recorrer;<br/>Manancial de todo bem,<br/>Usufruímos teu poder.<br/>E no teu santo amor andar<br/>É nosso anseio ao te adorar.</lines>
    </verse>
    <verse name="v2">
      <lines>Sem ti o nosso culto é vão<br/>E nulo em tudo nos será;<br/>Sem teu ensino e direção<br/>Nossa alma luzes não terá;<br/>E inutilmente o teu louvor<br/>Entoaremos, ó Senhor.</lines>
    </verse>
    <verse name="v3">
      <lines>Ó grande e santo Instruidor,<br/>Inspira as nossas petições,<br/>Ensina a orar e dá fervor<br/>Aos reverentes corações;<br/>E ao trono eterno junto a Deus<br/>Conduze aqueles que são teus.</lines>
    </verse>
    <verse name="v4">
      <lines>Fonte és, e Autor de todo bem,<br/>Luz e esperança no viver;<br/>Opera em nós o que convém,<br/>Em tudo imprime o teu querer.<br/>Perante o céu será, então,<br/>Perfeita a nossa adoração. Amém.</lines>
    </verse>
  </lyrics>
</song>
