<?xml version='1.0' encoding='utf-8'?>
<song xmlns="http://openlyrics.info/namespace/2009/song" version="0.8" createdIn="OpenLP 2.0.3" modifiedIn="OpenLP 2.0.3" modifiedDate="2013-09-21T14:49:01">
  <properties>
    <titles>
      <title>HNC 321 - Mãos ao Trabalho</title>
    </titles>
    <authors>
      <author>Hinário Novo Cântico</author>
    </authors>
    <songbooks>
      <songbook name="Hinário Novo Cântico" entry="321"/>
    </songbooks>
  </properties>
  <lyrics>
    <verse name="v1">
      <lines>Mãos ao trabalho, jovens!<br/>Vai já passando o alvor.<br/>Eia, enquanto tendes<br/>Vossa vida em flor!<br/>Vamos, enquanto é dia,<br/>Com força trabalhar!<br/>Eia, que em vindo a noite<br/>Não há mais lidar.</lines>
    </verse>
    <verse name="v2">
      <lines>Mãos ao trabalho, homens!<br/>Firmes, enquanto há luz.<br/>Eia, que é tempo agora<br/>De servir Jesus!<br/>Ide o vigor da vida<br/>Todos ao bem votar!<br/>Eia, que em vindo a noite<br/>Não há mais lidar.</lines>
    </verse>
    <verse name="v3">
      <lines>Mãos ao trabalho, todos!<br/>Breve nos chega o fim,<br/>Quando soar um dia<br/>Da morte o clarim!<br/>Vamos, irmãos, à obra!<br/>Por Cristo trabalhar!<br/>Eia, que em vindo a noite<br/>Vamos descansar.</lines>
    </verse>
  </lyrics>
</song>
