<?xml version='1.0' encoding='utf-8'?>
<song xmlns="http://openlyrics.info/namespace/2009/song" version="0.8" createdIn="OpenLP 2.0.3" modifiedIn="OpenLP 2.0.3" modifiedDate="2013-09-21T14:48:55">
  <properties>
    <titles>
      <title>HNC 169 - Grata Confiança</title>
    </titles>
    <authors>
      <author>Hinário Novo Cântico</author>
    </authors>
    <songbooks>
      <songbook name="Hinário Novo Cântico" entry="169"/>
    </songbooks>
  </properties>
  <lyrics>
    <verse name="v1">
      <lines>No poder do Deus bendito,<br/>Vai tudo bem!<br/>Se amor é infinito,<br/>Vai tudo bem!<br/>Esse amor nos foi provado<br/>Em seu filho muito amado<br/>Que por nós foi imolado!<br/>Vi tudo bem!</lines>
    </verse>
    <verse name="v2">
      <lines>Reina Cristo em glória eterna!<br/>Vai tudo bem!<br/>Ressurgiu, e já governa!<br/>Vai tudo bem!<br/>Seu amor é imutável,<br/>Seu poder inabalável,<br/>Seu cuidado é incansável!<br/>Vai tudo bem!</lines>
    </verse>
    <verse name="v3">
      <lines>Na doença ou na tristeza,<br/>Vai tudo bem!<br/>Proclamamos com certeza:<br/>Vai tudo bem!<br/>Pois se Deus é quem nos guia,<br/>Ternamente nos vigia,<br/>Com bondade, noite e dia,<br/>Vai tudo bem!</lines>
    </verse>
    <verse name="v4">
      <lines>Em caminhos escabrosos,<br/>Vai tudo bem!<br/>Ou por mares tormentosos,<br/>Vai tudo bem!<br/>A Jesus tudo obedece,<br/>Ele o mesmo permanece,<br/>Nem um só dos teus esquece,<br/>Vai tudo bem!</lines>
    </verse>
    <verse name="v5">
      <lines>Quer na vida, quer na morte,<br/>Vai tudo bem!<br/>Mui feliz é nossa sorte,<br/>Vai tudo bem!<br/>Pelo sangue resgatados,<br/>E do mundo separados,<br/>Sempre por Jesus guardados,<br/>Vai tudo bem!</lines>
    </verse>
  </lyrics>
</song>
